CSAT Score,cleaned_remarks
5,good
5,shopzilla app coustomer care services good service provided time
1,bad
3,something
5,good
5,good
5,godd job
1,issue not resolved pathetic service
5,excellent
4,good
5,give proper guidance customer
1,please highlight products not returned
1,3000 rupees loss
5,please sale destroy product cheep product price
3,disappointed shopzilla issue not resolved customer care executive polite enough though not able resolve issue appalled utter lack responsibility accountability shopzilla providing tracking services
5,no comments
5,good
5,customer service number plz available
5,good
5,respectful
5,nice good
3,even guarantee period also contact supplier reduce duration resolve issue
5,thanks
5,try deliver product time
5,nice conversation good give rating
5,keep shopzilla
5,happy
1,bad agent
2,ok
5,take action fast thank u
5,good talk
5,way talked quite appropriate nice well shopzilla hire kind executive customer support service bless dear
4,please pack products actually customers ordered otherwise time us shopzilla
5,thanks
5,
5,mr helpful
5,thank much sir solving issue bhai please highlight concern bhai sorry late feedback bhai please call
5,good
5,thankyou
1,selected english language preference goes hindi channel customer service executive understand english properly
5,nice
5,please give chance local shop company using name shopzilla giving worst products sell products like myntra myntra always send products
5,thank valuable time support
5,good night
5,no
5,thank much
1,no
5,please provide customer support regional language like bengali
1,delete shopzilla account
5,next time better
1,poor service support
5,thanks understanding problem helping
5,nk
1,noise watch not restart
1,no response ordervery bad costumer service
1,small product take much time order ariving 2 aug suddanly change 5 aug
1,reten
4,nice
5,good
1,call disconnect not provide information proper
4,issue not resolved yesterday not good thing customer issue not solved quickly shopping shopping app issue solved quickly
5,everything good
1,wrong product received
5,good communication skills
5,thanks
1,worst shopzilla customer service shopzilla cancel order without ack customer also no compensation customer satisfiaction makes us move shopzilla
5,waiting second item today today evening flight please solve today thanks
5,nothing say thanks solving issue
5,shopzilla customer service executive helpful appreciate good future ahead company
5,no
5,thankyou much
5,nyc talkng
5,thanks
1,played around order without taking customers concern plan resolution pick products brain check customers availability also no courtesy atleast reach customer apologize mess created shopzilla due systems failure order placed 8 july 19 july damaged product delivered still awaiting resolution refund
5,excellent
4,nice
5,good
4,bot annoying
5,ok
5,faith coustomar
1,one side nit warning
1,put call hold sometime disconnected without information
5,please solve queries
1,no
5,good need switch job ask contact
4,item delay delivery date
1,10 days order not supply no payment refund
5,best
1,idiotic customer care executives no solution end since april 28 th call disconnected executive end
5,issue paylater bill not submited talk customer suppprt nd issue solve min thnx shopzilla
4,problems concern good understanding solved
3,problem not yet solved
1,ordered sleeper delivered 22nd july like quality refunded last date pick product refund 25th july product get picked till 31st july consoled wait 24 hours 5 days talking costumer care even no one came pickup felt sad seeing return policy shopzilla canceled last night first time happened
1,awful customer support ever
5,good job
5,happy
5,happy costumer support
4,u cal display ur customers support number4 help customers problem no display customers care number
1,delivery product take responsibility items
5,interaction awesome policy bad unblock account pay later
3,reduce time
3,kindly resolve server related issues help real time data
5,good
5,make easy reach executive
5,excellent service
1,poor customer service
4,happy
5,good working
5,make calling accessible easily approachable
5,everything ok
1,peoblem not solve
4,good
5,good
5,good nice bro
5,good support
4,good
5,bist gadnig
5,shopzilla team good team
5,good
1,failure word shopzilla
3,slow lots doubts representative many things grocery get returned refund available said
1,process gap executive
5,make sure correct orders get delivered
5,thanks
3,not happy shopzilla worst experience till date customer representative said phone exchange not done due logistics issue reason not mentioned problem shopzilla end end consumer bear consequences need improve customer service transparency policies
5,may need frequent conversations new startups selling products platform may need track support service related issues
5,refund policy
4,good customer support first hand information provide customer immediately
5,voice connectivity extremely poor lot echo automatic repeat words digital disturbance noises jitters
1,poor
5,executive polite addressed concerns made sure check see everything resolved wasgood service thank
5,outstanding
5,thank understanding problem give solution time
5,helpful agent team managers get agent like
5,issue need contact customer service busy pls app easy comfortable
5,wrong product delivered scared make orders shopzilla
5,well done
5,nice
3,excutive customer support always ready
1,not supportive customer care
5,return policy bad scant shopping shopzilla future
5,helpful
1,tv farzi sab
5,thank
4,good
5,nice
5,no
5,thank
4,return request getting auto canceled three times please avoid refund amount
5,im happy customer service thanks
5,best experience provided shopzilla customer service
5,difficult hear staff either microphone not efficiently working network issue
5,osm call support
5,delivery check products properly not delivered wrong item like defective broken ordered allmost 50 order orders delivered properly others defective using sometime not working properly
5,good job
5,talk shopzilla staff time rude talk time shopzilla staff sweet understanding love nature thanku kind sweet
1,query not solved
5,customer able change registered mobile number even old number lost
1,every time make fool us
5,thank miss resolving issue
5,really nice solved problem nicely thank much
5,sheenesh handling problem well say something
5,good working shopzilla team
4,return request done delivery partner not picked order request return automatically cancelled shopzilla not good thing customer like one please make sure type issues not occur
1,received product still delivery boy shown delivered see communication gap status updated
1,ghatiya log h shopzilla vale
1,trying make fulis peppers
2,creating issues taking complain working complain completely different teams sync level customer dissatisfaction customer however working not goal creates frustration customer slowly loose faith company
4,someone write need call system respond immediately
5,thanks took 4 hrs reach customer care
5,excellent
5,good
1,good
5,good
5,nice
4,items missing bad taste customer need material pls work avoid issues spoiling reputation brand
5,customer support executive kind hearted
5,good help
1,shopzilla costumer support bad not capable resolve concern please improve service fool people ordered products 27 july 2023 4 5 days shopzilla sent message order cancelled shopzilla sales like irritating much uninstalled shopzilla app shift superbuy
5,ok
5,good
3,money deducted order not yet confirmed
5,thanku supporting
1,deliver product time
5,good
5,helpful support thanku shopzilla
3,one item fortune mustered oill missing refund asap
4,sell company defective items
5,customer service good
1,bad service customer relative not problem resolve
1,wen u assign deliver partner return make sure wishmaster agents shud du responsibility not instead saying not capable taking item take return even ur app flaws u shud specify tu agent wat product tu tke frm custo er cmng door seeing product says trolley part hvng two wheeler u shud call customer care wat
5,excellent
5,nice person
5,sellers no return policy sending incorrect products incorrect size poor quality products customers please strict rule sort take action
5,thanks
5,food
5,nice help sir
1,mivi policy not transparent customer
5,good
1,muzammil46
1,bad
5,good
4,return policy refurbished need
5,good woman manjileka
5,great services
5,good service
5,sweet
5,good thanks
5,thank shopzilla thank shopzilla customer support
1,bad service
5,good communication skills
5,good
3,not sastify service answers
5,thanku maim
4,no
5,happy
5,thanks
5,super
1,samal kushwaha
5,good communication
1,try sell authorized products duplicate product seller platform
5,ache krke
5,good
5,good
5,good behavior
1,not good
5,like talk guy humblethankyou much appreciate
5,nice person
5,issue still continue
5,cancel order
5,thankyou
5,nice good cosumer support
5,please not work bad sellers send wrong items fake products
1,treated badly canceled order taking order bad practice towards customer bad usage not taking anything else
5,doubts solved thak sir
4,good best amount not credited account
5,love voice preety please upgrade post manager shopzilla person helpful thanks brother
1,inefficient resolution mechanism
4,thanks team
5,nice
5,osm
5,good person
5,good service
5,good
4,need exchange option clicked reject mistake exchange confirmation
5,issues resolution fast
5,costumers support team good
1,wrost service nobody resolvoed without deliverying product delivery agent updating product delivered absolutely wrong data leakaging without asking pin updated like shows till date unable connect also
5,fraud company shopzilla company
5,tq
5,amazing customers support poor proceedings
5,good communication expect solve asap thank
5,executive good professional resolved query unable address doubt fk services overall good
5,good
1,ordered 27th expected delivery 29th put delivery 30th no call gets undelivereddelivery agent confirms address 31st pick call marks undeliveredon 1st gets undelivered without callon 2nd gets cancelledyour called senior support agent absolutely horrible even ridiculed pronuncing name end rating service not service pathetic agents terrible service experience
5,satisfied conversation miss regarding issue thanks
1,aplog apan system may sudhar laya nahyto bohat jald apna dukan band
1,bad service
5,ok
5,good
4,good experience shopzilla
5,
5,thanks shopzilla
1,mera parcel cancel kar diya
5,happy customer service
5,good mam
5,good
1,give option faster delivery
5,good voice
1,shopzilla fraud h customer ko gumrah h
1,received product one two frustrated please understand frustration not directed personally rather lack attention assistance customer service representatives believe reputable company like prioritize customers work towards resolving issues promptly effectively sincerely hope consider situation utmost urgency help restore faith company commitment customer satisfaction expect timely response email tangible resolution problem thank attention matter
5,recently talk customer support service behaviour employee soo polite mannerful hats man thanks solving problem stay blessed
5,vary good
5,try fix delivery hours uncertain delivery person arrive whole day sometimes arrive busy hours becomes difficut receive order recepient informed approximate delivery time
5,like chat bot
5,plz refund immediately
4,nothing
5,look scarcity clarity coustomer problem solutions take much time please make easy customers make helpful customers thankyou
5,thank sir
1,front end support executives know ask solution
5,mujhe baat kerke achaa lga
5,no
5,good
1,good
4,thank ji
5,nice service
3,shopzilla poor service provider
5,nice customer service
1,disgusting worst not solve problem customer support executive talk unmanned way
5,thank
5,good interaction executive
4,thanku
5,good
5,everything ok
1,product cancelled without information got feed u rehected delivery
5,shopping made easythanks shopzilla
1,order show delivery 2 days made full payment advance show delivery 4 5 days today receive order delivery agent not received call totally useless services never order shopzilla
1,sir ordered two libas kurtas wrong product send seller parcels per complaint one parcel showing refund want total money two parcels
5,thanks shopzilla
4,nice
5,thank mam
5,good
4,please make product tracking system contact number every handover consultant
5,kafi achha se mujhe jankari deya jadon hi team mere problem per work diya
5,delivery boy rude behavior
5,good experience
5,good service
5,good experience shopzilla
4,thanks
3,customer executive polite skillful really not disappointed shopzilla sellers post delivery service
5,not okay product
5,maintain product quality
5,product must trustful worthy
1,issue not solved
5,nice guy
5,good taking good behaviour
5,best app shopzilla
5,good jobs
5,please resolve issue
5,fast action pls
5,allow directly cancel order
5,good listener polite behaviour
1,refund related policy
5,nyc good man talking bout
4,good knowledge
4,thanks
1,call disconnected
4,thank
5,good
5,awasome
1,everyone make fool shopzilla
3,issue going 48 hours still unresolved
4,close online grocery store restrictions buyings
5,good
5,excellent performance
5,nice talk miss lil long conversation make smile face resolution thank
5,solve issue soon possible
1,not solved issue
5,good behaviour costomer care
3,fine
5,nice service
1,problem solve thank costumer service
1,issue refund immediately
5,good
5,thanks
4,return policy slow bad
5,helpful call thanku team
4,thks uuu
5,super everything
5,good experience kindly talk thank
1,give proper answer specific enquiry customer instead generic answer
1,no solution no replace boat airbuds 161very bad service boat shopzilla
5,good
5,baat karne ka tarika bahut achha h mam ka
5,happy take customer support team
5,no
5,na
5,duty customer care people help customers duty well thank shopzilla helping us
4,good
5,no
5,supportive thank
5,good
5,customer care madam good person solve issue
1,not proper information time teking
5,thanks
1,not sporting
5,apse baat
5,thanks
5,nothing solve issue returning related
5,good behaviour
5,excellent communication
5,thanks
5,good
4,shopzilla bad app online shoping pardcut not good problem not solved
1,u2019t deliver wrong products deliver products customer ordered
5,nice
1,bad
1,issue vacuum cleaner not yet resolved extreme delay delivery product kindly provide concrete solution earliest
5,nothing
5,good
5,
5,comfortable
5,mam aapse baat karke bahut axa lga full help aapne thank mam
1,problem not resolved
5,make delivery fast take 7 10 days even smaller products get delivered chhattisgarh state capital raipur
5,good
5,good
5,no
5,good
1,one assist protection plan invoice not available shopzilla
1,worst service
4,bhut good hai shopzilla ko thankyou
5,thanks
1,solution not provided
5,polite
5,good
3,provide honest delivery staff
5,customer care services good
5,no suggestions shopzilla always giving best services look packaging doubt packaging time things not order order id
5,thank sir
5,good
4,nice
5,thnkyou
5,customer service
5,loved shopping shopzilla
5,good
5,nothing
5,good supports shopzilla team
3,delivery agent didnt contaceted customer says customer rejected product qnd cancelled order placed without reaching customer highly unethical delivery agent giving false statment customers shopzilla make stronger policy take care kind issues customer faces delivery agent
5,costomer care agents behaviour nice
4,na
5,good solution
5,nice
5,today talked support executives 1st one rude lack knowledge misbehaved instead solving query disconnected call side 2nd one helpful supportive professional feedback 2nd executive
5,please put order botton option front app bottom aap
1,good experience taking
2,placed wrong return giving details disappointing
5,good
5,thanx happing nice person
5,query not solved knew value feedback much dsat gave dent agent not satisfied take begging
5,quick possible sutout matters
5,thanks
5,happy shopzilla costmer care
1,order no rifand no return
5,good
5,ni
1,not available pin 127021 grocery
5,thnx
5,good talk u
5,good
5,nice customer service
4,good
1,put hold 20 minutes
5,good
5,customer care agent good services shopzilla compny no good
5,happy got call customer service customer service boy understand problem help solve problem thank shopzilla
5,good
5,no
5,helpful
5,thanku
5,time guys making c called useg charge
4,happy
2,not
5,strong action taken fraud delivery agents
1,customer executive giving wrong information
5,good
5,issues thoda jaldhi solve ho jayege bda achaa
5,nothing
5,good
5,excellent
5,good
5,no
1,return issue taken 7 days still pending disappointing
4,ok not much ok lets see solve problem
5,great
3,customer cayaring
4,good
5,supuer service
5,great job customer excutivei happy
5,good
5,nice
5,good
5,thank much shopzilla helped well today thank much
5,since 2018 se aj 2 nd time delivery boy ne rude behave really upset
5,gud
5,good jobs
1,issue not resolved yet facing much trouble know executive disconnected call communication
5,customer care high authority good polite solve problem good effective manner provide accurate information quaries
5,agent polite helpful
5,thank resolving issues voice amezing thank team
1,disappointing one product buy product told help go somewhere else help not done put case regarding
1,not resolve problem
1,bed experience shopzilla
5,no
1,worst experience ever giving answers giving next date
5,good
5,shopzilla poor service provider
5,5
5,good
5,thank
1,bad service
5,good
5,best customer support
5,delivery boy begs always extra money delivery product
5,need return product received july 1 request return day not yet done
1,refund not received
1,bad behaviour
3,want pick product soon refund hard earned money
1,sometimes felt talking startup company many loopholes customer service people shows dont know anything backend team like govt employee govt bank dont know many times call guys issue shopzilla future dark better learn superbuy handle fix issue time
5,good
5,nice delivery
5,good customer support
5,good
4,please make changing registered mobile numbers much simpler not everyone access old phone numbers
5,ensure enforce policies panelize sellers list products properly incorrect description misleading images
1,issue not resolved past 15 days
5,thanks support
5,thanks slove problem nd customer service also good
5,nice excellent
5,nice
5,happy shopzilla shopzilla customer service
1,order not delivered today
1,nothing resolved
5,good consultant
5,good experience
5,nope
5,nyc
5,thank
5,please provide genuine product customer thank
5,good person
1,no need poor supporting customer
5,highly appreciated care full support better experience customer
3,recieved wrong product not able return
1,no manners
1,delivered product time
5,thank mam
5,good
1,nothing
5,right not mind
4,nice talk customer agent
5,right ride airbuds no pairing mobile right side airbuds range connected 1 range please return order
5,good
4,good
5,good
5,consultant polite sincere hearttouching
5,good
1,not good
5,wrost customer care executive not interested resolve query timeeeee passss share executive
5,good
5,issue resolution time reduced
5,good
5,no thanks always love app
5,good
4,great give good rating problem resolved give big thanks
4,tired contacting customer service executives not resolving issue contacting multiple times
5,really great problem solved fingertips great girl may bless youuu
5,good
5,good
5,polite person nice talking
5,good
1,bad costomer servicereceive damage produt3 time return requestbut not accept returnapproval bad experience shopzilla shopzilla cheater companyi file case custmor courtagainst shopzilla
5,thank miss apurva
5,good
5,good
4,good support
4,best
1,not intention resolved complaint
1,bastard executive third class service shopzilla
5,best platform shopzilla
5,awful half items order goes missing plus effort reach customer support delivery executive another level never going waste time money shopzilla ever last lady ky person amongst last 3 4 calls could atleast refund money
1,fault shopzilla delivery issue suppose compensate customer not gone work delivery scheduled guys call email not getting delivery worst service ever posting call recording order details let see world say
1,customer cut call not resolved problem
5,good
2,service centres closed per google no updated information related closure service centers kindly needful today hassle find service centre
5,iam happy
3,done
5,good
5,thanks
5,double check quality product listed platform time descriptions not matching
5,problem solved conventional rare piece
5,good
5,good
5,nothing say worthless services seller point
5,thank customer care executive
3,shopzilla
5,love mam
5,good
5,happy resolved problem quickly thank
5,support customer good
4,worste experience faced shopzilla app
1,not good
5,good service
1,tried much time problem not solved till
5,ok
4,item not refunded
5,e
5,ok
1,poor
1,problem not sholw
5,every thing best
1,problem not resolved per assesment customer care no power resolve issue file consumer case
5,customer care sir baat ko solve kiye main aap ko 100 se 100 nomber deta hun
5,please delevry every order timely
1,worst
4,ok
5,delay study material items
5,satisfied
4,thanks support
5,good condition
1,good behaviour
5,nice talking
4,good
5,thank
4,gud work gud product gud product delivery work gud packaging gud customer service
5,thank rakhe
5,girl sweet customer friendly polite nature
5,refund details enhancing wil greatful
1,shopzilla make fool people looted hard core money shopzilla fraud
5,good customer relations
2,no
5,thank shopzilla
5,no
5,good
5,sftsfseg
1,bad service never dreamed
5,resolve problem immediately otherwise file case
5,nice parson
5,customer care good problem not solved yet
5,nice
1,need answer specific question customer instead stating u2018 truly understand concern u2019
1,senior executive not trying help says casually sir please wait proving solution wan na listen thing thing word wait poor system shopzilla capability deliver order time given assured delivery anything earlier cancel one order shopzilla end second time procedure pathetic system worst system
5,nyc
5,nice one
5,sellers deliver product shown shopzilla often received different products product different colour
1,people resolved issue product damage please return technician coming bajaj service center said product damage please return soon possible
2,return issue plzz solve problem
5,good communication
5,little bit anger arguement overall give good rating know u improve best luck
1,no comments
5,please give customer support bengali language really helpful
1,customer according program work
5,good
5,good
5,thank
5,really happy talk product problem
1,poor
5,thanku customer support executive solved problem
1,feedback not executive shopzilla not ordered order superbuy u guys delivering one day prior superbuy completely delay 3 days not acceptable needs understand things ordered get time due priority long time ordered shopzilla u guys disappointed completely using superbuy due quality service far better shopzilla
5,good thanks
5,good solution provide staff good gesture keep
5,thank
4,not return exchange offer must order verification seller quality check must done let sell things many us issues getting wrong less products shopzilla needs checked sellers sending wrong products customers banned people loosing trust shopzilla something move something else thank
5,thank ji assistance thanks ton
1,disappointed customer service nobody solved problem
4,issue not solved women bawli dupatta set delivered return 2 month not send refund request haliyal branch manager say refund sending plz
4,good
5,good response
5,good customer service
5,kindly take actions delivery executives mentioned wrong disagreed recieve order cancelled order
5,good
5,still not resolve problem
5,communication skills good
4,good
5,ok
5,focus delivery things product delivered let duo date
5,thank much boz strongly believe shopzilla policy
5,nice talking u mansi
5,good
1,worst seller recently experience recent orders
5,good
5,good customer care service
1,bad experience shopzilla never expected
3,change delivery agent cancels orders whim fancytrace delivery boy contacted two days says definitely delivering cheeks cancel order create system black dot performance delivery agent needs check canceling order make system cancelation done customer case delivery agent shbe able otp customer 3 4 time happened mefor doings go process reordering preposterous
5,good
5,executive sweet helpful
1,refund process not good team shopzilla
5,good support
5,nice effort executive
5,ok
5,thank
5,thnks
5,ensure product seal dispatching
5,pay full payment item get item delaying week major issue deleyed delivery item kind critical medicine not happy delayed delivery try deliver item soon possible
1,problem not solved last time customer executive say please hold call not fulfill complain
5,good
5,excellent
5,product wholly dead sing long not replaced yet expect better response shopzilla
5,5 star rating
5,excellent
4,plz provide genuine product
4,thank
1,problem not sloved2 month finish already
2,kindly work return pickup lot postpone issue got fed repeated process
5,delivery boys behaviour
5,good information
5,thank
5,customer care representative polite conversation get completed disconnected much unhappy product delivery delivery boy attitude taken 2350 rupees words give office without payment accept old mobile give cancel product
5,nice performance
5,thanks
1,not satisfied
5,good job
5,good interaction
4,please issue resolved time bond acceptance customer service
5,good
5,nothing
5,customer executive polite resolved issue
5,every good happy good excellent service provided
5,service outstandingsorry say application fill hona chahiye ki aap ka product delivery hone k 24 hours aap ki application invoice download ka option aa jayega taki dhoondhna na apde morning se dhoondh hu sorry mind customer service representative ne kaha uske baad pata 24 hour show hoga option
5,good
5,super se bhi jii
4,avoid fraud distributor
5,nice good answer
5,realy impressed customers support service
5,interacted nice customer executive far great experience shopzilla thank
5,good talking
5,good
4,problem resolve fast
5,online not talk
5,invoice not available mattress purchased march 2022 big lapse shopzilla
5,thank much ji
5,please send good delivery partners
5,good
5,thank
5,thank supporter costmer
1,much disappointed behavior shopzilla track record plus member matter matter policy mask fault customer executive delivery executive customer accused already written complaint product broken word defective highlighted basing til date customer care still misleading open box allow replacement customer care approveokvereplacement
5,good customer policy
5,not send wrong product not matching ordered product
5,shopzilla goodand costume care help nice
5,nice
1,worst experience talking customer support put call hold nothing hope improve future
1,bad
5,nice
5,good
1,not work shopzilla worker
3,thanks
5,please provide download invoice button
5,happy
5,thank
2,plus member time bitter experience shopzilla delivered product fulfill expectations small size looks duplicate also want return get back money kindly make arrangements return get money back
5,super
5,good
5,good response customer service
5,good service
5,good think
1,must rethink policies made policies not customer friendly installation paratners pathetic asking extra money threaten customers telling not install product
5,shopzilla thank much customer service good information
5,good
5,good help
5,good
5,hihappy
5,exilent
5,use full issue
5,good service
4,please provide good product not faulty
5,reduce time resolve customer problem
5,ok
5,aa
1,not shopping shopzilla u2026 not printer accept
5,good customer service excellent work seller chatting
5,good
5,good
5,excited problem prevent nd support
4,good
5,happy
5,excellent work
1,bad
5,delivery agent number visible order details
3,two cancelled orders one addressed
5,overall shopzilla good case not replacing product mi product not good
5,happy solve problem thankyou much sir
5,good soon possible please solve return related problem wallet
5,thank much helping
5,humble person
1,not ready listen query trying convince everything right
1,dont buy prodect shopzilla
5,help ful
5,danish supportive people good like amazing costumes sopport
1,customer service associate reading given script like robot used skills solve problem also told cancel order
5,good man
5,thenks
4,shopzilla customer care support good executive understood problem fix issue reason issue bad quality product defective
5,good
5,good help
5,
5,last time talked person lovely manner friendly thank sir
4,right information good wehavear
4,plz solve problem want refund back
5,change policy returning product atleast customer requires 1 3 days return exchange plz provide flexibility returning policy
1,not helpful shopzilla customer carenot solved problem
5,thank much
5,5
5,excellent
1,bad service order jicks underwear reserved defarent colour defarent barend shopzilla pathetic service
1,writing feedback immense frustration disappointment abysmal customer service experience encountered dealing one agents truly disheartening see company stature fail miserably resolving simple customer issues providing basic information let begin stating rather straightforward inquiry regarding recent purchase dealing agent nothing short nightmare agent interacted displayed complete lack knowledge understanding issue hand seemed either inadequately trained simply uninterested assisting not agent unable provide useful information attitude also dismissive unprofessional showed no empathy towards concerns treated problem insignificant deeply distressing loyal customer shopzilla quite disconcerting incompetence exists within customer service team especially considering customer support backbone successful business lack proper training guidance evident reflects poorly shopzilla commitment customer satisfaction moreover agent failure resolve issue exacerbated frustration absurd despite multiple attempts seek assistance still left dark without resolution expected much higher level service reputed company like shopzilla feel utterly let experience not wasted time also tarnished perception shopzilla reliable e commerce platform clear company needs invest significantly improving customer service processes ensuring agents adequately equipped handle customer queries issues effectively seriously contemplating whether continue using shopzilla future purchases unpleasant experience eroded trust brand sincerely hope feedback serve wake call shopzilla take immediate action rectifying customer service shortcomings conclusion urge shopzilla address matter urgently implement measures ensure appalling customer service not repeated future loyal customer deserve better treatment hope shopzilla live expectations set
5,quick call castomar costomer ask help
5,thank
5,satisfied
5,way understanding good
1,order not received
1,avail bank discount offer even showing website product page
1,return
3,ys
5,ok
4,good
1,customer exicutive not receive call full day
5,thank shopzilla customer support
5,good
5,hi
5,believe mr responsible knowledgeable people talked earlier including senior staff deserves senior position person talked earlier senior person
4,good
1,one worst customer service sadly give comment asked return refund supervisors also failed answer question one supervisor wantedly heard voice ignored unable hear anything end hung pls check take actions
1,shopzilla 6th july 23 said product manufacturing defect replace top bottle water leaking station 15days came fill water found issue replacement item issue earlier return period shopzilla plus member 5yrs hereby requesting please return defect product refund money attaching screenshot reference regards
5,thanks
5,5 star customer support
4,excellent
5,best
5,thanks
5,pickup driver come 1 min afte costomer care call cut product returned 1 min costomer care call
5,please update customer support number shopzilla mobile app
1,please try using superbuy customer support shopzilla learn lot superbuy area
5,super support shopzilla aapka bahut
5,thank
5,good
2,need proper feedback no repeating known information executive
5,no issue service good
5,thanks sir
5,nice shopzilla
5,low quality product available shopzilla plz available quality product
5,customer supporting best
5,good
5,good
5,nothing good shopzilla awesome
5,5
2,first time experience
1,scammer given used broken smart phone wasted 50 000 rupees broken product shame even resolve request
5,good not problem
4,customer care baat karke dhanyvad
1,need kind help product
4,cancel order place order successful date confirm pehle customer ne order baad saler ne cancel kar diya inform kiye koi rigen diye
5,please take action complain customer feedback
1,disappointed support shopzilla product not return replacement even replacement policy within time frame asking contact ifb resolving shopzilla customer product within policy period no support shopzilla
5,good respond thanks shopzilla
5,shopzilla good worker not good
3,concern still not solved
5,thank
1,bakwas delivery
5,sir nolage good guidance speaking good problem solution
1,thanks
1,refund ammount transferred shopzilla wallet without confirmation
5,thi
5,best customer care talking wd friendly solve issue without failure thnk u much
5,good
5,thnx
1,pathetic way sime query handled
4,sake utna par
5,customer support good
5,thanks supporting please resolved issue asap
5,great customer care
4,thank
5,good
5,nyc
5,thank
1,questions no solve
5,good
5,thank sir
1,stop talking like robot customers actually help
5,good
5,thank
1,not resolve issue till
1,thanks shopzilla
4,tnq
1,no no problem nice talk customer care service nice experience
5,tqq sir good helping
5,really thank support resolution given shopzilla executive appreciated work resolution
5,overall good experience n
5,customer care person talk geniune nice
5,ai
5,need calm good communication
1,avi tak delevary kyu nahi kiya hai
5,baat karke bahut
5,return pick poor
5,excellent
5,done payment
5,goood
4,thx
1,worst experience shopzilla services
1,call hold nahi karna chahiye
5,excellent
1,pathetic service
5,thanks
5,good
5,excellent
5,god
5,good
5,replace shoe soon possible
5,helping
5,sweet person thank shopzilla
5,really appreciate customer support service
1,not good
5,give delivery time
5,
5,nahi
1,amount deducted order still pending
5,helpful
1,not solved issue
1,bad service call disconnect time loss please shopzilla aise service providers socha nhi th
4,shift bhi
1,not helping behave rudely
5,nice work site sir hope genius person shopzilla company good workers thanks question slove
5,inlist unathenticated sellers shopzilla refund not matter time valuable money trust shopzilla getting effected
4,speaker fast explaining points difficult catch one go
3,niche
5,nice
5,na
5,
4,good soling problem
1,customer care executive iresposible first take call answer call 10 minutes playing irritating songs time call answer call simpy ask customer not audible mad line 15 minutes listen not audible want raise complaint executive give details
5,excellent
5,cere good ans
5,thanks
5,bhaayya bohat helpful thee
5,good job raza
5,nice
1,call disconnected completing
4,kindly reduce time resolve issue
5,mr understanding knowledgeable person patient whole conversation tried best solve thank much time efforts good day
1,seems cheating case end delivery team shopzilla put daikin split ac exchange item picked claim supposed pick window ac
4,good
5,good customer care services
5,excellent services thanks
3,better solve issues within days
1,bad experience
5,thnq
5,good
1,no one helped
4,full customer support
5,customer support good not solve issue
5,good service
1,poor service
1,shopzilla wrost deliver service 8 product not deliver shopzilla superbuy good delivery service
5,good
1,return order
5,veery goods
5,good
1,chutiya log
5,good
1,shopzilla bad online app
1,shopzilla wasting time make us talk uneducated customer care executives know anything well action resolve queries waste time putting call long holds
1,bad
5,wery good costomer sports good help
4,cancel order automatically concerned order
1,poor performance last six month shopzilla
5,thanks
1,u2019s no help support system tell u2019t receive total grocery product no response
5,return bahut catmar skutive help e h
5,everything good
5,good issue resolved
5,zubis good understanding good communication customer
4,good
4,thanks
1,poor service call disconnect middle service poor
1,process sucks deliver order idiots
5,shopzilla customer service good thank shopzilla
5,return item
5,humble sweet
5,please tell seller recheck product packing give open box delivery doorstep save time effort thank
5,helpful staff
5,voice sweet
5,thank much
5,effort required resolve issue
5,please try hurry regular customer
1,ur providing worst service
5,iam happy
2,bad behaviour courier surface boy im angry behaviour came delivery
1,iam happy
5,awesome executive
5,really nice
5,good
5,good work
1,poor bad shame full
5,waiting period also resolution time period
1,ka product muje bhej diya
1,chutiya
5,satisfaction
5,good
5,good
5,polite executive helpful concern addressed properly resolved well
5,no
5,thank much support
5,good respected girl
3,please share confirm information customer
5,customer service brilliant
5,thank
1,bad service
5,tq medam
3,make dealers sellers supplier including full delivery chain become honest responsible items delivered
1,poor
5,ap baht aseho good
5,customer care talking good pickup bay bad behaviour missbehaving
3,good service
5,customer support helpful
5,not queries
5,
3,please order product
1,check
5,telugu customer service not working
5,calls getting disconnected no call back disconnect call
4,good
5,atleast send right products not different missing accessories model
5,
1,bast
5,loved
5,good
5,please remove minimum quantity order 2
5,complain raise
5,excellent work
5,instruction customer care persons not put call hold 5 minutes
4,good
5,super
1,contacted customer support lot times till date refund not credited account
4,good
5,good
5,good conversation
5,good
3,try take ownership resolve problem
5,good
3,could not share issues job card shopzilla customer care executive guided pl help
5,thank resolving issue
5,malayalam language executive
1,shopzilla sucks
5,nice good
1,waiting phone 20 minutes issue u2019t resolved
5,helpful
5,best service
1,no
5,exicutive good always prefer talk male agent apart female agent less knowledge much talkative one excillent
5,excellent
1,bad service product cancelled seller without permission customer care tells product delivered tells wrong information
5,good
5,good information
5,happy
5,nice
5,
5,
1,poor service
1,delivery partner pin code 847405 bad cancel order without permission want order pay
5,good person
5,excellent
1,two not received order painful
5,good conversation mr listened problem well gave polite solution
4,good service
5,good
5,coustomer first
4,no thanks
5,good
5,query resolved
5,good
5,amazing care coustomer
1,put call mute not transfer supervisor
3,thanks
5,talked nice
5,good
5,good
5,tushar really helpful wish best buddy 10 10he really humble patient communication skills human touch amazing please send feedback regards kshitij
5,good
5,nothing awesome
2,broken hard write anything constructive
1,please remove shopzilla vendor service
5,good
3,not satisfied
1,no order infromation received
5,customer support nice
5,nice meet u
5,taking tooooooooo much long time pick return product
5,take long time query redressal also give dates dates
5,excellent
5,good
5,gud
5,setisfied
2,order placed shows exact status order
1,koi bhi matter escalate nahi hoti 10 bar call karo fir bhi har bar naya banda ata har bar fir se sab ku6 sure
5,good support system
5,good service
1,recent times shopzilla sending non quality products services return replacement not taking proper attention complete order safely customer
1,change product policy customer buying problem seller happy not deal level not customer
1,ordered mattresses size came wrong trusted shopzilla buyed produced facing lot issue till shopzilla not taking product back even didnt get refund back 10 days
5,like one
5,
1,waste requesting anything
5,good
5,satisfied customer service
5,good
5,good
5,customer service agent polite resolved issue thank
5,thanks support
5,find telugu language add one
5,delivery issues
5,thanks
5,good job
3,working not
5,good sarvice
1,use app anymore
5,good
1,not wrong product delivery not problem solution
5,make replacement damaged products easier
5,customer support executive talk think good job customer reputation shopzilla company
5,good
5,quick response customer service agent good job
5,avoid board seller doesnt return policy
5,delivery code rakhiye pickup cancel karne ke bad call karke confirm kariye ga ke costomer ne cancel kiya hai ya pickup boy ne
5,good
1,
5,thank
1,please refund money
5,baat cheet ka tareeka bilkul accha thavery good
5,good service
5,excellent
5,shopzilla shopping customer care good
4,product delevery
1,ever face worst experience shopzilla
5,nice behaviour
5,good customer service
3,worste experience faced shopzilla
5,gy
4,change local logistics team
5,na
1,close shopzilla company
1,world changing fast new technology think shopzilla would implement change resolve issue customer month still team resolve issue unhappy customer support service
5,no
4,please fast delivery
5,nice
5,good
4,not deley refund money
1,return parsal
5,thanks
3,find
2,gud
5,good
5,good behaviour
5,good working
5,nyc one enjoy
5,need call customer time
1,not find apropiate answer
5,best
5,option call customer executive made available order
5,pathetic services seller logistic
3,ni
5,ok problem solved
5,please check products packing products different take products form curiar boy products different orders color always different like shoes color size please check products packing shipped thank u
4,good work customer service good
5,outstanding voiceexlent work positive response
5,use bot user query contact directly chat directly executives
1,kosish kar rahe
5,5
5,good
5,excellent
5,improve delivery service give information cancelled items side
5,good
5,not good service
5,resolve refund issue asap
5,good
5,done good jobs
4,impressed customer calling anuj
5,thanks helping good work
5,hi sir fully satisfied thank
5,nice
1,order placed seller not delivered product cancel order shopzilla not action seller not good customer
5,good
5,happy
5,always sent right product
5,happy
1,shopzilla bullshit shameless
1,product less
5,thanks
1,5 10 items missing
5,delivery dates long
5,thank
1,good help
5,affective good
1,see customer support number delivery agent means worst management think u focus resolve issue
5,gud
5,good
1,shopping shopzilla last 8 years type problem happened first time customer care also getting date date no solution given mobile pickup done type act not suit big company like shopzilla feels like mental harassment
5,update status order
5,good
5,mr care agent phenomenal intelligent polite honest employee handle case smart manner resolve words appreciated
5,nice man
5,thanks
5,good madam
1,system totally glitch correct customers go
5,excellent
5,always good conversation
5,query resolved thanks customer service
5,good
5,good service
5,customer support need quick contact
1,details clear mantion understable
4,thank
5,talking behaviour good
5,make sure resolve issue soon customer reaches serviceshare us updates frequently tale actions accordingly
5,remaining every thing good
5,kindly inform sellers not send old used products shopzilla sellers wasting customers time efforts delivery resources really disappointed
5,shopzilla product worker working man language good thank shopzilla
5,good
1,fake seller
5,nothing
5,executive humble polite addressed query
1,poor knowledge talking sence zero completely frustrated talk nonsense
5,support executive eas kind amd keen resolving issue every detail shared easily understandable kind person well done shopzilla hiring executive
1,sorry
5,good
3,bast qulity
5,nice
5,good
1,worst customer care ever
4,resolve issue soon possible please make issue
1,raised return request recieved product no resolution problem yet return policy date expired still return request not issued
1,bad services provided
5,no query oter0
5,send good quality product
5,excellent
1,bad services shopzilla exchange policy bad
5,best agent
5,no
5,good
5,nice customer support services
5,good
5,good response shopzilla costumer support
5,no suggestions
1,coustomer support executive disconnected call put restrictions not free call
5,nice exicutive tq
5,nothing
5,
4,keep return policies well
4,reaching customer helpline bit headache takes time
5,nice
1,next use superbuy
5,nice work
5,please prevent send another product
5,
5,ok
5,good
1,no matter call customer service query still unresolved
5,nice voice
5,thank sir
3,nice taik
5,let authenticity product not fluctuate letting inauthentic sellers fool customer
1,shame service
5,good communication skills
5,gud job nice guy
5,nice use shopzilla
4,happy
5,good
5,best experience
5,wed
4,improve website related information please update time time website
5,sweety best excutive shopzilla family thanks lot
5,5
5,good
5,happy
5,good
5,bahut achcha
5,exicutive support awesome
1,bad
5,no overall customer executive support good
5,love resolved issue
5,good
5,keep nice work
5,happy customer service attended call polite professional appreciate
1,5 10 items missing
5,easy reach avoid calling back
5,call jo thi wo bohut acchi thi
5,satisfaction satisfied customer care excusitive
5,slightly changes may necessary product shown different brand another colour ordered received wrong colour wrong brand need slightly upgrade checking packaging otherwise happy shopzilla
1,make refund arrange material delivery
5,provide images issue
2,jadav parth
1,first good service provide customer say lie
5,associated shopzilla 3 months experience good product related customer care deliver time solve issue shopzilla employees give good effort customer shopzilla good communication customer
1,no option get payment proof payment receipt website
4,
5,nice
5,particular product maximum quantity billing delivery need free
5,thank
1,note good
5,best sarvice
5,nice
5,super
5,rajesh
5,ok
1,
1,bad experience shopzilla no one tell one month ago want replace order cancel delivery return product shopzilla cancel one call costumers support say ur return policy expired raise problem say replace available automatically deliverey canceled shopzilla fault see consumer court shopzilla till wait last dilivery attempt date 5 august see consumer court give loss 21 day work
1,wrong product send delivery boy rude
1,service
4,grocery products open delivery delivery boy messing products sale local shop
5,please solve problem
4,thank
5,good costomer care
1,sir watch show activity screen
1,galtiyan karo uske bad review chahie tumko
1,agent disconnected call enquiring escalation process
1,refund amount
5,cool raw bananas 1kg received almost ripe not fit made curry raised return request notice delivery customer support executive really helpful wanted know come back pickup told pickup refund amount may please take product back not needed thank much swift response
5,nice talking
5,thanks costomar service
1,poor seevices
1,pathetic service
1,customer care help tried raise issue please deliver item time help even senior executive help says casually please wait waiting order 22 july right not deliver postponding date delivery order not deliver senior offficer not knowledge voluntarily not tried help system worst
5,good
1,problem not solved
5,best communication
5,shopzilla services good
5,well ok
1,cheater company cancelled order without consent even complained
5,thank much like shopzilla
5,good
5,please show options product exchange refund
5,good thank much liked
5,first understand problems
5,good conversation easy understand good helpfull
5,good
4,wasnt aware shopzilla paylater charge using facility wasnt informed placed order not able pay clicking link sent email
5,good
5,happy
5,thank much
1,shopzilla chor ha damage product coustomer ko vagungi okk chor
3,information provided executive not correct
5,last 3 orders grocery basket 13 items 8 items 23 items canceled seller orders canceled several days waiting resulted anxiety mental agony inconvenience order grocery item shopzilla duty ensure delivery disappointed cancellation last three grocery basket cancellation orders enhance brand value writing request kindly ensure delivery grocery basket 11 items order 30th july 2023
1,customer taking customer support wants resolution always solve problem try pretend solve
5,excellent solution
5,better
5,good
5,good customer care tried made effort resolve problem
4,good
5,nice
1,koi halp nhi ki
5,need impreove language selection option english hindi available language not connecting
5,better
5,best
5,overall good
5,check seller time time sends product item carefully
1,product delivery late
5,customer support executive really polite solved payment related query asap happy shopzilla customer service
5,nice executive officer
1,order cancelled without informing grocery products everyone knows grocery important daily household never order shopzilla
5,good
1,good response customer care service good
5,yes
5,days items shipping location not visible
5,nice
4,thank u service
5,first excutive provided details order issue raised complaint
1,not solve issue
5,good service
4,get contact details message supposed get
5,good
5,humble polite
5,goooood
5,nothing
4,problem not resolved got right
2,worst experience shopzilla
5,good communication
5,good
5,good service
5,please also create platform easily send damaged products images videos seller not repeat anyone
5,provide solution immediately
1,executive rude disappointing
1,faltu sarvice no customer satisfaction care customer product worng delivered
5,otherwise good
4,please improve return request please update picture return request main
5,good information shopzilla customer service thank
5,nice
1,no
5,please solve problem first
5,ask da make calls delivering
1,not happy resolution provided
5,no comments
5,hope issue solve soon possible thankyou
1,check delivery partner first always makes fool customers never come pick time no resolution query
5,good
5,negligence vendor gives company bad reputation hope taken consideration problem resolved soon
1,ordered mixture three jars cap one jar not fitted rubber due not able fit properly jar shopzilla help regarding product
5,product quality check delivery
4,good
5,lady perfrctly understood query provided best available solution problem
5,thank
5,good man polite nature thank man
1,product achcha nahin lag raha hai
5,thanks help
1,not understanding properly
5,good reaching customer talk politely good person
5,lady listen smart convincing power wish best future endeavours
1,bad behavior product expect
1,shopzilla
5,disappointed refund issue solved responsibility
5,good
1,pathetic buy shopzilla
5,tough reach guys particular query
5,promise
5,kindly solve problem asap
5,good
5,okay
5,good
5,fantastic good
5,h
5,nice talk
5,good
5,nice
1,query still open 19th july please resolve asap
1,worst service shopzilla
5,problem not show problem not solve
5,customer executive talks behaviour politely happy
5,thanks
1,poor fraud behaviour products fauty return promised purchase time
1,worst service shopzilla
1,bad service bad seller added selling product
5,good
5,good
5,option connect customer service executive clicks
5,excellent
1,varey good
5,thank much understanding promblem thanks shopzilla
1,good
5,little responsible loyal customers
1,order cancellation process 20 cancelled order on10th july didnt cancelled yet raised 10 tickets find resolution try provide solution not extended dates
5,thanks ummid hai ab coll nhi karana padega thanks
5,good
5,please check non return policy orders mostly sent damaged
5,super service nice
1,return policy bed
1,issue not resolve bye shopzilla team
5,audio systems better often echo disturbed conversation
1,make user friendly
4,telugu language customer care
5,make sure delivery agent give order delivery spot unpleasant experience delivery agent high request order please solve issue thank youregards shopzilla customer
5,exlent
5,thanks mam
5,time observed opening application shows error message something went wrong please try time
5,good
5,helpful customer care call service thank shopzilla team
5,okay
4,please check sellors sending product customer not harassed valuable customers
5,thanks shopzilla staffs
5,good behaviour
4,customer executive service good
4,good
5,provide customer authority decide provide better customer service
1,not customer care support shopzilla support wrong letter amount not clear
5,good
5,remember name nice talking soft call although call dropped wish call lasted hrs ok u r polite call thankyou listening stupid talks mridul
1,shopzilla officially pioneers bad customer service please improve
4,thank valuable time supported
1,pathetic service never order anything shopzilla spred via social media everyone
1,urgently required delivery please
5,ok
5,thanks
1,wast service shopzilla
4,stop supporting sellers sells fake copies
5,issue still continue
5,thank
5,good custmar sarvis
1,came exchange product instead black dress white given however replacement brought white not black
5,timely addressed problems resolve quickly
4,thank
5,nice experience cooperative executive
5,nice
5,nyc talk
1,last mile delivery service worst especially shopzilla
5,pls add malaylam knowing excutive member
1,not good service disturbed many time complain not work costomer support bad
1,worst experience shopzilla plus member really worst experience product
4,maintain security order details
5,guy spoke evening good much responsive much empathetic usually u2019t give feedback response made put extra effort search feedback mail give compliment kudos guy u2019ve written name office diary unable recall name thank much
1,bad experience uneducated agents concern customers senior person also not good solved issue
1,add gift option inform u r agents not keep call hold add notes
5,helpful person
1,pathetic service always need look courier service pathetic slow compare tortoise team not information system floor supervisor team lead floor manager not available tried calling multiple times floor supervisor not ready come call no policy ing bad service
5,thanks
1,please improve delivery system much time take 2nd time delay experience company please improve
5,kindly need full thing soon possible
5,exilant service good
5,emperor work
5,thanku much help us nd order delivered promis day nd satisfied ur help thank u much help thankful nd happy thanku much
4,good
5,totally wastecheater fraud
1,unhappy
4,good
5,shopzilla
5,owsome thank
5,perfect
5,good delivery time time no delays
5,nice
5,good guy
5,nice voice multitalented
5,hectic get invoice
4,service become hopeless anybody interested know call
5,way customer support executive talk excellent first listen problem briefly explain solutions simple manner want give 5stars customer support executive
5,please return order want say reduce timing resolve issue improve return pick service shopzilla email service regarding issue provide relevant information
5,good
5,good
2,please resolve issue asap
5,tq
1,no solution provided executives dont ethics talk customer time wasting
4,would nice customer service also
1,bad supporting staff
1,worst
5,guy supportive
1,riteran product
4,customer care usually busy
1,not
5,thenks
5,thnx
5,happy satisfied support
5,shopzilla worst performance since last month three years experience worst
1,
1,customer support product not good not happy
5,nice talk
1,bad behaviour rudely language given wrong information customer
5,thank support
5,good luck day
5,customer executive solved problem within minutes thank
5,voice sweets
5,well done
1,bad
1,service centre no support
1,h shopzilla
5,good
5,good
1,change product
1,effort issue still unresolved defective item still door unreturned
5,good
5,payment failures minimized
4,great work
5,customer exicutive good professional name guy rahul supportive polite happy customer support
5,please deal perfect sellers
1,pls take feedback problem complain made customer service
1,good job mam
4,thanks
5,good response thanks shopzilla
5,sir karake achchha laga
5,good
1,guys ethical scammers
5,thank
5,nice
5,nice
4,nothing
5,way communicate fabulous thanks solving issue
1,customer service care service not use professional language abusing use language not proper working shopzilla totally fraud theft 420 chief total focus fraud
5,no thanks
5,nice baat cheet aka
5,nice
5,best keep
1,no mention open box delivery receiving product damaged cant able return product also customer support no able help not good support team
1,get support end executive not able give proper information product happened earlier also no lesser 1 no otherwise would given service pathetic never aspected shopzilla
5,good service
5,require customer care no separately
5,
1,not satisfied
5,make food items also returnable upon submitting pic lower standard food delivered
1,poor product
5,customer service good
5,op
5,many senior citizens patron enterprise go purchase many not good incomputer skills please moke policies customer friendly success lies best
1,no
1,need stop salling products no return policy
1,worst experience
5,good job
5,also happy
4,problems resolve early
5,good excutive helped thank much
5,good understanding coustmer
5,need tight hold vendors not say no warranty paid
4,person nice nice talk
1,not given solution regarding order
5,ok
5,girl good tbh
4,please remove cancellation charge
5,really happy service thank
5,resolve
5,please make sure ease connect customer service toll free number customer
5,supportive polite costumer support
5,best jov
4,not delay product delivery ordering product
5,nice
5,good
1,shopzilla froad nahin diya hai 404
1,teen char baar se mere parcel miss baar bhi miss aur nahi aaya junagadh hub pe
1,grocery delivery return policy bad
5,
5,please resolve problems
5,pls look customer trust customer trust brand
5,good
5,good customernot disappoint
1,customer support not able solve concern
5,problem solve thank
1,ghatiya
5,please try order confirmed shiped cancel order please update policy seller not cancel shipped item please important lots customer angry typ cancel policy
5,good
5,good behaviour
5,delivery partner
1,delivery date product today receive product yet communicating got know delivery agent unable give product today amd today train state condition service providing
1,4 time return request cancelled wishmaster without come collection
1,delivery time delayed
5,way communication customer care nice polite humble kind wish bright future
1,file case
1,time experience shopzilla purchase beyond painful
5,best experience
1,not completely resolving issue
1,no information given
1,poor delivery teem
1,allot otp products customer received product give delivered message also ask feedback customer delivery executive days behaviours worst not responding
5,
1,bad service shopzilla courier boy canceled order without calling customer care no help order delivery since 4 days
5,make exicutives voice clear loud
4,good support
5,mam nice human
5,executive good resolving issue
5,thanks shopzilla
5,supr
4,giving resolution faster
5,girls interaction sweet helpful suggested find things helped resolve query within sec
5,good
1,issue seller
1,bad
2,want return product receive right product ordered
5,nothing spl good
5,thank
5,told feed back executive talk thnku
5,please help sir
5,executive co operative resolved issue warranty
5,good
4,product good condition executive polite understood problem
4,please improve background noise
5,wolve issue fast plz
4,solve issue
3,shopzilla froud
5,good
5,costomer exicutive best
1,pls improve courier person behaviour way talking support customers
5,good
5,nice
5,good person
5,good
5,please resolve problem
5,v nice
5,neha really good customer service agent
5,thanks boss
5,good
5,nothing else goof
5,rep friendly hope come saturday
1,try delivering product first
5,good supportbut customer contact not responce please solve problem early
1,bursted闁剧粯娲濋崝鍛存⒔
5,h
3,refund nahin kar rahe hain sar bus time schedule badha rahe hain
5,everything good
5,thank muc shopzilla team members helping issue resolved congratulations
5,good
5,customer care good policy not good
2,helpful servise
5,nice
5,god survice
5,customer service good not delivery service
5,resolve issue
5,good service
5,crazy mam
5,good
1,regarding refund issue updates not fair sortout asap earlier
5,nice talking
5,nice call customer
5,improve service n communication
5,6
1,giving false information customer gift card get nowhere shameful act done guys cheating customers like wait legal action soon
5,good
4,excellent
5,good
5,goodthankyou shubhash sir wonderful help
1,bad
5,change time defective pc delivered us b replaced option thr website app
5,nice
5,support person good talk handled query well
4,phone smel
5,excellent customer service
1,purchase shopzilla not pleasant customer support negligible item returned either general instant return message item leaves door provide acknowledgement slip else customer mercy collection agency collect customer convey return cancel shopzilla no control take ownership unlike online shops superbuy cillory etc
5,no
5,good
4,bad product delivered
5,ok
5,good conversation
5,thankyou madam
5,thank shopzilla
5,good
5,excellent
5,good
5,good service
5,vary vary nic
4,allover good
5,good
5,good
5,
5,thanks bhaiya
5,good
4,good
1,bad ball product not written today purchasing shopzilla not working device
1,fraud sala
5,grocery products keep missing no action taken solve
5,good
5,good
1,logistics team not cancel customer orders without knowledge concern
5,thank much
4,call center team not capable solve issue sweet talk no solutions
4,good
5,delivery pickup
5,op
5,
5,assistant really helped increase salary haha really good
5,ok
1,done chat
5,thankyou
5,thank lot
5,good
1,change shopzilla name order cancel app
5,
5,goog
3,ok mam
5,aswm plz try deliver order today plz
1,bad behaviour shopzilla customer care
5,good communication like talking style
1,please resolve problem soon possible
5,
5,try hard solve problem thankyou
5,good service
5,good
5,good
5,good resulation
5,vary good
1,claim warranty
1,not received order still powdering head order explanations sent email english bad understand operator saying
5,good
5,happy listen query thank
5,quality better product available via shopzilla
5,madam bohot acche hai
5,experience good
5,thank
5,customer care service good us query resolve immediantly
1,problem not solve
5,good
5,nice customer service solved issue politely thank sir
5,guy good quick resolved query thanks also received refund thanks guy talk
1,worst customer support team not making effort setisfy customers bad shopzilla customer support team not able contact senior executive not happy worst support please kindly improve team thank
5,person helpful appreciating effort
1,please train executives adress rhe query provide resolution explaining problem diff ways solution not helping also shopzilla worst service provider saw entire life taking 10 days deliver order already reached destination city 6 days ago worst shopzilla
5,good job
5,nice talk aarjavplease help
5,thank much
5,nice
5,good
5,excellent
5,good communication customer care thanks shopzilla team
1,bad customer care
5,nothing
1,not make fool customer
5,tnx
5,good
5,wow
5,keep faith alive
5,someone ordered something portal check first delivered customers thanks
5,thank mam aapse baat krke
5,
5,recently talk mr regarding exchange product per sent email exchange phone still not received email please help send mail funny thing received feedback email needy mail hope kind consideration fast response thanksyour customer bhargav
5,chat not visible
5,good
1,executive disconnect call discussions discussing issue multiple executive get proper solution seller best seller tag deliver defective product issue connected customer care put hold disconnected call
5,good
5,isshu pendind good responce
5,everything awesome
5,good night
3,sale offers confusing fooling people
5,not satisfied resolution shopzilla
5,call
5,best faculty shopzilla
1,plz support customer
5,pls solve problem soo possible
5,allow portal flexible user search color also also educate customer service agents not handle users service attitude not hung like chat phone yogesh best handie issue
4,missing product
5,agent polite able understand issue well
5,bast sports
5,good
1,talk no solutions
1,executive not able resolve query
4,customer care good
5,thanks
5,no
5,excellent
5,thanks shopzilla
5,good
5,good
5,worst experience shopzilla ever quitting shopping
5,best shopzilla
5,good communication skills
5,good communication
1,not helping
2,vo jo dikay gya vo nhi mila halka kharab mal
1,bad response shopzilla support
5,good
5,good
5,good
3,update imidiatialy products status customer
4,
1,bad services
5,executives interaction formal nature written script read makes bit uncomfortable may trained speak normal formal
5,
5,good
5,good
5,please resolve issue
3,nice sirji
5,nice behavior
1,customer support no use least issue not solved
5,img src x onerror alert document domain
5,thanks lot
1,not good
5,please verify listed products
5,product delivery time long
5,thank
4,good
4,nice help sar
5,executive seems professional voice amazing want keep continuing talking controlled emotions
1,try deliver product first
1,product missing note
1,good
5,nice
1,repeated instances product falsely shown delivery ultimately cancelled kindly correct else better companies available
5,job well listened query mailed seller fast delivery thing want please deliver phone asap ordered 30 july today 3rd august still receive product shopzilla delivery time showing 7th august please flag thing deliver asap
1,understand abcd customer serviceshe doesnt even go customer called straight away says not eligible refund give customer service training first
5,good
5,thank please give job shopzilla
5,lady spoke amazing helped best support could give hard work appreciated thank much giving best support
5,good
5,helpful
1,polite mean give rude answers customer kindly think customers point view even though might shout guys becaus6the call follow many times
5,good service
5,good
5,please deliver fast
1,mujhe care sports se baat karni hai
5,thank
5,good
5,happy
2,not error raising concern
5,good job
5,good
5,thanks support
5,good
5,team verify final product going customer not depend fully vendors people ate doung purchase brand name
5,try delivery charges
5,impressive shopzilla customers care facility
2,didnt solved
5,redchief shoe not good quality product want return product order new one needful
5,nothing
5,shopzilla always best
5,
1,telugu language customer service no oppo eno buds2 1499 cupon apply 1399 amount debited 1499 credited wallet 24 hours 3weeks not credited youtube influencer twitter post sec problem resolved normal people complaint no solved technical issues sir
5,supported
4,good
5,sexy voice costember
5,good support humble behaviour
5,awsome services
5,nyc
5,good
5,customer exicutive try help done please improve policy
4,good
1,customer support team poor not satisfied dont buy product shopzilla
5,hi assamcustomer care support help
5,mast activity
1,please stick word
5,cool
5,good
5,good wait something 1month ago return product
1,baad service
5,shopzilla resolve customer problem within short time
4,nice
5,hii
4,aap call par hi issu aap par totly imfomation hoti hai
1,koi customer saport bhi customer care se call e hai bolte hai aapke product minutes return kar denge lekin koi return nahi hai please return product
5,good
4,suggestions 1 delivery date time made flexible per customer convenience not per seller convenience example customer able assign select delivery date ordering goods system allow choose flexible delivery dates 2 placing order system shopzilla app option change delivery date pops allow changes delivery date serious drawback 3 please implement ai technology age ai app automatically understand select sellers back end deliver per delivery date selected customers
1,worst customer care
5,thanks
4,website product page information incorrect imprrove rest agent good
5,agent provided proper resolution problems messy shopzilla pay later
5,customer service extremely excellent
3,good
5,speak 2 aug today 3rd august know name quick helpful like service one guy helped today raise return request thank hiring good candidates please appreciate one called 3rd august around 12 00 really appreciate work though small return request felt delighted customer servicesteffy
5,nothing complain
4,good job
5,customer service executives communication skill good
1,query not satisfied
5,good
5,good
5,good
1,give right information customers
5,customer support nice abhishek ji good thank
5,not bad
5,nice
1,good
1,shopping shopzilla many years always great expierence time disappointed service delivery expect delay delivery also not way delivery boy communicate us top even cancel order experience never expected kind service shopzilla assure never kind business form future
5,good
5,thanks shopzilla service executive polite manner
1,purchased chimney shopzilla 2nd aug costing rs 12999 applying offer costed rs 11749 checking product 4th aug showing price rs 11599 apply offer would cost rs 9917 product got delivered price decrease product costing rs1832 less utter disappointing decrease week later customer purchases product okay within span 2 days decreased seller refund decreased amount
1,order not deliverybut show deliveredi contact customer care tell problem resolved 5 days problem not clear executives contact problem not resolve poor condition shopzillayour cheating
5,good
5,thank much cleared enquiry
5,thenk
5,acche se samjhaye
5,talking mr understood issue immediately raised also
1,order played around pretty sure order wil cancelled atlesst guts cancel right away play games seller idiot provide updates
5,excellent
2,puts call hold
5,thank u
5,excellent customer service
3,receive msg promised adviser
5,good
5,payment related issue resolved earliest
5,thnx sir
4,correct return policy correct customer support
4,good service service call center
4,customer direct call willbe availlable
5,good
1,worst service coustomer support delivery agent misbehaving
5,
5,executive frndly nd good behaviour
5,make policies flexible customer service associate could help us immediately instead providing us promise dates
5,good
5,excellent
5,thank
4,happy
5,better
5,good
5,good
5,good job
1,issue not resolved
1,give refund replacement within time
1,first teach talk gracefully customer
5,please solve issue tired complaints large orders things continuously must stop shopping shopzilla
5,no comment
5,good
1,extremely dissatisfied
5,thank shopzilla
4,good
5,hcgvvy
1,bad service
5,understands customer clearly
5,bohut achha baat kiya sob kuch achha hai
5,wishmaster sends otp login shopzilla account might possible sometime sends otp vanish bank amount bank account shopzilla getting worse day day
5,not much needed improve
1,worst
5,lovely good communication
5,arrange early resolution
5,thanks
1,refund not given delays
1,thenkyou
1,slow delivery iam waiting order
5,polite person problem solved quickly love shopzilla always
5,please deliver orders time specially pin code 248007
1,team not short problem
5,good
1,not delivered product arjent product
5,products year import mentioned also buy
1,no help end
5,customer care good service
5,amazing job rescue time energy please care tq
5,good
5,good experience
2,first send order properly main address
5,nothing
4,good
5,
5,customer executive good informative highly appreciated product packaging bad
5,good
5,thanks
5,good
1,bad experience delivery partner called telling thay reattempted please discard
5,good
1,koi bhi prakar ki sunai nhi meri problem suno samjo muje mere refand dilwa please request
5,good behaviour soft spoken
5,lenguage good recpect
5,coronation good
5,nice conversation executive
5,thanks
5,good website shopping
5,blacklist fraud sellers
5,thank meri baat suune apse baat kiya toh apne bhout acche se smjha diya
5,return resplacement policies shopzilla worse superbuy
4,consignment delivered open box delivery executive get properly checked customer
1,not able resolve query
5,happy
5,nothing
1,shopzilla give us c class online service
5,ensure delivery partner not fraud
5,remove upgrade chatbot
1,executives lying told placing order send us email adding gstin order placed update backend executives saying provided wrongful information no provision exists bearing loss 12 15 thousand rupees bcz incompetent staff fraudulent practices ideally provide box add gstin number payment page standard practice never purchasing anything shopzilla ever worst worst experience pay extra get elsewhere buy guys deal rude incompetent staff
1,poor customer service no resolution provided
5,shopzilla service executive resolved issue quickly
5,please add bengali language customer support section via executive
5,thank u
5,nice
5,ijk
1,executives shit next time not place orders product not delivered no one responsible shit service
1,customer service pathetic neither deliver nor cancel showing delivery last 5 days better forget pre paid grocery order
5,good
1,refund
1,rechaved flever
5,good sports sirok
1,please call customer resolve issue time
5,everything good
4,need n number improvement services prices trust
1,bad product
5,thanks support
5,bahut achhe se baat sir
1,zero
5,
5,nice conversation customer support appreciating
1,totally frustrated shopzilla support team worst service ever
1,order cancelled saller end
1,not happy problem solve not deposit amount rs 1899 pls quick slove problem
1,worst online shopping app
5,good
1,agent address customer issue resolve instead providing unethical reasons
5,good
5,thank
5,good
5,happy shopzilla
1,worst experience shopzilla cancelling product without knowledge customer
5,provide delivery person mobile number
3,good
1,miss guide wrong information
4,good
5,thank
1,problem not short customer care executive request please solve product issue warranty
5,best
1,pothatic nature shopzilla customers employees abusing customers not picking calls complaining 4 times bad not expected shopzilla disappointed going delete app stop shopping app ansuding language agaithe customers bye bye shopzilla also returning items order recently make aware shopzilla user not go shopzilla thankyou
5,best customer service
5,thank sir
1,receive product
5,nice communication
5,thnx
5,specific contact way phone call
5,amazing helping lot
5,awasome experience
5,good executive understanding quickly thank u
1,yesterday phone delivered facing issue hanging laking also hardware issue customer care not help issue also product 7 days replacement policy customer care not exchange product tolt please contact brand totally frested tell type resolution
5,thanks monika support
1,sad team installation hat shopzilla
1,bad
5,thanks shopzilla
5,language not available communicate customer care executive
1,shopzilla best application products providing issue 3thre party always credit card payment done product not received 7 working day back money please shopzilla sport cumtmers active business policy thank
5,customer care service impressive
4,good
5,thank
5,good
5,good
1,bad
3,solve coustomar issue properly
1,fake delivery agent no product delivered fake chheat
5,awesome
5,proper inspection seller product sold shopzilla
5,good
4,happy
5,improvement mobile exchange policy
1,hi ur executive clever person solve issue erlier executive hopeless
3,
5,good
5,none thanks
1,bad responce
5,good
5,good
5,good
5,two orders missing till date got refund
5,please give customer care number app
5,nothing
5,customer care executive ke pass article ki actual complete detail honi chaiye sab
5,please openly provide information regarding called open box delivery bold letters please mention open box delivery
5,best
5,nothing
4,please provide customer care complain desk
5,nice behaviour customer service representative thank shopzilla please feedback check please solve concern please add supercoin deal 1 rs example headphones speaker watch puma shoes veirdo oversized tshirt etc maximum products add supercoin deal 1rs 49rs 99rs deal please add product supercoin expired maximum future soon please shopzilla shopzilla team focused concern thank
5,aap sellers bolo k sahi product send karen picture mai kuch aur tha send kuj aur kar diya not match even one thing match picturethx
5,everything good
5,good work
5,nice
4,problem solving lates
5,return policy poor agent good
5,good
5,representative talked manner keep
1,shopzilla frod company
5,good
1,still issue not resolved please asap
1,unresolved issue formal noticedear sir madam writing bring attention ongoing issue facing recent purchase shopzilla order placed 15th july since diligently trying connect customer service team every 3rd day attempt resolve matter no avail timeline provided service team resolution not acceptable caused undue inconvenience distress already submitted doa certificate authorized service station along photo packing faulty laptop 31st august customer service team assured would receive update within 24 48 hours however disappointment no response progress resolving issue since demand new replacement laptop delivered within next 24 48 hours event company unable adhere reasonable timeline request promptly inform issue remains unaddressed unattended no choice resort legal action submitting complaint consumer court
4,give options no return policy send damage wrong quality issues products
1,customer care support not want solve issue always convey thing customer see app no action taken case closed without solution unilateraly
2,poor
1,please return product
4,discussion call received transaction 26k team confirmed not site expect call spam
5,good support
5,good going keep ensure right product orignal product reach cuatomer
5,happy
5,good performance
5,good
5,customer care service boy behaviour good nice
3,following refund since week not received yet please process asap
5,best
5,
5,coustomer support awesome
1,bed feed back
3,nice
5,thanks
4,ok
5,every time help
5,
1,sir opening new seller account used inside spelling wrong please try correct mailed many times no response coming shopzilla side nor call coming not satisfied service shopzilla
5,none
5,solve
5,tq
5,good
5,excellent
1,worst experience shopzilla
5,kajal polite respectful understand customer problem help good manner thanks kajal thanks shopzilla providing responsible person customer executive
5,exxlent
5,customer executive supportive
5,awesome service
5,govind
5,thank support
4,good job
5,good job
5,solution oriented
1,worst service feel shopzilla
5,ok
5,ok
5,nothing
5,nice
3,customer executive voice not clear audible said wait 24hrs get clarification order pending state 24hrs long time wait get clarification order also payment stuck given order
5,love shopzilla trust platform need refund please return
1,first time requested return hassle return product delivery boy said damaged package returned app request customer team asking upload image product different angle believe customers no one going tell lie small thing
4,customer care supporting good
5,no thanks
5,thnkk uuu
5,good person attend call
5,good
5,
5,better experience
1,4th time delivery denied pick return give excuses senior staff denied pick time delivery denied pick rescheduled tomorrow automatically cancelled end time also denied pick make false statement rescheduled time also thia pick rejected automatically logistics end service shopzilla give customers report complaint company consumer forum
1,return cancelled automatically sad regular customer shopzilla around many years choose another online shopping site
5,damaged prodact
5,thank
5,please watch delivery executives carefully not type issue customer
4,check twice delivery
1,asked smart card warranty invoice provided product invoice
5,good
1,want understand issue
5,good behaviour customer support
5,make option share screenshots today world smartphone show proofs
5,super good
5,good
1,bad service executive customer spport employees indeciplane
5,good support customer carethanks
5,communication skills helpful
1,bad service always waste time costomer shopzilla never shopping shopzilla
5,no
5,
5,everything great
5,good customer care experience
5,excellent customer care services
5,tnx
4,please refunds
5,executive information helpful
5,good customer exclusive supporter
5,nice talk executive
4,better
3,didn闁剧粯娲濋崝鍛存嚇閻 give money want refund
5,good
5,lovely
5,good work
1,team not solving issue since last 30 daus
5,thanks
5,good behaviour
5,good
4,keep
5,return policy improve karo plz
1,please return product
1,oder nhi declined oder
5,good service customer like
5,good
5,no
5,thanks supprt
5,excellent
5,good
5,add language customer care
3,money deducted order not placed
1,worrest experience not seen anywhere except time simply loose amount think gambling even unable credit amount original bank account also see amount pay later account also trying book item cancelling item wondering see pay later option like item payment option see cheeting customers days
5,nice nice service sorry misunderstanding raised wrong complaint apologies delivery guy genuine guy apologies
1,word customer support executive assured order delivered 11 pm today see order reached yet pathetic experience customer support
1,hello
5,good
5,loved
5,thanks
5,hi
5,good
5,v nicely
5,sweet
4,thanks
5,good
5,thank shopzilla support teem
1,customer care executive not qualified person not even pronounce properly even spell words
4,refund time
5,thank
4,improve ur retrn policy
5,happy
1,customer care note support product women nightie 2 months not refund money
1,shoes not resolve
1,bad experience shopzilla
5,nice
5,best
5,nothing
1,shopzilla executives not helpful receive calls disconnect without giving solution
5,excellent
1,instelition
1,facing problem returning order 15 20 days got zero support customer care order still not picked
5,want win lottery make money buy ticket
5,better response qualified person thank
1,automatically order canceled
5,nice voice
1,everyone saying thing please wait 24 48 hrs solve problem nothing happened
5,nicccccceeeeeeeeeeeeee
5,nice easily connected customer call
5,thanks
1,chal rahi aur charging mein dikkat rahi hai
1,time time not work systeem
5,happy
5,bahut achcha
5,nice interaction customer care executive
5,good
5,thankyou
5,good job mayank brother
5,awesome
5,helpful
4,old customer support quite better onewe directly reach executive question n problem n first ask u r ok ot not make change
5,good
5,excellent talked experienced person full faith solution done thank sir behavior good needs people provide right service system
5,nice sole
1,no response customer care
5,nice
5,worst experience shopzilla
2,
5,good
5,satisfied
5,good
5,happy
5,
1,bad customer support services provided shopzilla understand actual problem customer waste time not provide solution customer
1,nothing use
5,excellent knowledge skills
5,good person
5,payment due not good
3,talk customer support quaries know information
5,good job
5,good
5,no nothing
5,plz deliver product time
5,spoken person
5,thank customer service center
4,good
1,worst experience
1,tm log nai kar rahe mere paise paise waps karo
1,bad experience
5,delivery boy not good improve delivery facility
1,make ambiguous false representation product page
5,need penalty wrong item slow service bacause trust know shopzilla not sellar
5,gjjjzjxgxteuhxgxe5xhxh
5,good
4,stop delivering used defective product customer
1,not helpfull
5,nice
1,wakvas
5,conveyance
1,raised concern something executive cut call even hold cut call call even issue still exist customer service giving customers
5,thik thak hai loan customer service number dena chahiye taki direct bank walo see bat kar paye
4,customer service good satisfying issue not solved no updates like ticked raised looking issue something related application prefer getting information regarding issue application rather e mail phone communication would great experience wrong product replaced product ordered
5,good
1,please customer ka problem main dhan di jiye
5,customer executive good well polite helped query great work keep
5,nice telling
3,product old damaged need exchange
2,enquiry development
1,return second time cancelled shopzilla give refund replacement soon possible waste time like harrasment
5,good combination
1,issue not even addressed till technician call scheduled yesterday receive call update yet
5,played last ipl season contest shopzilla win voucher till today credit tried calling customer care shopzilla many times succeed present feeling one cheatated thank best wishes shopzilla
5,osemmmmm service
5,thanks sir
5,geetanjali good
5,sweet
4,good customer excutive service shaurava aarama
1,no help
1,facing delivery issues plus member
1,rasing complaint consumer forum due negligence shopzilla support system received faulty product neither shopzilla taking ownership not
1,really really bad experience you闁剧粯娲濋崝鍛存嚇閻ㄥ reading please understand concern not satisfied product it闁剧粯娲濋崝鍛存嚇閻 defective sound hence raised return given time refund also approved team check also return pick given two times occasions member hasn闁剧粯娲濋崝鍛存嚇閻 came pick contacted several times cross check also delayed 10 days pick order didn闁剧粯娲濋崝鍛存嚇閻 happen till hence return policy dates seller crossed due failure picking item suffering shopzilla team superbuy best till date made huge mistake least replace item colour need also not better please take product give money original source shopzilla pay later go thruway see it闁剧粯娲濋崝鍛存嚇閻 mistake not picking item made wrong commitments saying refund approved cross check don闁剧粯娲濋崝鍛存嚇閻 know say horrible experience
5,thanks much supporting
4,thank shopzilla
1,sabse bekar company shopzilla har bar phone cancel kr deti h last pe bolti h seller ne cancel kiya etc etc
5,nice
1,worst customer service ever seen
5,good customer care
5,happy customer support
5,good
5,good
5,good
5,fhh
5,excellent customer thank ji
1,poor experience u fraud
5,well
5,good enfarmation
5,thanks
1,guys con expect anything
4,good
5,customer support good
5,customer care friendly helping hand
5,good service
5,happy solve issue
5,good way talking
1,return time cancelled delivery man not pick
5,ashwini champ
1,bad lose services web portal
5,thank support
5,thanks
5,good response well knowledge customer executive
1,sound
5,wishmaster repeatedly creating mischief not giving sale invoice item description often items found missing checked later
5,im satisfied n feeling good bcoz customer executive support solve problem talking politely thank u
1,not refund time
5,best
5,good
5,good
3,not good
1,issu solve nhi e sirf sorry bolte hai inko kya sorry bolne ki training de rhaki hai kya
2,please refund product product warranty available please technical issue refund product
1,cut call behaved rudely
5,thank much madam
5,delivery time product bad products not delivered time
5,prblm not fixed technical issue yet way explaining feel like prblm not fixeble would get fix kind polite forget name person humble
4,no
5,delivery boy behaviour poor
5,
5,good
5,difficult reach customer support delivered grocery items could not lodge complaint somehow managed get touch support executive
5,happy
4,well boat pretty big company 2 products defect not expected please pass feedback boat team serious quality issues
5,better
5,good
2,not able solve problem give customer care executive power solve queries otherwise no use customer care executive
5,thanks
4,customer support agent polite good communication skill
5,nothing happy
5,good
1,nhi lagta hai meri complaint resolve nhi hui h
5,thank shopzilla request completely working
5,nice
1,good
5,platefrom allready well customer 闁剧粯娲濋崝鍛存嚇閻 help
1,wasting time second time product receive
5,samajhdar ko ishara kafi
3,behavior nice
5,good
5,thanx
5,good effective team player assist
1,oder return
5,good impressed
5,verry happy good
1,every customer care different answers also not correct
5,good
1,bakwaas app
4,thank delivery product soon good
5,make easy contact support members
1,bad not solved problem
5,ok
1,worst service ever shopzilla
5,good
1,not communicating issues next level properly
5,5 5
5,please solve concern
1,change seller
5,thank good
5,support helpful thanks shopzilla
5,good
5,good
2,care tell provide oppo care center no mail know feedback support find right informationmy concern perchase bluetooth shopzilla named oppo enco m32 warranty 1year bluetooth not working right side tuttor want know process returning take warranty product no help side plss help concern
5,good
1,issue pending around 4 months still no resolution
5,no
4,nice custamr care help nes
1,not understanding issue correctly
4,sell different products high price
5,customer support executive great guy resolved issue simple way without problems problem happened reaching customer support executive rest good
5,good
5,nice
5,thank shopzilla good support love
4,please respond early possible
1,phone call went 32 mins without resolution executive basic understanding policy repeats thing no intention resolve issue
5,thank everything mujhe ache se ar k liye thank much
5,delivery executive haven闁剧粯娲濋崝鍛存嚇閻 given order marked delivered
5,good
5,plz kn solve problems plz
5,return pickup time long
5,good experience
5,good men owner uploaded petition member honest men
5,thank much
5,customer service good
5,done liked ur way talking
1,resolved issue quick possible
1,even not willing understand problem
5,good
5,good
5,nice person
4,customer service well mam ne bahot hi acche se baat kiya
5,improve wait time calls takes time call initiated shopzilla end
4,happy
4,customer kisi hai agar customer executive usko solve senior ko call transfer karna chahiye 2nd thik jab ek bahoot purane customer kuch problem face hai usko solve karna chahiye bt ki sunte
1,not happy shopzilla
5,best
5,give return directly not seller contact seller first replacement problems return much hectic procedure please simplify
5,good
5,good talk
1,callled number provided lg customer service even pick phone disappointed disgusting
4,everytime order see order put hold many day kindly fix
5,thanks deepak choudhary helping easy way
5,call disconnects middle conversation agents call back immediately
5,nice response supportive cooperation
1,ok
5,nice talk representative helped lot way dealing realy nice
1,customer support 100 assured deliver medicine shopzilla team 0 supported order cancelled
5,good
5,good cominication
5,thanks
1,fraud
5,thanks
5,good
5,good
5,mujhe acha lga ki bhot pyaar se samjhaya sir problem ka hal thx adaice
1,sad shopzilla
1,fruard company
5,excellent
5,solve problem thanks siri
5,please resolve issues earliest
5,best shopzilla care
1,
5,thankyou
3,delivery executive bad behaviour bolraha hai tum order office main dunga kya kare bataiye shopzilla support
5,nice good sarvesh thanks
5,happy
5,fine time need talk see nexxt time
1,bad feedback
5,refund money not coin
5,great
5,issue not resolve
5,good
1,hopelesss
5,purchasing product remotely online unsure performance based solely appearance functional visual flaws appear return replacement simple straightforward
5,thanks shopzilla team services
1,not happy anything forced selecting survey not moving ahead selected random option big
5,good service helpful conversation representative
1,worst service shopzilla usual
4,good support provided customer support executive
1,customer care agent ashish escalation department hung
1,please policeise flexible
5,na
5,nice performance customer support executive
5,happy shopzilla customer service hope problem resolve soon possible
5,good satisfied
1,return used phone
5,good service issues aslo solved thank shopzilla
5,easy contact
5,good conversation respect customers
5,available needed product
5,no good
1,try solve problem
5,customer care people shopzilla nice solved problem giving good suggestions thanks shopzillas
5,worst service form providing solution
5,overall good
5,know problem solve not hope best
5,everybody help
5,fully satisfied
5,good experience
5,uski bahan ki chut mere call per
5,good
5,good help
4,problem faced today due lack information provided shopzilla return policy need descriptive
5,thank sir
1,agents one solution please wait 24hrs resolve issue amount refunded back place new order
5,experience good customer support team help best like support team nature
1,using shopzilla many years time no executive resolve problem fed everything time calling calling still issue
5,shopzilla customer care service members supportable person
5,thaku
5,remove sellers giving rotten items platform
5,best best
5,helpful executive deserves appreciation
5,product must checked shopzilla team order customer delivery agency providing product not trustworthy received defective product last order e party speeker
5,thank
5,really nice
5,good
5,good coustomer service
5,excellent staff co operative friendly helping resolving issue immediately makes customers purchase shopzilla hats shopzilla keeping thank sir
4,long time hold
5,good
1,training require customer executive
5,thnku much
5,customer service good app experience not good
4,ok
5,good
1,delivery items another company not take proper answer
5,excellent
5,plz delivery product good quantity
5,super
4,take strict action delivery boy deliver product cancelled product without knowing customer executive good
5,good
1,guys say order within timeframe get particular date please time don闁剧粯娲濋崝鍛存嚇閻 cheat customers
3,got proper solution
5,consumer services fabulous tolk shopzilla costumer service specialists make easy solve problem thank shopzilla team
5,thank
5,good
5,strongly trust shopzilla
5,happy
5,good person
5,nice
5,spoken persons
3,tools resolve issue provide expect good outcome
5,kindly solve every issue two days
5,suport happy mam
1,beur bhadaura road school
5,helpful
5,good
4,please verify product packaging whether working not bcz customer facing issue
5,thanks mam
1,product diya hai return leta hai na replace hai
5,ok
5,happy
5,mr really helpful solved problem thank
5,05 ok
5,thanks helping
1,
3,dally
1,dilevery boy tamij nahi hain phone exchange old phone aaplicashndaunlod karke usko install karna bhi nahi ata
5,need make policies product issues
5,nice nature saport may issue risolv
5,superb
1,bad
5,awesome team
1,pooar service shopzilla
5,good talk us
1,poor quality
1,happy
5,good
5,thanks
4,since issue regarding missing accessory carry bag supposed inside box tyre inflator however issue customer support person suggested complete product replacement not required delay usage device apart additional logistics costs hence suggestion send missing part customer easy fast solution
5,good
5,nice helping nature
1,bad experience
5,satisfied
1,no shoping shopzilla
5,good
1,issue not resolved
1,no escalation matrix follow need agree mistakes
5,thanks
4,payment related issues facin
4,good
5,nice
1,address umarkhed number find tracking look not mine not item ordered no matter many times complain problem not resolved give item money tell customer giving date phone not answering request call solve problems think money grabbing organization like rest people trust given information bill removed item front customer representative please call ask customer representative check phone recording check lying confarance call speaking customer representative named rathod brought attention fact shaking head think sir tell
1,cell get disconnected
5,good happy speak
4,right time delevary
5,good
5,order received variance order attempted correct product instead canceling whole agent take note ensure circulated thus reaches feedback seller therefore one expect right product time
5,good communication
5,thanks
5,good service
5,thanks
5,thanks
1,executive rude
1,ishu not resolve
1,cheated employees working
1,no sulasn product definit demaze bi ha
5,problem not solv
5,problem resolved minutes shopzilla customer care absolutely fantastic handle problems sharp mind
3,not feeling good size products
1,3rd complaint issue not resolved till date every complaint told complaint resolve 3 days
5,thanks
5,nice service
1,wrote many mails support claim warranty nothing else working
4,issue not resolved delivery executive not taking ownership
5,overall good
5,please deal not deals delivery
5,none
5,nice
1,worsted aap ever
4,supop
2,add return policy also place replacement
1,nothing
5,good
5,good experience
5,good
1,much time resolve issue
5,good support customer service thank
5,delivery agent behaviour good towards coustmer
5,every thing good
1,horrible
5,interaction executive not end clear solution problem exhibits lack power customer support executive shopzilla customer end call nothing wait delivery product happen said time limit bounced next day saw no point conversation executive problem still remains added explanation situation always beginning
5,abhishek sir good
3,bad experience improve
5,good work nr shyeed plz change number
5,thanks
2,network issue
1,issue not resolved
1,no use talking executive think feel shopzilla one fake application looting people money
5,try instant refund process
4,product totally damaged
5,
1,waste give feedback raising complaint executive people asking stupid feedback instead solving issue waste time energy
5,really nice polite helpful address problems resolve
1,worrest service electronics
5,good call quetied solved
1,vfgg
4,thank
5,good
1,paid amount 13548 receipt showing amount 13148 400 rupees less please refund amount 400 ten days wise go consumer court hope resolve issue time soon possible thank regards
5,give man good raise thanks help bud
5,good
1,return request closedi not happy allready one year extended warranty
1,sud
5,return policy return pick method poor difficult return item delivery pick executives calling not reaching address canceling
5,hii iam debasish nish costumer service shopzilla
4,please quick installation
5,v good
3,return policy felixible reduced time taking resolve issue thanks
4,good job timing not good
5,good
3,bad service shopzilla
5,vary nice
5,good agent
1,pathetic support customer care services
5,thanks ur sport mam
1,last 4 months not solve issue
5,thank u much sir shopzilla customer care best
5,good
5,best communication helpful nature shopzilla customer service executive
5,consecutive 2 dates already delayed bad experience shopzilla ing service
5,good work men
5,feedback
5,good experience
3,thanks
5,excellent
5,complaint quick action required
5,gud job
5,talk good pick boy not come fast
5,top service
5,help center boy gentle listen properly took long time properly listen problem plssfix soon
5,thank customer care
5,good service
5,helpful whole conversation
5,nice
1,not solved problem
1,try check items delivering facing problem 2nd time hearing slow disturb valuable costumer
5,good services
5,easily connect customer supportplease provide particular option call customer support wise everything awesome
5,big pigeon world
1,no solution given customer support executive shown ownership product smells bad
5,v good consultant customer support
5,good
5,nis
4,time seller policy not good seller not understand problem make choice customer
5,problem solve time plz look
4,thanks support
5,better
1,unhappy service
5,good
1,8pm need come things need help bad service
5,really thanks support
5,ki hai mujhe lagta hai ki mari help hai achhi baat thanks please mari help kro
3,still concern unsolved
5,good
1,shopzilla grocery worst experience ordered 22 items delivery guys deliver 19 well act like 22 even count items tell 19 not listen mark order delivered
5,good
5,good
5,good work
5,thank
1,really frustrated upset order not received stipulated date time plz take action asap want order
1,refund nahi raha
5,overall sense good like shopzilla
5,need little bit easier customers policies
5,good quickly thank
5,executive good shopzilla policies worst
5,satisfied talk employee
5,
4,good
5,good work
5,customer service executive polite good behaviour satisfied response want refund incomplete order
5,make easy contact support members
5,good good
5,nice meet shoport
5,awesome
1,put hold 5 minutes disconnected call
1,jeeves fraud company shopzilla
5,kindly make available reginal languages person contact customer service
5,happy talked miss soniya talked solved problem thanku
5,good
5,good
3,nice
5,good speaking
5,however receive solution complaint complaint forwarded next level received apology facing trouble would advise instead closing genuine complained apology statement shopzilla strive towards solving issues effective satisfactory remedies way lead market
5,love shopzilla
1,offer axis bank credit card discount done order give cash back cancel order
5,great guy understood every aspect solved query ease keep going boy
5,thanks
5,abhi tk sb thk h
5,request please solve essue
5,good
1,neither app nor appropriately knowledge delay reasons
5,first time face problem face
5,good
5,nice
5,customer care executive polite repetitive politeness statements pleasantries could reduce otherwise understood complaint resolved needed
5,please check product internally first
4,good behaviour
5,good customer service
5,thank shopzilla executive solve issue thanks help
5,tell location call centre still giving csat apology empathy assurance missing need work
3,bad experience return many time follow back
5,good experience aniket ji
5,nice customer support easy explanation
5,easy reaching thorough call
5,good
5,nice talking
1,open box delivery damaged payment refunded instantly
5,nice talk guy happy
5,payment issue problem
4,help customers product service related complaint
4,good
1,u
1,voice unclear resolve thank
1,customer executive gave wrong information
5,love
5,ok
4,thanks
5,good
5,nice customer support
5,happy
1,waste service
5,niceee
5,great thanks
1,not happy not resolved issue tired give complaints not resolved issue valuable costomer issue not resolved make decision closed shopzilla use app next order
5,always happy shopping shopzilla never purchase side always purchase whether big billion sale not always happy support
1,worst information
1,nice service
5,good
1,service provider not responding
2,power bank
5,good
4,best
1,execute know anything asked shopzilla pay later blocked gave idfc bank customer care number asked ask called options computer gave matched nothing related matter uneducated executive
5,good work
5,polite
5,make sure product information product sent matching
5,good support executive
5,good
5,good
1,pathetic customer supportpathetic services people care anything harassment would better word services
5,nyc person talk
5,nice call understand
5,good
5,good
5,super exicutive support
5,u hv quality beat employee
5,thank
5,fast
5,thanks supporting
3,instead chat bot answer queries customer agent talk customers al least option customer contact customer representative
4,bad delivery bad packaging
5,top girl nice voice
1,u give service buy product
1,senior executive dumb didi not know handle customer resolve issue asking resolution put call mute shopzilla service
4,sometimes size chart different actual size please update size chart per brands
1,kindly deliver correct product delivered wrong product twice
1,worst service not expected shopzilla others online platform best shopzilla regular customer bad experience
5,nice talk customer care
4,good sarvise
4,please provide toll free number esliye call customer
5,customer service helpful
1,shopzilla cheap quality business start said
5,customer executive really good sincere big company like shopzilla give space top management customer satisfaction effected executive good
5,produced damage
1,issue not resolved even interaction customer care
1,pathetic service pathetic service
5,nice speaking yaar
5,good behavior
5,no
5,no problem experience quit good
1,charger not working pzl return
5,good consult agent
5,good thanks
5,give chance customer choose delivery courier place courier office service not good effected
4,happy
5,thank
5,inspect sellers regularly display rating website like earlier u guys used helped us taking informed decision
1,wrong product receive complete different product different colour brand design please help accept issue solve problem much frustrated bad service hate sailor much disgusting person issue not accept salesman bad person show something else sell something else money not returned lost 5 399rs please help
5,super madam
1,good
5,happy
5,thank
1,pathetic customer care
5,good
5,good
5,good interaction
5,ok
5,nice meet
1,product damge return product
5,good
2,make installation process bookings support much easier
5,make sure executive get educated like bcoz not educated ur system
5,nice person
5,customer support employee good behavior
5,nice
5,happy costumes care thankyou shopzilla
5,good
5,issue offer recent orders 100 applied paying paytm wallet yet received wallet hopefully waiting resolution issue asap
1,ordered white colour mug received black mug it闁剧粯娲濋崝鍛存嚇閻 10days delayed expected date
5,good communication
4,
5,executive humble professional
1,2
5,thankyou costomer sport
5,thanks support
1,false promises made shopzilla installation related 1st aug 23 vu glo led tv delivered notification updated installation done 03r aug 2023 4th aug 2023 no updates
5,good work
5,good
5,good behaviour
5,good
5,thank much
5,nice cordinator
5,please ensure type electronic products warranty related services provided home related companies insurer like jeeves please bother customer go service center shopping online not face hassles market want send us back not good thing everything else fine
5,like confidence
5,thank
5,professional well behaved customer service happy resolution provided thanx
4,worst service shopzilla smartbuy support
1,bad response shopzilla
1,think give atleast 12 hours choose color combination mobile order sometimes costumer realize order cant change color although love shopping always fulfills aspects costumer new products new offers
5,shopzilla customer care goods please broken product please refund
1,hat delever agent
5,good
5,best
1,please resolve issue asap totally frustrated no help provided
5,good conversation agent thank
5,good
5,thanks support love
1,watch problem
4,everything okey
1,clearly write combo product one physical another one soft copy
1,delivery timing bad
1,customer care sit chair eat food nothing zero knowledge anything manager also like
1,need refund back original account
1,issue not resloved till date post tweets tweeter case shopzilla
5,dhdjdj
1,received poor quality products well missing products 3 green coconuts not even drop water defective coconut delivered complained matter customer support no help return product gave time solution closed complaint called saying return policy expired
5,please chat product delivery
5,helpful executive
1,shopzilla se kuch bhi kharidneka nahi 3rd party installation service boy ka attitude behaviour nahi aur installation ke liea call karahee location batanse bhi nahi arahee aur 4 days installation delay karhhee aur jhutmutme sms bhejrhee ki customer se bat nahihoparhee bolke daily miss call derahee apna side se call karnse lift immediately action lelijea
1,order not delivered
5,happy
5,please understand problem customer
1,much time take respond
4,please changed policy consuming products sellers sale fake products no return policy take profit type activity bad effect shopzilla image
2,please fruit full action issue not try fool customers like mr
1,bad response customer service till problem not solved today last date refund
5,super
5,call time may reduced not big issue way thanking
5,good call bhich cut ki hai not good
5,good
5,good
5,pls provide information product size specification even small photo difficult judge original size customer confuse
5,thankyou sir
1,bad service customer support agent solve issue disconnected call thier side
5,good helpful thanks
5,good
5,wonderful
5,thanks
5,good
5,it闁剧粯娲濋崝鍛存嚇閻 good experience talk keep supporting peoples like mii 闁剧粯娲濋崝鍛存⒔
5,nice person
1,get drunkards attend call
5,giving bad response
5,good
1,consultants not understand concern keep repeating issue
5,shopzilla customer service good like customer service
5,executive understand query gives correct information
5,helpful
5,no
5,good
2,not interested
5,good knowledge humble
5,good service
5,good
4,experience consultant good way talking understanding problem good闁剧粯娲濋崝鍛存⒔婵 瘈t policy seller reason didn闁剧粯娲濋崝鍛存嚇閻 get good support consultant good got happy call policy regarding return exchange thankyou
1,no
1,1000 extra take
3,thank
5,agent helpful
5,good
5,nothing
5,shopzilla service better others
5,committed coustmer weather done not take follow
5,good
5,good
5,good
5,good
1,bad app
5,thanks
5,issue delivery executive
5,nice service
3,good
5,service care good information happy
1,issue not resolved seller time colling seller side not responding charging cable not work facing big problem
5,raw banana almost ripe needed exchange customer service executive really helpful explaining procedure thank much
5,plz provide e customer support system
5,helped lot assured resolved asap cleared everything easily thank much
5,expecting quick action requested topic complete delivery pack 2 second attempt received pack one insted pack 2 surprise waiting 3rd attemptpositively pack 2thanks
1,worst
5,good
5,nice talk man hope issue slove soon
1,bought anything fli fli take ownership arrange manage call manufacturer service repair
5,please ensure good service product
4,good support customer service excutive mic issues experience
5,happy sir
5,excellent
1,r wrong time provide unbranded chinise ensembled product refund know not shopzilla policy time facing problem responsible shopzilla
5,exllent
5,excellent
5,good
5,greatly resolving problem regarding orders shipment
5,nice
1,coustomer support executive officer rude
5,ban seller send wrong size colour product also need take strict action sellers
5,satisfied coustomer supportthanks
1,please coordinate well shopzilla pay later lending partner idfc first bank send financing discount bill correctly lender shopzilla application money not deducted credit limit customer
5,fill feedback box valuable suggestions not able use entire team fail solve one problem pickup see joke day one delivery boy handling entire team shopzilla making fool senior manager useless delivery boy deserving candidate handle customer care service thanks alot support
5,
1,bad experience
1,asked return date 2 3days
5,good service
5,polite understanding customer care services
5,good
5,good
4,good
1,getting tired customer service not easy reach not giving proper details us
1,hair dryer not working every one raised complainant issue not resolved still waiting response
5,quick approch helping cystomer care service awesome love shopzilla
5,nice talk u
2,solve issue soon possible
1,cut call not return call terrible professionalism worst executive far
5,thanks helping
4,no
5,good experience
4,nice
5,thank information mr price
5,good enough
5,executive good
5,good person behavior good
4,good
5,bahut acha lga bat kr ke thik complete not solve problem relax feel ask mam hope order time deliver peace thank mam
1,customer executives not providing solutions diverting
5,best
5,good
1,want offer prder placing time order not placed due website issue offer not available product made payment two times still not placed completely ridiculous shopzilla issues website
5,baat chit solved
5,happy shopzilla executive sandeep way talk good
5,super
5,best
5,excellent
1,stop keeping someone else闁剧粯娲濋崝鍛存嚇閻 money pls give refund
5,please ensure provide correct update dispatch status app order shows delivery since day yesterday whereas not yet arrived
5,nice work
1,no come whishmaster delivery
2,difficult make understand called 5 times still no resolution
1,bad experience delivery boy
5,jhah
5,good work
5,make executive learn bcoz executive uneducated system
2,shopzilla getting worst day day tell customer shift superbuy
5,thanks
5,happy
5,
4,shopzilla need good delivery boy
5,make value offer customer support
1,problem not solved customer care executive told contact service centre provide sale types services buy product shopzilla platform still buy trust shopzilla shopzilla solved afte sales problem poor experience un helpful customer care service
5,highly efficient customer support executive solved query no time thanks shopzilla
4,wonderful fabulous customer service
5,good
5,mst lga
1,still didn闁剧粯娲濋崝鍛存嚇閻 get refund
5,calling costume care time product based possible separately not possible connect
5,tq nivesh
5,thanks
1,bad experience also disconnecting ongoing call
5,good
5,good customer support thank help
5,good
1,good mam aap se bat kar ke achha aap problem solf kiyen
4,please resolve issue falstly
5,
5,nice
5,done
1,shopzilla service bad not purchase site
3,best
1,make policy flexible feasible costumer
5,good
5,not
5,4
1,customer care not proper update avoid saying scripted lines hopeless
5,
5,please solve issues replacement
3,ensure timely response information email sms lg tv delivered morning get sms email around 3 30 pm instructions required followed delivery
5,thanks solve prblm
1,automatic complaint registered horrible aslo complaint police station consumer case
3,customer care required information shipment product delayed customer care not information reason delay new timeline dispatch
5,thanks
5,good
5,good
4,talk fast good thanks
5,customer support not available properly calling month till problem not resolved
5,good
5,
5,good feel calling solutions
5,
5,excellent response shopzilla helpdesk
5,
5,acche se shamajaya thank sir
5,veri veri gud
5,customer care services good
5,bahut bahut dhanwad aapko
5,good
5,awesome experience
5,good
5,good communication customer
5,nice customer support shopzilla
5,excellent
1,poor customer support
4,give response immediately
1,gan u galat mal veja return kar vikar sala
5,provide facility track order along phone numbers item hubs
5,everything good
4,good
5,good
5,option select delivery pick date
5,try refund faster another app
5,good
5,
5,okay
5,apne
5,excellent
1,bought headphone board shopzilla not repaired service center speaking work not boy work bought made buying electronic goods online
5,nice
5,well done happy cost support excutive
5,please make customer care no easily accessible app
1,customer care agent ashish level 2 hung despite knowing reported 5 different issues
5,excellent
5,satisfactory self thanks proper service
5,improve tracking orders 1 month still havent received exchange order dissapointing
5,good
4,good service
5,nice conversation
5,awesome
4,good
5,executive clear understanding took minimal time address concern gave update thank efforts
4,call disconnected couldn闁剧粯娲濋崝鍛存嚇閻 contact back
5,good work
5,good
1,disappointed
5,good
5,fantastic cinversation regardibg issues thanku mam much love
5,please deliver product time customer
5,executive
5,customer service fabulous impressive
5,nice
3,please cheat us shopzilla yess ofcourse today big company please respect beliefs surely one get great fall good day kah kar chutiya banana aata hai bss paise khakr baith gye lootero wapas consumer forum 1 coror ka case smjhe
4,thank
5,helpful
5,gud
5,good
5,thank
5,want return product smart watch
5,good
5,happy customer support executive becouse really helpfull
5,good
1,remove dizo brand shopzilla brand help doesnt provide service via call via gmail service centre
5,nice
5,nice
5,bahut acha
5,feel helpful
5,good
1,not received order may payment
5,thanku kajal mam
5,thank u much
5,order not confirmed account debited case getting slow response regarding refund try improve refund section
5,issue received whatsapp sms whirlpool direct cool refrigerator order way ordered 563 side side refrigerator consultant confirmed 563 ltr side side refrigerator way sms received wrong apologized behalf shopzilla wrong message inconvenience
5,agent active knowledgeable concerns starting not sure status provided correct information
5,good
4,make everything easier
5,thank
5,nice experience
3,great trouble order wd hard disk
1,shopzilla grocery worst experience ordered 22 items delivery guys deliver 19 well act like 22 even count items tell 19 not listen mark order delivered
5,satisfied conversation
4,great survice
5,good
5,best
1,try avoid duplicate sell exact product verify shipping
5,delivery person not arrived per delivery time requested 1pm 2pm thatswhy person placed order not available raise concern 1 hour order receipt pls ask ground team follow delivery instructions heart otherwise issues may repeat
5,refund suppose credit 2 8 yet not received
5,good
5,person nice talk understood query well
5,good
1,u committed delivery date never change
5,good plz provide executive numbers mail
5,agents difficult converse one great agent
5,easily solve problem thank
5,
5,good service
5,nicethanks
5,no
1,problem not solving single call called 10 times problem still unresolved
1,issue resolved yet
5,ok
5,good job
5,thanks
5,impressive
5,2nd time may issue risolv thanks
5,thank listening problem
4,best
5,nice
5,thank
1,solve problems quickly
5,nice
5,good
4,
2,need help customer support regarding mobile return
5,good
1,atleast make customers fool
5,customer service regarding solving query good
5,good behaviour
5,good
3,rectify problems aa soon possible
1,not able upload photos damaged product
5,good guide
5,ok
5,nil
5,delivery boy frod
5,please sahi jaise aadmi inohone itna achha se bat kiya aur problem tha usko solved kiya thanks abhishek sahi sir se aapko thanks bol aap bhut aage tak jao aur mere pure parivar ka
5,thanks overall support
5,thank shopzilla
1,bakwas
4,good
5,customer care support helpful
5,supportive resolve prblem thankful
1,meri help support koi nahi kar rahe hai kya karu sir replacement mobile
5,plz verify sellers properly selling local fake products
5,good
5,good service provided executive
5,excellent
5,thank solve problem best luck future
5,thank shopzilla costumer service excellent
5,thanks full
5,overall good
4,good sir
5,good
5,good communication
5,nice
5,keep
4,super service
5,thanks
5,customer executive really good
5,great
5,thanks
5,costomer care support bhaut hi aacha hai
1,someone needs something urgent make policies
5,simplely talking skills good communication skills simple understand languag
5,good
5,igffdjffgvd tmc cejd
4,nice
5,please make sure sellers fool customers
4,thanks shopzilla
5,gud staff
5,good
5,good
5,talked someone yesterday also regarding issue said resolved get update receive anything today also talked another one quite good listen understand issue promised help waiting resolution
5,good
5,good
5,good
5,good
5,mera product change kar dijiye
1,mera product abhi tak nhi mila hai
4,good
3,let know refund policies
5,please reduce time resolve issue related bad item seller
5,messaging option really irritating grown ups like help required issue convenient talk someone explain matter rather texting getting automated replies regarding orders want everything ordered done half payment total amount told wait 10th august fine wait want every thing take excuses shopzilla
1,promised no cashback credited account
5,thanks
5,good
5,executive highly appriciated thank much
1,issues still not resolved
5,nice talk cooperative
5,help well problem
4,make sure product customer order reach want
5,no
5,good
5,nice sir
4,bahat help hua thanks shopzilla
1,received different model unable return complete fraud shopzilla
1,improve ur customer executive quality product update n repeat thing n instead helping understand problem say sorry inconvenience cause uu
5,aurangpur
5,good
5,lovely person
5,love
4,please check delivering product received empty box honey
4,good
5,nice
5,item ordered gift brother sister law special occasion product received wrong ruined surprise gift element truly disappointing experience return complete wrong item delivered second time also get right item ordered hesitant use shopzilla service anymore actually planning buy samsung galaxy s23 feel like buying shopzilla anymore maybe use superbuy next time really worst experience shopzilla side
5,excellent
5,aapse baat sir
5,amazing response girl
5,get technical team work payment system get better
5,u2019m happy satisfied talk good customer service shopzilla good service
5,good
1,cancel order anyhow make refund
5,good
1,poor service experience
5,customer care good
1,please refund poco m4 money return shopzilla pay later account
1,good coustomer service
5,customer executive call speak name customer use sir respose better respect customer
1,not shopzilla grocery products
5,good
5,nice
1,bed shopzilla product
5,like
1,issue not resolved
5,cool behaviour also good like
1,bad experience
5,please resolve issue downloding invoice comes error downloding products invoice
5,product replacement refund installable goods see electronic goods
5,thanks support sir
5,vgood
5,thanks
5,no
5,good
5,nice
5,product kar raha hai
5,good
5,excellent service
5,sir bhat ky ha
1,order cancelled without information
5,good helpful information
5,good
5,na
4,though material not available seller show sold look proper seller update delivery actual product showing app
1,pre reserve pass samsung crystal tv not working disappointing
5,thnxxx much
5,bahut acchi tarike se samasya ka sawal
5,customer care executive resolved problem u2026thank u
5,good experience
5,tqs
5,baat phone cut care ka
5,please make policy easier takes less time
5,thank good support
5,soo helpful polite thanks
5,good behaviour
5,customer happiness must priority
2,good
5,case issue please consider customer value also
5,resolve problem fast
1,not good
5,good
1,pathetic service shopzilla
5,good
5,hello shopzilla l regular shopzilla user good faith trust shopzilla want like way request please support consumers regarding anything wrong delivery false products time expect guys support us hope look needfull
1,sad
5,thanks support
5,even multiple replacements right quantity could not b delivered seller
4,awesome
5,gd
5,thanks
1,bad delivery timing late delivery product bad experience shopzilla
5,basumati rice kida hea
1,totally misleading
5,iam satisfied customer dealing happy solve problem
1,keep option otp prepaid order delivery man deliver wrong person prepaid order
5,customer support happy
5,good
5,good
5,assistance truly outstanding dedication resolving issue exceeded expectations thank exceptional support
5,payment details
5,provide return replacement site
5,polite
5,
1,time west
1,bad
5,terms shopzilla plus mambar passed not shopzilla plus member
5,good happy ok
5,cute voice like thanks
5,good conversation
5,thanks resolve issue
5,thanks raising ticket
5,thanks
5,resolve problem
5,good
5,well service shopzilla
5,good
5,great
4,thanks
5,best support
5,good service provider
1,0
4,delivery replacement also
1,apki return policy
5,nice talk
3,get faulty product replacing get faulty one sure buyer supposed lights glow
5,good experiencegood job happy
5,nice
5,product shown website delivery not low quality
5,nice interaction customer care executive
5,thanks support
5,customer executive good thanx alot solve issue thanku much
4,nice
5,long resolution time
5,bahut
5,awesome behaviour happy
5,good person
1,phone exchange boy ver bad observation
5,1 product unavailable deliver time mention 1 day delivery 2 cancel product without proper communication
5,good
5,happy cosutomer support
5,good
2,good customer support pleasw update quality product also specify real picture delivery
1,journey feel bad
1,fast refund
5,good
5,helpful
5,good
5,much good conversation
5,nyc taking
5,thank
1,good setifie
5,acha lga
5,pls add add bank account details account option refund
5,nice
5,
5,remove fake seller
5,good service kindly work customer side also
5,good work
1,issue not solved first solve issues ask reviews thank
5,no
5,good
5,item pick time jyda h koi meri bat nhi b
5,good
5,good service
1,pay emi account blocked
5,good service helpfull
1,no resolution
5,na
5,good
1,oder time par nhi diya gya
1,
5,nice experience talented costomer care nice
1,wrong product delivered
5,great experience
5,good
5,mujhe bohot accha mehsus
5,good
4,time payment successful customer show shopzilla order confirmed not show pending
1,easycontact custoomer suppoort
5,acha hai
5,
4,good work shopzilla team return policy time large
5,thanks tabbassum
1,poor services shopzilla make fool coustomer
1,executive no information issue answered question every executive says wait day wait already waited 12 days
4,remove usage charge psylater
5,happy customer support executive helping nature
5,good
4,good
5,nice
5,good person
5,awesome
5,good job sir ji
5,way talking excutive gud quarry not resolve twit
5,thank shopzilla
5,nice
5,nyc job
5,good
5,excellent
5,shopzilla replacement option not available
5,false information shopzilla portal
5,na
5,thank much madam
4,good
1,deliver deliver fast
5,coustomer care agent awesome behaviour good request tv installation today complete kra
4,good job
5,good advice
5,excellent service
4,sellers sued give wrong item noreturn policy
3,good
5,behaving good
5,no
5,good customer care executive helped much
5,mam voice cute
5,thanks
1,delivery bad
5,helpfull person
5,mast
4,thank q costomer care
5,good experience
5,customer option change shipping address atleast product shipped
5,good
5,nice
4,call support good increase product quality
1,worst experience shopzilla vendor sent damaged product knowingly harassment customer henceforth no purchase shopzilla
2,want talk customer service telugu
5,good response
5,tnq help
5,help lot
5,improve making delivery faster
5,good
5,nice smooth conversation customer support care
4,good executive interaction wonderful thanks help
5,co
5,osm guy solved issue
5,good
5,nice
5,god solutions
5,thanks
5,good
1,hate
5,thank
4,shopzilla customer executive helpful responding queries
5,good supporting
4,please fastly resolve problem shopzilla
1,prices drop
1,no specific information regarding order issues tried mislead possibilities
5,vary vary excllant
5,excellent experience
5,thank
5,taniya really helpful polive efficient resolved issues quickly hope continue good work
5,good support customer support team
5,thank help
5,good communication
4,good
1,please word ensure delivery date worst experience delivery full big 00 delivery trust everything
5,customer service nice 10 10 number helpful good bless
5,good
5,every thing best
5,excellent person
5,good spot
1,please sir order bad
5,thanks
5,issue resolved
1,cancel order
4,no good
5,nice coatmer sopport
5,thank shopzilla
1,transportation services pathetic no contact number no tracking much delivery time
3,please try understand problem give good response time experience not expected delivery team delevery boy not delivered items family members delivery shows shopzillaside please take necessary action shopzilla delivery boy delivery authority hope solution given soon
5,thank
5,good job
1,not happy service poor service frastred service not responding service centre not received issue
5,good work
5,packaging quality not good
1,reduce time delivery
5,please provide customer support number reach easily queries number
5,thanks
4,previous orders invoice not available app
3,improve internal department communication
5,im happy
5,good
5,thanks resolve issue
5,good
5,happy consulting
4,refund policy not update
5,good
1,bad information
1,thank shopzilla aap ne bahut baat kiye mare sath aap ne mare pareshani samjhe thank love
5,order cancelled mistake delivery agent order right got expensive per policy order gets cancelled no mistake customer end give option customer place order price
5,5
5,good behaviour
5,thank fist slove problem fast
5,thankyou
5,ntg
1,refund 100 rs
1,ordered product not available delivered package kindly check package product work correctly
5,ok
5,thanks lot
1,satisfied customer service
5,good
5,good conversation
5,thank
5,awesome
5,mind blowing talk mridul ji
1,please refund money
5,soft spoken
1,bahut hi bekar response date ke 5 din baad bhi delivery nhi hota
5,customer executive polite humble
5,good job
5,stand trust take us usual make sure important u
5,nice guy need like men
1,
5,always happy shopzilla sellers harassing us
4,please improve delivery aticatez
5,happy delivery boy customer support team great job
5,nice
5,good except technical glitches
5,good
5,good customer support
5,please set customer support helpdesk earliest ensure customers call speak customer support
5,service manager good talk customer feel good talk thank
5,good
5,customer support executive good happy shopzilla thanku resolveing quite also want work shopzilla support give opportunity
5,always return dont argue
3,aa
1,whish masters blackmailers not control exchange policy gives wish master blackmail customers customer care representatives robots u2019t power take desicions cancel order promise deactivate shopzilla account never use app
5,good
5,thank much
5,behaviour good like
5,staff nice help mevery good staff behaviour
5,shopzilla ke sbhi officers bhut hi politely bat krte hain aur problem solve krte hain thanks
4,want problem solved soon possible bcoz like purchase online shopzilla services kindly help get refund rs 320 thanks
5,take action delivery agent not giving delivery door step customer support executive good solving problem thank much take action delivery agent
4,5
5,super
4,thank
4,behaviour good
1,rude ensure feel uncomfortable talking like boss saying whatever want keep phone go not information not issue help whats use service agents repeat system generated response already acces chatbot
5,good person
5,overall good
5,thanks sarvice
5,best call angles far best help given 2 years customer support helped lot thank much
1,shopzilla customer care not time pass customer never get satisfactory resolution issue experiance tha 7 years shopzilla
5,please add option no issues ask unhappy improve
5,nature executetive way talking nice
5,every thing good
5,care number always people people
4,good job
2,lots network issue voice not good
4,no
1,agent refused raise complaint kept blaming issue seller not took initiate check seller
5,exllent work
5,thank much mam nice talking
5,good advice
1,not able provide proper help solution
4,good
5,good
5,please provide customer care number reach customer executive
3,bad
2,nice
1,product missing cost available offers game seller please mind encourage sellers lost suger order cost 1rp order order
5,g00d
5,thankyou
5,think chat support would helpful cases
5,fine wish problem solved soon
4,no
1,want return product
1,v bed
1,asked remove installation changes fan call got disconnected no followup done
5,good behaviour polite
1,people time buy product showroom care need buy shopzilla policy seller brand replacement fake farud
2,no resolution
5,first
5,regalur
5,thank executive
5,thankyou
5,thnxx
4,promlems not solve
5,good
5,nice
5,nice talk customer executive thnk foe resolved query asap aslamualkum
4,change address option not available baf
5,polite service shopzilla
5,good
5,nice help ki h
5,thanks
5,customer support ko bolne ki formalities kum kre baar baar mafi chahte hai nhi bole
5,good person
5,dont make time delayed delivery
2,
5,nice costumers
5,advisor behaviour politeness appreciable
5,thanks shopzilla
5,4 month not resolve issue
5,best customer service support
3,untill unless customer get solution hardly things matters
5,please reply product product issue manufacturing connected not connected charging
5,thank much information
5,5
5,could better solve issues within reasonable time
1,not happy shopzilla service bead service not refer friends relatives
1,bad shopzilla customer service
5,customer support ok please problem solve silver home
5,good customer service
5,15 days still query not resolved
1,customer service less cut call time
4,deliver product soon possible
5,issue not predefined options option mention reason option area
4,fast delivery
5,good
5,good
5,good
5,nice service
5,10 10 excellent customer care support
5,talk smoothly
5,thanks
1,customer service poor not customer executive shopzilla delivery service poor want give negative points disappointed
5,excellent customer support
5,delivery executive side bad experience customer executive give good service
1,service delivery partner e highly disappointing
5,good
5,good
5,contact many customer cares today intractive customer care respond positively issue resolved fast happy intraction customer care support
5,good
4,please something order
1,bad service
1,customer service poor
1,worst e commerce company
5,good job
5,make available bengali speaking customer executive
1,not great
5,good
5,service good
1,please engage good seller shopzilla
5,make amount vouchers transferable bank account
5,ok
1,want money back shopzilla web discription provided customer wrong shopzilla make customer foolish regarding mrp web mrp different shopzilla delivery product means something wrong product
5,helpful also gave additional information
4,thanks
5,thanku bhya
3,kuch bhi achha nahi hai
5,good service customer support executive
5,supar
5,much helpful thank shopzilla
5,god
5,emphasis intimate delivery
5,excellent customer care support service many thanks shopzilla customer care support executive
1,try resolve problem u2019t gave false assurance
5,return product not received properly due pickup man not calling cancel process
4,good
5,good
1,okay thank
5,nice
1,bad experience
1,talking like favour
5,
4,issue still not resolved asked share information product customer support still waiting
5,thank
1,worst service not purchase anything future
5,achha se bat ki
5,good
5,not solved problem
5,nice
5,also customer support thank helping guru
5,good
5,iam happy
3,charged return fee rs 75 current order returned wanted size exchange charges applied maximum returns exceeded april month still continued till august month returns need know long going get charged returns done henceforth not wish continue using app
4,nothing
4,ok
5,ok
4,nedd improve courier service
5,please direct customer care number instead requesting call back speak executive
1,stupid customer service
5,request shopzilla train customer support executive better understanding customer value
5,understand costomers query problems
5,solution
5,good provided adequate information wish good luck
5,th customer care agent good talking habits thank shopzilla
4,good
1,unhappy shopzilla policies executive response product always say product not return policy repeat one statement always today onward never buy product shopzilla
1,ing customer service product
3,good job
1,people drink customers blood
1,making n fool u2019s scam taking money cancel order 4 5 days refund money earnings bank interest
5,good
5,price decreases return extra money byers
5,thank
5,problems easy solve
5,happy service
5,policy shuld flexible
5,order cancel karna hai
5,feel better talk people
5,make deliveryman polite expericence really bad
5,really apriciate executive mr nice executive team wish bright future fkip thanks
5,
5,no
5,big thanks shopzilla team
4,good
5,good
1,careless shopzilla
5,costumer exicutive support good
5,baat karke
3,seller manufacturer product cheap unprofessional
5,nice guys
5,excellent customer support executive
5,thank u much sir
5,blacklist feck responsible seller
5,good person increase sallary
5,ask deliver partner deliver order mentioned address
5,goood
5,give option schedule product return pickup order delivery early morning like 6 9 evening like 5 8 pm people working not available location think give slot timing
4,executive amazing
4,no
5,get order quick
5,good
1,happy
5,thank u
1,service poor
1,initiate watch replacement service
3,problem not solve bed policy shopzilla
4,satisfied
5,resolved problem early
5,good
5,thanks
5,good service
1,pron no solve
5,g
5,tq
5,thank
5,good
3,good support one thing resolved time
5,product due delivery particular date shown fr delivery early morning bt courier guy usually keeps waiting day long fact today experiencing order fr delivery since early morning n yet not delivered even talked courier guy assured delivery done order within hr bt not
5,satisfactied
4,difficult connect executive took many request 1 hr receive call back
5,good communication
5,exicutive person verry good
1,disappointed shopzilla
5,need improve quality
5,miss lot explained well happy services full support
5,improve delivery service specially sale offers
4,good
1,poor
1,worst problem not resolved
1,gandha suport h
5,
4,speed resolution time
1,better feedback expected ans no please say no diplomatic answer new date quary resolution unprofessional approach
5,customer executive good person easily understand issue
4,plz make warranty claim order menu
5,ok
5,excellent customer service
5,thanks agent
5,good
5,good
5,customer executive damn good professional approach best product knowledge respected customer time connected information query resolved really quick best customer understanding overall 5 add 5 give 10 rating
5,return pickup not updating time time
5,good
5,every thing alright think facility give two mobile numbers ordering one number not get called called
5,totally good
1,pathetic service past months improve
5,thank u shopzilla
5,want quick return
5,good response
5,satisfied service
5,good
1,bad
5,delivery agent improve
5,happy
5,thank
5,no need improvements already u r best
5,best experience customer support
1,realme poor product
5,exllent
5,thanks
5,good
5,talked consultant polite addressed issue promptly thanks shopzilla
1,worst
5,good girl
5,thank
5,good
5,thanks
5,good
5,good experience customer care service executive
5,great custumer service
4,experience shopzilla shopping mot good never received proper order
5,nice pasn
5,please use secured packaging instead transparent bags
1,hello query simple polite way much easy customer selling services
5,nice
5,please bring option report missing item application
5,good work
5,executive understands problem assure us resolve problem issue not solvingkindly take strict action
1,ok
1,raised complaint twice always shared im unable connect complaint centre model name not showing noise complaint form resolve
5,please policies clear ordered pair shoes 26th july tried return 6th thinking 10 day return policy turns policy ended 5th august
5,please pickup product
5,nothing
1,worst service first time get company
5,good
5,nice
2,not solved complaint
4,good
5,customer support nice
5,ok
5,satisfied
5,22
5,good person talk
5,great work
5,contacting seller aqua fresh water kind threatening see return product
5,good
3,west castomer time
5,thanks
5,ok
5,representative good helpful thanks team shopzilla
1,sellers low quality
1,like customer care not resolved issue
5,consultant comparative hope resolve problem soon posible
1,pathetic service ahead e commerce platform
1,warranty issue
1,product not match
5,happy positive response thanks
5,thanks
5,awesome
5,good
5,excellent problem solver great skill communicate customers
5,tq
3,nothing problem coustomer support good solved problem easily thank much
5,kindly donot sale fake product site harm branding
5,awesome
1,worst experience agent unable resolve issue
3,product delivery issue
5,customer care executive solved doubts perfectly thanks shopzilla
1,resolve issue immediately please
1,bad
1,poor service receiving shopzilla never experienced entire life ordered 23rd today 5th still not received order contact customer service receive following response sorry fix problem next three days manner keep adding three days making excuses never deliver product fastest growing shopzilla wow wahat growth
3,good
1,policy shpuld help customers resolution given contact dealer dealer sending shopzilla shopzilla involved
4,nice work
5,please check payment gateway done fast payment process
5,thanks
5,thanks shopzilla
1,worst service
5,good
5,exllent
4,
5,
5,happy shopzilla
1,shopzilla services 0
5,good
5,gone invoice download option
5,best ayushi
1,not resolved issues executive disconnected cal without listening not registered complain pathetic service
5,good services
4,thanks support
5,excellent
5,nice discussed team
5,
1,not poor worst worst
5,happy taking
5,no
5,thanku
1,not replace order
5,awsome
4,good
1,issue proclaimed solved executive u2019t solved yet
5,costomer care center response politely impressed
5,customer service good
1,poor shopzilla
5,nice
5,nice work
5,rest ok
1,bad
5,good
5,super bahut hi achcha confidence
5,thanks
5,excellent
5,improve cancellation time
5,good
5,provide professional training logistics warehouse staffand open box delivery system
5,nice talking
5,
5,good
5,excellent
5,nice toking
1,yet problems not resolved taken time harassment customer
1,good
5,good
1,return request cancelled
5,hope cooperation future also
1,person told transferring call senior person disconnected
5,no
1,try understand customers concern close tickets else shopzilla soon history no proper resolution query hence filed case consumer court meet soon
3,want buy item want buy another model items
1,think need improve resolution speed
5,
1,thanks
5,pickup partner not good
1,second time contacted shopzilla got result early delivery not much expectation
5,good
1,boggas
5,happy talk executive
1,please notice
1,plz ask rate
5,problem best answer dil se shukriya
5,nothing
4,fed hearing not today tomorrow since yesterday thing happening please little quick keep promises given customer
3,good waiting invoice
5,na
5,nice
5,happy
5,happy costomer
5,good
1,bad customer service query still pending ordered items totally different got delivered no proper solution provided customer service
1,order mosquito net shopzilla 21 july receive yet tried connect customer support process product per got call shopzilla showing shopzilla oder tracking also connected customer service mention resolve problem 7th august still idea product went feeling helplessness bad experience loyal shopzilla heartbreaking experience
5,good
5,mr
5,giving long time help boost performance
4,logistics adhered timelines promised date pickup 4th august today 5th no update regarding pickup call ask update
5,amazing
5,good good
5,nice talk
5,information not provided sms
5,no thanks
5,whatever showing product details maintain product delivery process must shown
1,waiting installation last 2 days seating home installation person come
5,probalme solved kar dijiye plz
5,good
5,nahi
5,customer trying connect support team please connect shopzilla customers customer executive soon possible takes long time
5,nice
5,good
5,super
5,good
5,thank much
5,nyc talking way
5,redeem coins morethan 20 rupees purchase
5,excellent
5,suprb
1,make flexible help customers
1,order delivery time otherwise order not allowed order delivery time call customer order not delivered team
3,placed order return still got approval no problem front shows not taking return
5,good
5,thank
5,agent iss give great information nd talk tone good
5,
5,nice
5,thanku
2,fantastic
5,good
4,put item exchange even 7 days no one visited pick
5,good experience
5,nice
5,hope issue sorted soon nice talk great day
5,please ban sellers scam buyers
1,associate wanted end call soon possible wanted inform issue ne resolved till august 15 please listen call recording fast gave closing expected shopzilla
5,customer care responsive shopzilla not going right way best luck
5,nice customer support
3,requested order fast delivery last 2 days still showing date
5,good boy
5,improve quality
5,good
5,take usage fee pay later
5,thanks shopzilla customer support
5,good services provide shopzilla
5,please deliver proper fresh productsso much time taking rase issue resolve problem
5,
5,nice services
5,super
1,poor service refund not received google pe acount
5,pls keep shopzilla logistics address
5,great
5,great experience
5,make simple return policy
5,good
5,good
5,satisfied
5,thanks instant help
5,good
5,immediate call without chat
5,good warking
5,nice customer care executive solved problem well
5,excellent
1,hell seller cancell order even item stock unethical pay interest money delayed refund one week
4,thanks lot
5,good
5,thanks helping 10 star rating
5,got solution easily thaks
5,thanks
5,good customer executive
1,worst service first experience
5,make easy returns
4,good
5,good
5,happy services
5,good
5,good
5,happy
4,
5,implement courier delivery service
5,good
4,yes
5,possible warranty coverage managed shopzilla
5,customer care se acche se baat mere please request meri support kijiye mere refund 26 atoms wapas dila dijiye thank u mach
5,wait long contact customer executive please contact us immediately whenever call
5,keep try deliver product time kind behaviour extremely shameful plus member responsibility deliver product time missed good deal shopzilla
1,poor experience
5,ok
5,great
5,problem arised due delivery boy kind request shopzilla kindly take strong actions delivery agents involved kind robbery cheating thefts one time
1,thay understand going customer give 15 min every day single product problem not resolve
5,excellent
5,good
5,please sold genuine products price not matter quality product menedetry
5,thanks shopzilla
5,great
5,trusted efficient delivery boys required else product wise no issues shopzilla
5,good
4,nice
5,good
1,raised complaint not resolved
1,company policy not good
5,sometimes takes time reach
5,understood problem got resolution immediately happy
4,please improve audiblity heard voice back talk executive
5,great work plz resolve problem
5,customer care executive helpful
5,sir apse baat karke bhut acha laga bo delivery boy dhoka kr rha hai company kar hai sir mere jisse usne pese thage honge please mere pese bapas dilao 1000 usne
5,
5,good
5,nice
5,good
5,great work customer service
4,good service
3,improve delivery service
5,good
5,good communication skill
5,good
4,shopzilla delivery late many times not satisfied
5,shopzilla customer care service soo good
5,agent helpful
1,bad service delhvery peson
4,good
5,good
5,nice
1,3rd class shopzilla
5,thank
1,thank
4,thanks
5,excellent job customer support executive
5,good
5,happy support team agent
5,good
5,good
5,good service shopzilla
1,no solutaion give custmer service
5,no thanks
5,nice
5,resolution issue bad
5,happy talk
5,thanks
5,nice experience
5,no
5,
5,good
5,good
4,thank customer care support reslove problem
5,good
4,good
1,coustomer support good not solved problem please return product
1,please shopzilla wallet
5,
5,good
4,good
5,great
5,nice customer support shopzilla
5,good performance
5,overall nice experience talking customer care executive thank shopzilla
5,good coustumer saport
5,good
1,faaltu experience
4,need training delivery executive
5,lovely person
5,need professional issues since last 1month agian return one whereas ceiling light came pair single packet
4,beautiful support customer service
4,good
5,good know resolution receiving product looking solve issue one important thing mention issues advance payment taken care seriously cod selection
5,easy reaching customer executive
5,good
5,would quick action costumes issues
2,orders cancel
5,good
4,ok
1,
5,behaviour
5,thank
5,good behaviour customer service executive
5,excellent
4,everything right
5,thanks shopzilla costume support
5,good
5,extended warranty taken care agent proper knowledge extended warranty works
5,good response
5,good
1,try adhere promised delivery timeline else promise customers date time worst service
4,good
1,bad response every time
5,added tha customer care number apps support
4,good
5,happy
5,support care team great
4,thanks yumesh
5,good
5,price product decreased purchased ask support executive provide new offer say not possible worst policy superbuy provides flexible options gives back reduced amount
5,best executive ever
5,please reduce period return already 30 days
4,best
5,thank help matter
5,good customer supports
5,nice
5,good service
5,thank shopzilla
5,standing
1,bad shopzilla
5,thanks mere question ke answer ke liye
1,scammed shopzilla second time people fraud scammers
1,said raised return request product tell lie no return request raised
1,never solved problem
5,good
1,bad experience shopzilla decided no never book item shopzilla
5,thanks
5,message customer executive thank time provide better service great trying help bless dear 5 5 rating
5,good
5,good solve problem thanks shopzilla
1,u2019t resolve
5,thank positive way speaking continuesly like fixed robot ok great try speak little slower
4,thanks shopzilla
5,good
5,thanks shopzilla customer care
5,thanks shopzilla
1,issue not resolved
5,plz add refund option products
5,ok
5,no issue
5,not schedule delivery pickup mentioned date time people planned things
1,hum log bhi product delivery nahi hai humlog jab customer ko call e hai oo bolta hai ki help koi help nahi hota hai nahi mera order kiya hua product nahi delivery karwata hai
5,thanks
5,nice
5,good
1,waste
1,worst problem solving team problem not solved one month
1,order delay 5 days given date
5,nice person
5,thank sir
1,still pending resolution
5,website description color correct
5,thank
5,please boycott type seller reliable shopzilla
5,customer support good
1,issue resolved
5,good
5,good
1,delivery agent cut call not delivered item
4,ha thik ji
5,good behavior customer care
4,fast order delivery
5,good
5,nice customer service
5,good boy
1,not satisfactory policy services
5,good
5,good
5,nothing
5,extremely good
5,service good
5,thanks
1,pathetic service
5,dont make strict policy customers sensitive
5,way attend customer resolve issue owsme love work
5,talk mam easily solve problem thankyou much
5,ektv
5,good
5,good coustomer care executive
5,got product not working expected order return not technician visit
5,customer executive working good
4,good
5,thank
5,not happy shopzilla return policy
5,good work
4,good
3,yes thanks solve problem
5,everything ordering mamy poko pants facing isues last time ordering daipers
5,order canceled want coupon per next order help
5,giod
4,please try give refund
5,good
5,pls provides us correct product
1,poor service filf
1,give access excutive beyond explaining thing mentioned shopzilla app
5,good man
1,give back money
5,love shop shopzilla thank polite person customer care fine nothing say please deal good saler good quality products coz many times got cheap quality products please take care thank
5,best service
5,thanks
5,good vivek support
1,shopzilla shopzilla nexus irritate customer not resolving problem
5,nice experience thank
1,shopzilla wereste
5,thank help customer executive much helping
5,aap well
5,good
5,good aur bad service time
5,good
5,thanks
2,not happy sales service
5,account open kariye
5,support good product replacement time long 24 48 hours
5,helped regarding query resolved well u2026thanku
1,no resolution
1,please provide genuine details make sure call attender connect team customer connect multiple times solve issue
5,politely explained sounds educated experienced
5,good vibes convo skills
5,product invoices downloaded app website unsupported corrupted format please work customer not suffer invoice
4,thank
5,fastly delivery product pick
5,thank
5,right
3,resolve problem
1,delivered damaged product rate nonsense
5,thankyou
5,issue resolve thanx shopzilla
1,not adequate
5,not keep no return policy product
5,no consirn
5,customer support mujhe joh last time call thaa unke sath baat karneka experience bahat achha hai
5,delivery agent behaviour not good
5,good person
1,pagal bana rha h ye bhai
1,agent hurry
2,contacted regarding order code emailed delivery date 7 days sending code email instant not take long support executive understand issue concern
5,politatly talk shopzilla customer support
5,good support
5,good
4,ok
5,good
5,good
4,understood concern took appropriate action
1,worst experience ever faced shopzilla costomer services totally useless executives disconnect call talking product related concerns please kick company
5,excellent
4,good
5,good servies
5,good pay later usese charge high
4,need improve complain resolution service
1,ordered 2kg 500gm x 4 pc received 1 5kg 250gm x 6 pc support executive not able understand much ordered much quantities deliver
5,good
1,different product sent return got cancelled policy not accepting return
1,still return pickup not completed
1,oder cancel without information
5,thanks sir supporting
5,good behaviour
1,support executive dumb know address cx worst customer service experience fake updates complaint provided highlighting issue concerned team
5,everything fine regarding issue solving request shopzilla kind feedback please reduce callback time issue hard wait til 7 10minutes call
5,teke less time please
5,thanks mam
5,happy talk youbut ac installation poor service
1,issue not resolved
1,breach contract not good reliable firm
5,nice
1,bad
5,different item
5,filing good
5,bahut accha baat kiya good
5,customer support person really amazing solve queries talk polite professional way personally like connect person called shopzilla customer support service thanks considering feedback
5,create compulsory photo product company package front back sides customer verify product actually labeled product title sometimes titles jumbled words find multiple similar titles reasons1 product titles claim specification product sometimes detail similar not actually 2 sometimes sellers not clearly specified details specifications product product packaging detail photos customer verify whether product specifications not actually receiving returning products
5,difficult reach customer care due bot understand query
1,complaint platform provider not third party
5,good
5,best
4,thank shopzilla services
5,
1,not good answer
1,call ka direct system h
1,query not resolved charged rs 17 7 shopzilla pay later usage fees not applied transaction instead applied bill generation moreover shopzilla usage fee rs 5 gst 5 9 amount 1000 charged rs 17 7 not per fees charges policy shopzilla pay later shopzilla com
1,never solved problem
5,something ordered wrong size allowed change size till order not dispatched
1,bad working
4,tryy understand situation mine 4th time replace order due brand name missue moreover got product not replaced originally mentioned get pack 4 not fulfilled either give pack five get back want money also
5,good
5,would like thank customer care executive mr understanding issue solve ease
5,good
4,good
5,better
4,customer executive really nice polite sure solve problem
1,3rd class support delete 9 year long account shopzilla worst service responses read already visible order page shopzilla app
5,sir behaviour good helpful
5,
5,underage smoothly
5,product delivered leaking want cash back replacement damaged product help instead cash replacement need product thanks
5,shi se problem suni help bhi kri
5,good
5,thank u
1,poor help system
1,simply ubabale resolve issue rata rata ya answer flio fomarlity feed baack totally diappointed repotetation shopzilla dont care
1,need language customer care services
1,disgusting service shopzilla
5,nice
5,please change ur exchange policy product
1,not giving proper solutions
5,good
1,short knowledge process
4,requesting call wait 5 7 minutes waiting time reduced great
5,nice gudine custmore cear
5,officer polite understood problem helped resolving problem cooperative nature thank
1,unprofessional arrogant lier dishonest senior desk comparison superbuy customer support shopzilla support total disappointment
5,baat krke meri problem solve ho gyi thank u sister
5,ok thank
5,thanks
5,thanks
4,thank
4,guy name helped get refund wrong product delivered
1,
5,happy thanks shopzilla
5,thanks
5,osm love
4,ok ok
5,customer support good cordinate
3,reduce call back requirement resolution first point contact
1,product not received irritating taking much time approval still isseue resolve product
5,sellers wrong product allow stopped
5,costumer support gud
5,good
5,good job
1,duplicate items received poor rubbish service
5,quick respond thank
5,good job
5,need chat assistance
5,make good policy
5,nice
1,no accurate information giving customer care
4,product worst installation service pathetic concern resolved legal actions would taken
5,happy
1,dismiss appoint new responsible people
5,excellent
1,grocery items not delivered within time rediculous
5,good enjoy lot talking helped lot solving issue voice also sweet
1,want return product
5,mast ho aap
5,nothing
5,satisfied
1,worst worst worst worst worst worst worst worst worst worst worst worst worst worst worst worst experience
1,worst experience even employee disconnect call side lusten query
3,wrong delivered
4,resolve solution soon
5,price decrease
1,not solve problem refund not process 4999 rupees please give refund
4,calm answer understanding problem
5,thank much shopzilla
5,no
5,good
5,want order groceries products not taking order
5,good
5,good
5,thanx 4 try
5,good try talk regional language
1,agent cancelling order blaming customer nonsense
1,customer executive response poor give information no resolution audio quality pathetic not audible issue not resolved raise concern consumer forum higher govt officials scam cheat
1,problem send customer court solve shopzilla easily
4,nothing
5,great
5,good
4,please make replacement service soon possible
1,please help many time request rejected wrong product receive complete different product different colour brand design please help accept issue solve problem much frustrated bad service hate sailor much disgusting person issue not accept salesman bad person show something else sell something else money not returned lost 5 399rs please help
5,one best customer carei really like
5,no
5,delivery partner not good
1,shopzilla customer support poor one month problem not solve till time
3,not solve problem
5,good behaviour
5,nice talk auth
5,though good sellers making customers unhappy sending wrong products adequate length case needs take action sellers strictly compensate buyers
5,good
5,guide delivery agent keep change money delivering orders
5,sweet nature earlier bad experiences time realize human much sweet also sharing experience completely satisfied behaviour even speak solve every problem easily proydly say thank shopzilla generous support
5,ever product get cancelled customer pls give grief order gets cancelled
5,please insure resolve issue one time see always take 2 4 time submit complaint ana issue resolved
5,good girl
5,kamal support person no need improve
5,thank much help karne
1,not happy
5,resolve nay issue
5,no
5,bb
4,fruad sellers
5,need connect sooon
1,exchange policy not clear shopzilla shopzilla interaction end
4,issue not customer interaction neither purchased customer interaction please put feedback options delivery delay issues delivery would give extremely poor feedback delay happens delivery already delivery times 9 10 days shopzilla make delays deliveries orders not case 1 2 order
4,respons late
5,nice
1,
5,bery police helpful impressed
5,good
5,plzz resolved issue time
1,train properly
5,executive excellent helpful calming voice tone
4,ok
5,nice
1,time effort put customer valid customer service team understand exactly happens entire product delivery life cycle cancellation lost patience running around resolution left option knock highest system law
5,good experience received wrong product no replacement policy customer support executive helped resolve issue
5,
1,irritative costomer service center
5,good
4,time abhi customer receive karna abhi tak
5,happy good coustomer care service shopzilla
5,good
5,polite behaviour thank supporting
1,totally misleading
5,delivery date time give delivered properly time
5,good interaction
5,make sure customers ordering sellers delivering hire want job please
5,good help custemer support
1,poor service
5,good person
5,like u
1,sell quality products instead poor items
5,unable connect executive several days hard try could connect please make system easier talk executive
5,excellent
1,not display website not fulfill spam really disappointed avoid shopzilla future search alternatives
5,ordered replacement delivery much late negligence seller please make possible receive order early possible
4,nice
1,aap se baat kr ke bhaut aacha lga sir plz mera problem thank
5,contactvity good
5,good
5,nice
5,shopzilla app par bhut fraud hote hai par jo women hai customer care hi mujhe unse baat karke meri saari problems dur ho jaati hai
5,nice fast service shopzilla also impress excellent service thank shopzilla
5,good service online service thanks shopzilla
5,also take feedback call rather showing much slides app
5,no email id send image
1,customer care shopzilla no authority resolve issues no response received customer care
1,kya ghatiya agent ek problem solve nahi kr sakte
5,excellent
1,one worst service ever shopzilla plus member even help order replacement
5,guys awesome knowledgeable
5,good
4,please improve return policy
5,product return related issue
1,need give powers staff resolve not hold disconnect
5,thanks
5,good
5,good work thank
5,nice
1,bad castmor officer speak
5,well behaved person really tried resolving issue te appreciable person like thank brother
1,bad experience product
1,guys not addressed issue always told thing taking long showing details application
5,thanks
5,exchange policy also included
5,good
4,customer well treated solutions issues provided promptly positively
5,inse baat karke bahut
5,nice
5,customer support team quite good issue resolved yet want order
5,good
5,great work
5,give support malayalam language
5,good communication costomer excutive
5,try send true product
5,na
5,fifuj
2,not good
5,good
5,good
5,no
1,sabse ghatiya app aor ghatiya sarvice aor ghatiya ajent
5,thanks
5,executive gentleman
5,good
5,osm
1,product ki quality ekadam bilkul aur yah product ekadam bilkul value money
5,good
5,good
4,good problems related query not confirmation solve
5,coustomer care executive polite humble love way interacted solved problem
5,nice customer care service
5,order please provide open box delivery system
5,good costomer service
5,thx lot ajit sir helping
5,good
5,please update return policy electronics items also update customer change delivery address electronics items delivery
1,worst customer support till date
5,thankyou
5,thanks resolved problem
1,
5,use correct immage
5,thnxxx
4,shopzilla improve quality product delivered says shopzilla assured get bad product
1,chutiya
5,know shopzilla valuable branded company branded company also involved shopzilla like havells phillips lg nova whirlpool usha syska etc make sure delivers right good products customers bad product lost company rapo trust company valuable customers
5,happy problem solved customer care
1,false information provide
5,happy
5,think no need change easy
5,good
1,poor response customer care see customer want no idea
5,issue resolved 20minutes thank shopzilla
5,pleasant experience support executiveproblem solved
5,satisfied
1,problem not solve shopzilla no good
5,good
5,good
5,nice conversation
5,satisfied
4,good talking
5,good
4,no comments
1,poor service
4,thanks shopzilla
5,second time shopzilla delivered wrong product item takes long time delivery product return delivery product supposed delivered today takes time cause loss customers
1,worst thing happen ordered e bluetooth headphones pay order still pending shopzilla taking much time confirm order either confirm order refund money asssap
5,shopzilla sarvice good
5,please come option inside shopzilla app talk direct supporter please heartly request
5,problem solved since per customer support executive provided information u2019s glitch application place order website hope executive might already contacted technical team rectify problem
3,refund process fast convenient
1,bad experience
4,pl check order items delivery
5,excellent employee good performancethanks
5,customer care officer helpful thank much
5,na
5,nice service
5,thanks
5,executive polite mannered
1,make customers fool
5,payback later not worthy customer unhappy policy thanks
5,nice
5,sir teachsion telling lie visit not visit must work
4,satisfied
5,yes improve delivery time update well
5,delivery agents unprofessional try resolve issue
5,good
5,good
5,good help
5,good
5,customer support nice resolution effective timely thanks shopzilla
1,executive no right solve problem asking problem u2019t solution due pathetic third class policy shopzilla superbuy far better shopzilla even guys hiding negative reviews making fool us
4,support
5,soft spoken
4,shopzilla bad servise order dilverycenter cancil kr 5 6 din wait krne kr baad bhi bad shoping experience shopzilla
5,good behaviour
4,delivery service worst not odering shopzilla ordered lot order cancelled kindly improve delivery location also delivery agent behaviour not good
1,cancel order
5,customer care executive kind helpfull
5,costumer executive behavior good
5,thanks
5,
5,provide direct call back option app
5,different contact customer support chat support not understand query easily
2,nothing executive good communication good fully satisfied
1,poor response no details share takk
5,good consultation
5,baat kar ke bahut sir thank sir mere se baat karne
5,conversation remain helpful
5,coustmer care person spoke talked nicely fixed problem give 101 100 marks
5,good performance
5,thank helping best quality assurance
5,satisfied customer service
4,takes lot time
5,excellent job
5,bohut acchi se bath kiye madam mere bhut achha thank madam thank
5,satisfied communicate shivani executive shopzilla really happy service
5,ensure proper delivery product
1,worse service
5,good response
5,cse really helping kind helped alot solving queries related order
5,good receive call customer executive within minutes solving issue
5,please confirm befor receiving order seller not frod chek quality product received 2 time defective product throu seller
5,must teach treat customer respect peace
3,
1,connecting shopzilla shopzilla responsibility provide resolution
5,ok
5,good behaviour satisfied person nice person
5,humble helpful person
5,nice experience sir
5,thank
5,jab hum return request bhejte hai hume pata hota mujhe hi cheat kiya jayega baar baar pic bhejo baar baar cancel hoga phir return dalo ek baar kuch hi nahi pate seller ka ghatiya product ka customer hi cheat kiya ka paisa deta hai ki product kahi customer ko bevakoof bana bech hi dega cheater company bad
5,good
5,every thing perfect no issue regarding feed back
5,ok
5,good service
4,good one
5,nice
5,good
5,nice feedback
5,good
5,good support customer
5,nice
5,shopzilla app par customer care number likha kare jisse koi bhi customer call kar sake thanks
1,mast
5,exicutive humble nd kind person
5,customer support services providing great customer support resolving issues
5,plz solve fastly
5,customer care executive brilliant person
4,resolve issues priority
5,good talk customer care issue pay later emi option
1,no help
1,bad service
5,always good
1,shopzilla pay
5,good service team
5,good help sir
1,please call back
5,good
5,thank much helping refund money customer really good thank handle problem really good polite really supportive share every single word help understandble thank much really blessed good customer care service great job thank
5,good work
5,good
1,worst product
5,best rha bro asse hi rho aur age tk jao aur v jayds paise kamao best
1,customer support executive not ready help way not even single way showed help keeps repeating policies allow
5,delivery agent not good
1,help resolve query one call
5,good service
5,service not happy shopzilla
5,really appreciate ms solve query mins still awaiting conclusion team shopzilla good job special thanks ji
5,nice
4,nice taking
5,5star
1,bad mu order code number not available
5,good care big fan u
4,good conversation
5,ordered items supplied not proper one item isless may proper way
1,tv sound not working
5,listened problem carefully solved politely
1,product bahut ghatiya quality ka tha
5,good sarvis
4,customer support good talking way good
5,good experience
4,wasted one month order
1,refund pending last 30 days
1,no
5,nothing comment
5,nice talk ur representatives smart well good talkative quality
5,thank
5,good
4,shopzilla best shopping app
5,customer service good
5,give promotion
5,customer service good
4,please insure dealer send right item customer face problems
5,exiquitive say asking not tell something
5,good
5,nice
1,call ko hold cut bhi kr dete hai
5,good
5,good
1,shopzilla improve service delivery efficiency not something customer support
5,
5,good behaviour helpful customer support
1,soory
5,advisor behaviour politeness good
4,done salini ji
4,please add language also
5,nice
5,thanks
5,thanks shopzilla
5,thanks support
5,customer executive good
5,happy
4,good
5,thank much
5,good
4,not contact
5,helpful
5,please give one option direct call customer care
4,fine
1,even conveying problem still sent wrong product waste time money really disappointed service handling seller
5,good
1,always pay back customer term money wasting time
5,product send good kwality
1,nothing solved no clarity explained said refund happen card talking egc
5,nice
1,late issue solve
4,give bogus replies like 7 aug writing matter resolved 30 june
5,customer service helpful
5,happy service
1,customer executive repeating written appdoes not go beyond point talking human
3,force seller sell product pin codes
5,none
1,way speak shows main concer answer call customer 0 value
5,good
5,good
1,solve issue within first date declaration
5,good job
5,good
5,osm
5,no improvement required
1,poor experience
5,thanku helping
5,correct shopzilla policy extent no customer would suffer inconvenience due miscommunication logistics team shopzilla agents
5,good service
5,effective quick response
4,please check details provided seller carefully details given different site provided please careful
5,great job happy supported customer
1,refund fast
5,agent give proper resolution
5,quite good call fip
5,think person handle difficult situations lovely voice work
5,solve matter
1,please return
5,great
5,
5,super good
1,na
5,no comments say good
5,satisfied
4,hope issue solved soon possible
1,no proper information available
1,thanks shopzilla
5,good work
1,customer executive speak sir please hold sometime checked order info hold call 10 minute costumer executive not give response speak hello no response
5,good
5,nice
5,good
1,fake scam
5,delevery boys not sport
5,good supporting
5,good
1,service bad
1,damage product
5,thank solving problem
4,thanks
5,good
1,customer care lazy not done work properly
5,nil
5,excellent performance
5,great
5,good conversation
5,nice
5,good
4,good
5,thanks
5,thank
4,option exchange original choice not allowed
5,arrenge fast pickup product
5,good helping
5,nice customer support
1,make fool costumers
4,
1,ekadam bakwas
1,know except raising request even multiple request issue still persist excutive know next system flawless
1,name diksha poor service request employee fired
1,not good
1,use customer executive appointed repeatedly keep saying sorry look required provide resolve instead not listening continually saying sorry experience not happen future concerned matter present keep assuring future also termed bullshit
5,happy
5,thanks
5,nice supporter
5,respected sir next time ka item correct
5,nice parson
5,please add gift wrap options like competitors
5,thanks assisting time sorry late call thank much help one thing voice echoed little difficult hear small advice thanks lot help
5,paras sir
5,thanks
5,sowmya keen resolve issue
2,end pay later service stoped bank bank say stoped shopzilla crosscheck active bank not blocked bank stoped side please resume
5,good
5,thank support shopzilla customer care
4,option give feedback vendor well 3rd instance past couple days vendor wrong size shipped customers misses discount return
5,nice feedback
5,nice
1,bahut hi chutiya company hai bharat lifestyle bed
5,good
2,
5,kya bole
5,satisfied
5,thanks help
5,costumer executive
1,senior executive drops call without resolving issue example mr
5,good communication
5,good
5,call pe baat karne wale bhaiya ne achha samajaya
1,unresponsive system
1,not satisfied feedback got call twice customercare no proper resolution
1,mostly executives hung call fell answer give
5,satisfied talked shopzilla customer care representative easily understand concern hope resolved earlier
1,support
5,company
5,thx
1,worst delivery promise date
3,atleast receiving damaged item open box delivery refund issued immediately
3,clear policy purchased product return policy delivery not able return not fair
5,product show return available not allowing initiate return response misguiding
5,service good representative heared well took ownership resolve issue time thanks lot understand issue making quick resolution
5,person great
5,nice
1,customer care not slove problems properly
5,executive behaviour good
4,please add password option shopzilla account otp option available account beacuse someone hacked account recently mis used pay later account
1,hello shopzilla team not received product getting long time deliver order taken 5 10 days deliver orders way superbuy take minimum 2 days deliver orders tell reason otherwise not order product shopzilla
5,invoice made available purchase
5,sale service poor
5,change delivery address
5,please throw person came pickup bcoz wash bad misbehaving twice plz resolved issue asap
1,bad
1,not listening problem carefully
4,please give better service break trust customer cheat
5,good
5,customer executive contacted polite helped resolve query
5,good
5,good support
5,show actual price customer pay using shopzilla paylater service bank charging 17 70 rupees unhappy hidden charges
1,not received
3,plz assure products u going deliver not detective
1,koi help nahi
5,really appreciate effort guys put resolving issue customer
5,solve problem within day
5,thank good behavior
5,good man sweetly tack
5,good
5,mam voice cute
1,bekar jhuta chor company dokhebaaz sinner agent
5,excellent performance
5,good response
1,query resolved till please contact
5,good resolved
5,need work communication
5,happy polite response consultant way handled matter professionally thank
5,support executive good
5,good
5,please send invoice copy
4,loal language
5,thank customer service good handles good good thankyou much customer support say refund order also say refund money thankyou customer service thanks alot
5,good
4,return replacement policies horrible return rejected multiple time attempt pick product also exchange policy required exchange required product replacement
5,thanks
1,last time ordering shopzilla
1,open scam
5,found everything fantastic
1,fake disgusting survice provided shopzilla
5,good happy
5,executive call responsible solved queries moment perfect way thank much
5,good explanation
5,cx excutive shopzilla great nature
5,good
3,not trained customer service executives well adequate information pricing discounts
4,give option give money product provide product better
1,app return policy product valid till today due change number unable return product customer support saying data problem return policy showing one day unable return wrong delievered product
4,please try provide details delivery
1,not happy
4,not solved issue
5,nice talking problem solving
5,please assured stronger steps delivery kind product earlier
5,sweetly
5,bahut badhiya
4,add delivery histry removeand remove search histry
5,return policy not good much better company
5,excellent
1,call pice delivery agent
5,good
5,good experience
5,im old customer shopzilla not satisfied cash delivery earlier spent thousands cash delivery easy hv credit cards net banking not order anymore although would like buy not available end
3,thank shopzilla
3,policy coustomer satisfaction poor
5,good commmucation
1,shopzilla carefully app note response customer support
5,kindly provide details like delivery date updation shopzilla app
5,please ask delivery boys duties property
5,previous call shopzilla shopzilla not able contact still closed ticket saying resolved resolved means not closing ticket addressing customer issue
5,g
3,issue not resolved
5,super
4,good shopzilla customer service
5,thanks
5,provide option different damaged item one single option
5,humble request shopzilla enhance delivery business basically based delivering product customer support team good stand expectations like done branch need improved thank
1,product delivery boy keep
1,problem no solved
5,good
1,not even contact customer support account even order item shopzilla bad experience
3,ordered ps5 clearly mentioned product page 2 days delivery means deliver monday 7th august showing delivered tomorrow showing wrong information app shopzilla logistics not deliver things time u2019s always preferred shopping superbuy deliver package delivery date
5,good
5,thankyou
5,kya feedback de bhai bahut hi khrb app hai return na hone ke karan product use krna hoga wo bhi dono product khrb h
1,kindly refund money
1,issue not resolved
1,horrible response solving query absolutely pathetic
1,vikash
5,call jaldi kiya mare costumer ki puri help kiya kare
5,happy
1,ordered 10kg madhur sugar received two packets 1kg madhur sugar
1,poor service unprofessional
5,nice talking giving time
5,well done
4,good
5,well
1,missing item hone ke badh company koi help koi money west chala gya company ki tarf se frod kam kiya gya
5,good
5,nice person
5,good
5,safely delivered items
3,good
3,thanks
1,give refund
1,poor service
1,saying sorry sorry repeatedly worst service totally unhappy
5,ok
5,best
1,find assist customer se6
5,create chat support people not virtual bot request call back sometimes work poor network issues hard communicate calls sometimes put hold longer
5,customer care executive polite able understand query redress grievances
5,customer support good professional manner
5,expecting better quality products shopzilla
5,good application saporting systems
1,un happy customer care support
4,refund 604 amount help
5,easily understand problem solve
5,gjb
5,helfful person
4,continuously chasing issue last 20 days still u2019t get resolution
5,customer service professional thanks shopzilla hope maintaining services
2,sufger
5,order pending order offer
5,thanks
5,nice guy
1,unhappy
1,poor service
5,good costmar care sarvice
1,pick poblm
5,good
5,good interaction
5,please edd not bleach
5,problem solved customer
5,fully satisfied executive thankful executive
5,thank
1,make false commitment customers
5,quality call bad
5,good
5,good
4,tnxxx
3,kindly manage unnecessarily raised issues delivery agent exchange mobile something regards cancel order
5,plz say mistake sir everyone working sometimes mistakes happen
5,good customer service
4,good nahi
5,good service
5,
5,waiting time call long please reduce waiting time
5,like discussion agent problem listening carefully advicei satisfied thanks
5,good customer care service
5,please make sure delivery agent misguide us
5,5th attempt get issue sorted
5,happy conversation support executive
5,nice
5,thank customer service support
5,excellent service
5,unfortunately per shopzilla policy issue not resolved associate try resolve thanks initiative
1,bed
5,good job issue resolved ty
5,nice
5,nice
5,im satisfied
5,excellent
1,always repitative answers executives
1,much careless hopeless system
1,poor service
5,excellent work good behaviour taking
5,
2,case wrong item delivered instead refund better deliver correct item
4,good
5,whenever delivery gets delayed atleast give compensation
5,nice
5,customer service good thanks
5,good experience
5,please ensure delivery agents perform duties correctly deliver products locations specified app concerning upon asked deliver product indicated address agents choose cancel product accord practice highly unacceptable causes significant dissatisfaction
5,preeti provided good assistant way handles situation really fantastic good job preeti
5,good skills
5,kindly remove restriction sending otp shopzilla delivery delivery boys calls time office hours
5,gpod
5,good behaviour understanding
5,good
5,consultant excellent resolved concern instantly
5,happy
4,thanks shopzilla
5,customer service best idea
5,unable update mobile number already available account policy updated
1,worst service ever received
5,ok
5,good
5,good
5,good
4,good talk customer service
1,wrost experience shopzilla
4,ok
4,thank shopzilla
5,good job
5,overall good response
1,executive not responsive addressed issue multiple times not responding ask call u2019t provide information related query end cut call frustrated
5,good customer service
5,thanks
5,good
5,nice one
5,customer time tk hold na rkhe
5,thankyou returning product
4,service fast
1,bahut acche se
5,good
1,agent contacted providing different information bought product 4 days back opened today spoilt product way back manufacturing datei contacted immediately saying contacted 4 days later nothing donewhereas no days mentioned terms conditions
4,nice
1,not picking product
5,issue not resolved last three days fifth incident
1,really disappointed service shopzilla delivery agent cancelled order without confirmation really bad user experience
5,really coustomer care survice awesome really satisfied thanks supporting
5,nice
5,mahek superstar
5,well solved problem thank shopzilla
5,good work
1,problem not resolved
5,nice
4,pick team adequately trained product
4,please inform sellers check shipments dispatch every time get grocery shipments missing items
1,bad service
5,feedback ankush
5,use less otp give chence change number
1,totally
4,thanks
5,good job
5,mr way talking great
5,good
5,nice service excellent
5,well service
5,fine
1,kuch kaam kr faydaa kaam krne kaa
5,try resolve asap costumer issues
1,not received product marked delivered want money
1,totally unsatisfied shopzilla service stop using app issue resolved
5,happy u
5,good
5,customer support
5,allow cancellation order customer wants reorder product using different payment option avoid handeling fee
5,good
5,happy customer executive
5,please tell saller display actual photo item also alongwith phto saler wants display marketing
4,facing problem product service warranty
1,worst service shopzilla waste
4,waste consumer time unnecessary things
5,cgtgrf r
5,vry good
5,tcrcyvexfvtf
5,excellent
5,may improved
1,fraud company
5,miss shruti thank help shopzilla want get every product box open box delivery thank every item exchangegable thank
5,good
5,excellent
2,muje mera refund nahi mila aur product bhi nahi mila
5,wgac
5,nice
1,help contact us section u2019t work
1,bad policy
5,good
5,customer exicutive good person
5,na
5,good
1,want refund not got
4,not deliver duplicate products
5,good person
3,best something something
4,not
5,conversation good
5,good communication customer care agent
5,good
5,start policy open box front delivery agent
5,madam nice effective service
5,taking beautifully feedback option 5star option 10star really give 10star
5,everything fine
5,girl connected time 7 50 taking wonderful calls however disappointed orders not delivered far
4,charge 5 pay later option disclose upfront shopzilla company better move superbuy
5,good explanation
5,contact person responsive listened patiently needful
5,shopzilla executive helpful
5,thank much
5,nice experience
5,nice
5,nothing
3,case otp not sent registered mobile number reason like expired recharge reason needs otp send whatsapp number email address
5,please add language customer care
5,please refund money rs 749 soon possible original payment method
5,like full seticfied coustomer care person seller service weak service
5,good
5,good cx support shopzilla
5,happy support
4,good
5,customer support 24 7 always busy plz make available ease reach
5,good
5,customer service
5,pls solve issues
5,good
5,nice guy
1,received old used product return
5,communication good understand query solve thankyou much
4,good support
5,thank much
2,nice
1,ms sandhya one customer care officer not able resolve issue trying make fool lingering issue not good initiative shopzilla case taking much time
5,good
1,still solve problem
5,please check shipment prior sending customer actually receive product
5,5
5,thank shopzilla solving problem
5,thank shopzilla team
5,ok
5,nice chatting
5,nice
5,good
5,v good
5,please deliver items correct items
5,please try record customer contact history customer support person like many times customer talked customer suppert person
5,thank
5,good one
5,good
5,nice problem solved
5,good job
5,good
2,orderd pigeon juicer mixer grinder bt product quality not gud want refund bt problem not solve
5,tq
1,please give tollfree number contact please beg
5,quick resolution
5,good
5,please resolve issue asap
5,helpful support customer service person thanku
5,thank
5,anytime supporting executive happy
5,best call service
4,good
5,thank
1,koi sapotnahiissu problem koi help nahi ki delivery nahi hai
5,good conversation customer handling thanks sir
5,talking mr thakur efficient understanding issue immediate taken necessary action resolve concern
4,need improve address part shipment allocation done seller end may time need change address two three days shipment done seller e
5,thank much helping problem
5,good
5,good
5,nice
5,agent helpful patient knowledgeable
1,bef
1,give refund
5,good
5,good
5,good support executive
5,no
5,please update policy refund return flexible
3,crystal clear rather fake information given customer suffer
4,nice support
5,good
5,delivery
5,service good
5,good interact
5,make accesss customer service executive accessible
5,good
5,manners nice
1,time important
5,good service
5,customer care services good parsal
5,much timing resolving issue
4,takes lot time request call customer care executive
1,shopzilla service poor delivery person not answering calls no use sharing delivery person contact details not answering calls difficult coordinate delivery person waiting since morning delivery not possible wait long time better goto shop purchase days shops also providing discount
5,excellent
2,raghav prsad mishra
1,shopzilla policy baf
5,nyc
1,no
5,nothing
1,call cut conversation
5,feeling nice talk shopzilla executivethanks
1,totally disgusting service money deducted bank account order pending
5,mujhe kafi achcha customer executive se baat karke happy excited shopzilla shopping
5,excellent
1,bad customer care service
1,dffy merchant nmb not share backend
1,product bed quality bad
5,acha laga bat kar
4,good
5,sometimes updated contact information provided user address query new phone number product os delivered another email customer product delivered option not available kindly update
5,nice get surety customer service great communicate
4,bad collor chengig problem
1,pleas try communicate team first purpose providing reference photos not like sake provide idea product customers
5,disappointed shopzilla services days products delayed many times regular customer expect issues shopzilla case customer service executive would give 5 star rating helping thank
5,company policy not good enough
4,4
5,good
5,
5,first spack good
5,happy
5,good person
1,ok
5,good customer support system
5,excellent talking behaviour
5,connect directly supplier
5,no
1,train execs better customer friendly policies
5,please solve problem
4,good
5,best
5,nice
5,add regional languageslike telugu
1,read scripts no interaction logistics team tell know whats going bullshit service actually shopzilla bullshit service not cx team
4,repeatedly im getting different product ordering shopzilla happening 2nd tym last week horrible service shopzilla
5,thank much solving problem product brain please solve problem soon possible
5,good response
5,10 10 customer care executive providing superb service
5,thanks help
1,plus member get resultion even customer care really disappointed make call hold nothing else never give resulation
5,thank u much mam problam sovled
1,make fake commitment
5,good
4,flexible easy communicate problem occur
5,make return policy available every product ordered product no return completing trusting shopzilla ended receiving damaged product wait reply side hectic ends
4,choose english language try communicate speak hindi selected hindi
5,resolve quickly
5,working progress slow customers fast way smart work req customers issues solve early possible
5,good
5,ff
5,good nice helping
5,hi
5,nice
1,quality bad
5,thanks resolving issue hope fast bless
5,satisfied inconvenience
5,good service
5,feel better thnx taniya madam
5,good talking
5,excellent
5,yes
1,not agre
1,return pickup not scheduled till date
5,best
5,good one
5,good
5,please create type situation customer needs reach
5,helping
5,bhut achhi thi didi mujhe acche se smja diya tnx didi
5,happy
4,no
5,good
5,thank
4,nice
5,costomer good toking
5,solved problem quickly thanks
4,well
5,100percent satisfied talk thank u
5,good
5,agent amazing resolve query second
4,good
5,ty much
5,thank
5,good
1,take confirmation delivery partner confirm delivery date delivery service shopzilla plus member
5,good 8
5,
1,not taken action problem
5,nice
5,fully help try plomblem solving
5,good
5,good customer
5,please future send product proper quality quantity not time send complaint product short damaged please save time time also thanks
5,best customer service good
1,bad shopzilla
5,good jop
5,nothing
4,need improve customer satisfaction customer issues resolving
5,write something
4,customer executive showed empathy offered solutions
1,purchasing item taking warranty along product cancelling means trust shopzilla product
2,glitch voice difficult understand saying
5,nice executive
5,thankyou anurag ji
5,like person must shopzilla better growththanks man
1,saport times bad help us
5,good response
4,nj
1,worst customer service product side
5,good
5,nice
5,refund icon website orapp
5,meraj really fantastic
4,good
1,complaint told wait 24hrs patience waiting said period nothing happened no one interacted not caring customers us really disappointing not facing online sellers
5,want feel good calling costomer
4,need replacement
5,please deliever right good product people exchange product try reduce time period
1,u2019m ordered vest size u2019s coming xs think worst service
5,please solve problem soon possible
4,amazing feedback
5,good
5,good
5,take strict action seller giving wrong products
5,thanks
1,product delivered different ordered though non returnable product due seller send wrong things instead taking action seller executive blaming ridiculous
5,ease policies exact needs
5,good
1,totally bad resolve
2,provide knowledge powers customer care executives better cater consumers
5,customer support good support good staff
5,
5,thanks madam ji
5,good
5,customer executive talked nice way talking good problem also solved thank much
5,shopzilla fail provide ease return process pathethi
5,good customer service
1,poor facilities
5,excellent service
5,nice
5,please recheck item delivery
1,replacement product not delivered delivery agent
5,ok
4,nice
1,worst response looking matter no one resolve problem
5,good
1,last day suffering no delivery person calling receiving call not delivering shipment
5,good person solved problem person like
5,good services
1,want full refund wrong product
5,delivery improve fair
5,good
5,good experience exitev
5,good man
5,awesome
5,conversation consultant good
5,please verify techinitian visit replacement related query customer query close wrong report
5,good
1,social media team provide 3rd class treatment bad experience
1,sir please return aadi shoes
3,good
5,no
1,maine aap logo bar complaint aap ka koi service man home adress per service karne aaya hai aur main bahut ka problem kab tak theek hoga maine jab jab aap ko phone kiya tab tak unhone bola maine complaint list kar diya aapka home adress per 48 hours ke andar abhi tak koi phone kiya mere home adress per aaya mere aur maine aap ka atambag company ka pankha purchase karke galti kar di yah galti hai sabse bada galti hai paisa ka aap log return kar dijiye pankha jaaiye main consumer form mein jaunga aap main 48 aur time de raha 48 aur ke andar koi aadami pankha replace karke dekhe main consumer court jaunga
4,no
1,shopzilla always show fake wrong delivery time date unhappy
5,no issues
5,nice good communication
3,executive service goodtimes minute problem solved executive not happywarranty service resolve harman jbl not shopzilla please purchase check warranty service releted issue shopzilla buy product jbl tune125bt bluetooth earphone product bad
5,thanks help
5,
5,awesome
1,call got disconnected less 30 seconds u2019t receive call back yet
5,person good
5,good
5,good
5,great interaction
5,excellent
5,thanks helping colling team
5,plz provide queries soon
5,good work
5,excellent
5,good
5,thanks sir
4,not changing delivery address till please solve matter necessary
5,provide resolution faster superbuy
1,nice
5,polite nice behave good speaking quality
1,product customer service absolutely pathetic not acceptable standards customer support executive no knowledge nor willingness helping customer
5,happy
5,satisfied talk well told point gently
5,english not good happy shopzilla service garibo ka sapna kare sakar shopzilla ke sath nice services
5,good
5,great support
4,good
1,iam not happy
4,support good
5,good
5,thanks
5,okay okay
4,like shopzilla
5,thank much
5,make sure correct ordered product delivered delivering customer
1,delivering verification product done
4,try give good product
5,good service support
5,good service provider
5,good persona helpful
1,worg productr riturn product cace shopzilla
2,good
5,great
1,raising request no responsibility issue resolved not
5,super
5,need speaking consultant also time not avl speakers
5,thank helping
5,no
1,issue not resolved issue pending since 12 days refund amount
5,customer support executive girls behavior great happy work
5,customer care executive good
5,good
4,request not resolved
5,thank
5,plz give full authority consumer write proper address reach products problem reach everywhere
4,please provide cash delivery partial amount cod
5,nice experience helpful person
5,excellent
5,nice
4,not provided update regarding product delivery
1,understand problem
1,agent not take query not resolve
1,order order cancelled without valid reasons ruin image brand services related order delivery poor time taken without view customer concern people cancel order important view want complaint responsible persons keep update actions taken customer right product delivery issues
5,nice help happy
5,happy
1,tv still not replaced
2,bad service shopzilla
5,costomer care agent good good knowledge also easy ear
3,no
1,bad service quality problem not slolve im not happy
4,product quality not good need refund kindly help
5,make policy customer change mobile number easily
5,good
5,no
1,issue not resolved till 12 days
5,good resolve voice also clear understand issue
5,thank
1,no refund received till nowcustomer service calls not available got hear music pls assisti plus member
5,hello able speak right person thrid attempt first two not responsive know happy representative third call well knowledge ability provide resolution thank
5,sweet voice
5,thanks
5,good pl try refund amt soon possible
1,zewra smart watch battery no work long time pleasereturn watch
5,good
5,good support
4,thank co ordination
1,app return help section u2019t work
5,solve delevery issues
5,happy thanks
1,even customer support manager false commitment give hope
4,please refund time say deliver boy come time
5,good response
1,product monitored authority till delivered must cross checked otherwise seems shopzilla suppoting fraud going frequently customers well legal action taken authority
1,first thing give wrong information products ok mentioned spotify premium 12 month 699 free moto g 62 5g phone reedem code provided done asking payment thought first debit credit lost 699 ruppes account still not credited account mean not free mentioned free talked customer care number 3 time first customer care saying payment not cut account let check please keep line cut phone talked customer care saying not free anything talked third customer care saying free new spotify account not older going mentioned detail wrong cut rupees saying free free
5,borocekt
5,verry good rakesh sir complent
5,overall good experience
5,time conversation thanksgiving executive shopzilla mostly executive nice person
5,good employee future
5,best issue resolve
5,good service
5,nice
5,customer support executive good
1,talked 2 senior executives till names senior team even though fiip plus customer not received proper treatment mr actually cut call without informing could not solve issue mr told us various things not useful wasting well company u2019s time customer care person good could not solve issue hence possible call transferred senior team not able solve issues
5,good
1,pickup master hamko tab ham call back kiye customer care ki bhi response nhi bataiye hamko
1,sent us messagetoday aug 07 05 20 amdear shopzilla got damage defective item 20july2023 day requested return need replacement replacement order came 25 july 2023but delivery boy denied delivering told come office collection item canceled order complaind put return request replacement order came 27 july2023 delivery boy refused delivering canceled order complained 0n 01aug showing query resolved application complained not get product disappointed need refund put complained refund delivery boy not come picking order canceled return request agained complained every time shopzilla showing query status resolved not get help come
5,nice girl voice
5,plz mera problem
5,timly deliver last time 10 00oclock
5,nice person understand problem thanku shopzilla
1,order nerve deliver time
1,bahut pagal banaya meri company ki chhutti product ke paise kahan gaye yah product meri koi kam ka nahin hai maine aapko tweet bhi kar diya pzilla ko tweet instagram per message sab diya mere pass mel bhi aaya hai aaj bol rahe hain contact ni pa raha hai aur mera number bhi yahi hai pagal aur j oth bol rahe
5,good
1,plz refund amount
5,agent listened politely addressed concern happy support provided
5,good
5,try deliver products time
1,order cancled without informing us contacted helpline executive issue not resolved frustated amd telling us refund provided within 10 days take tablet office last date per informed senior buy another tablet money buy another tablet know anything refund money ship order today e 7th august 2023
5,9k
5,good work heppy
5,good
5,good shopzilla customer care bahut help
5,outstanding customer care agent
1,bad
5,please solve problem early possible thank u
4,return order
1,every time tell backend team coordinate please solve customer issue priority bases customer facing issue time usual waiting response backend team usually not coordinate us solving issue
5,nice
5,behaviour adorable grateful
5,good
5,thanks
5,good
5,good communicate customer care executive still speak another language tried resolved thank
4,bot response not proper
5,good sir
1,today wrost experience life shopzilla guys understand geniune problems sorry sorry sir sorry not gon na solve problem plus customer shopzilla think twice using shopzilla app
5,excellent service
5,super
5,need fast resolve complain
5,please make reaching customer support easy accessible raise issue number no option talk customer support number
5,plsgive stricet instructions delivery office
5,thanks shopzilla
1,wrist service clip never ever get delivery time also not provided correct delivery agent number disappointed services
5,black list seller
5,thank mam
5,delivery late
5,thank
5,polite
5,thank shopzilla
5,please change delivery partner
1,bad see shopzilla reject query
5,correctly communicated customer support department
5,good
5,awesome talking
5,connectivity seems poor hear voice executive clearly please improve
5,good
5,non
4,nice werk
4,sell products guarantee replacement defective product guide
5,plz solve issue soon possible verry tired issue
1,mera product nhi aa raha hai thoda jaldi bheje please
5,problem software not updating request placed kindly make smooth fast coustomer executive helpfulthanks
5,shopzilla calling order confirmation placed two orders one order cancelled confirmation call recived confirmation order cancelled order includ confirmation confirm second order no one option available confirmation second order
5,otp based return not well not processingthen reached customer service item return accepted poor return process
1,shopzilla order not cancel request not accept selr
1,good
5,good
2,try solve problems one call three time call not solve problems
4,scam shopzilla product sent charge extra ordered one product rs 659 recieved product actually amount rs 399 199 599 also products come 2 different packages ms help exchange product due restriction help properly need give additional power
1,want return mixer
5,good response customer care team
3,deliver timely add time available receiving parcel add option
5,thank u
4,agent honest good understands issues support thanks shopzilla
5,good
4,good
1,customer service person helpless provide proper information
5,good
5,change delivery agent
5,good
4,non return policies send wron products
5,nice
5,thanks
5,tq much sir
5,happy
4,medium performance
2,issue not resolved given canned statement shopzilla maintain standard choosing third party worst pathetic service manage promise customers superbuy atleast good enough take care customers complaint act immediately
4,customer support good
5,good behaviour customer executive
5,happy
5,good
5,good behaviour
5,good
1,provide correct motorola customer care number
5,good
2,
5,achhe se problem solve ki meri
5,good
1,meri watch please
5,nice behaviour
1,worst delivery service
5,no questions
5,super madam baat
5,good
3,ok
1,customer care not solve problem
5,executive good happy nice comunication problem solved
5,good sarvice
4,thanks
5,ohh yeah
5,nice work
5,nice experience
3,okk
5,good
1,old unserviceable product delivered refund accepted 31 07 23 product not pick till date
4,problem grocery order happening almost every time please ensure strict guidelines supplies harrassment us customers
5,great experience shopzilla
1,good
1,need solution delayed shipment promised delivery 07 aug no action reason buy shopzilla give opportunity fail miserably hence losing customer confidence loyalty next time no shopzilla
5,achaa mare help krdo bus mara 1943 rupa return kra
5,chat counterparts conduct bandits night
1,poor service
5,make policy best everyone make seller accountable
5,good information
1,bad service
5,good
5,good
5,good service
5,nice talking
1,poor experience
5,good
1,didnt verify whats happening exactly
5,excellent service customer care
5,god job
1,want replace product size 85 larger please arrange size 80
1,bad customer service
5,good
5,good conversation customer service
5,good
5,good
5,hjj
5,want direct number speak customer care difficult connect call shopzilla
5,insist call text logistician
5,everything good amazing person deal customers
5,bahut badhiya language bahut badi acchi ki hui hai thank u
5,thankyou
5,please resolve issue
3,good
5,nice behaviour akriti ji
1,worst policies
5,polite resolve problem within 2min thank help making order approved continusey telling shopzilla policy said give good feedback
5,outstanding
5,nice
5,thank
5,friendly helpful customer executive thank much
1,guys control delivery
1,worst experience shopzilla delivery services order not received delivery team marked status delivered
5,hello
5,madam
5,no issues solved
5,best
5,good
1,worst experience
5,nice
5,good
5,good
5,gives correct information
5,good
1,not able resolve issues leave job
5,please solve problem thank
5,delivery guy aware inbox accessories case open box delivery delivery guy shall demonstrate equipment also counting accessories box per site description
5,good service
5,good vibes
5,overall good
5,politely talk
5,nice experience
5,welldone
5,really appreciate service
5,thank vary mach sir
5,satisfied executive
4,agent good addressed query professionally
4,product less time agent bit arbitrary
5,good
5,good
5,make sure deliver right product much unhappy wrong product delivery
1,poor response
5,tq plz solve problem
5,mujhe apna order pura dena bar sir ji
5,good
1,eat away customer money
5,exchange phones policies u2019t much clear terms discount card offers
1,customer service person fine product delivery bad worst 3 months 3 different product none got delivered worst service
4,resolution time taking long
5,good help staff
1,seller sold used philips 36 liters otg though delivery open box agent open box confirm condition product seems shopzilla purpose sell used product
5,amazing voice
5,customer care unit positive issue product replacement hope sort time
4,na
5,please use item ke uper ap log dhayan 1 baar es ke pahale bhi dusre product ki packing thi packing ke uper hoga
5,good
5,great
5,thanks help
5,good coustomer care executive
1,not happy
5,nice way talking coperate
5,no comments think u2019s good
5,need focus customer product quality issue
1,customer care cut call twice
5,good
5,good experience
5,good
5,good communication promblem solve easyly
1,not accepting return bad fix
5,please use otp delivery confirmation
5,good reespotion
5,good service
5,good
5,return policy available products sale shopzilla
5,thankyou
5,nice conversation
5,good
5,tnx
5,excellent service
1,rubbish worst service supportashamed shopzilla
5,excellent
1,company disonest
5,shopzilla made tough reach customer service executive
5,ok
5,bast customer servicevery service
5,good
5,excellent
4,give adequate details information seller put order hold needs reason mentioned time confirm order not one hour
1,bad
5,good job
1,please improve customer support teamimprove delivery partner service
2,want product ur wishmaster lazy
3,regular shopzilla customer response today received team not appreciated pay product end u2019s rejected due no return policy product not delivered select u2019s really disappointing complain agent says u2019t help us not good customer support methods
5,costumer care supportive talk respectfully thanks
5,please ensure timely deliveries promised sometimes become quite issue
5,good
5,good
5,not send wrong products
5,tasalli bhari bat thi vishwas karne laik superb
3,call hanged middle may technical error wantedly happened know experience not good reason
5,good
5,happy
1,complain resolve without giving resolution
5,please return order
5,good
5,everything going good
2,mujhe karke
5,delivery time said
5,customer care executive polite problem solving understanding person truly appreciate efforts resolve issue company needs many hard working dedicated employees wish good luck future endeavors thankyou
5,good
5,no issues
5,good
5,thank shopzilla excellent customer service
5,hey nice interacting thanks helping first contact great day
5,nice
5,good
1,not able get solution persona came installation responsibility install pack not installation completed
5,set good
1,call disconnect call
1,guys not know anything ask transfer call senior repeating question call wan na talk senior resolve problem
5,thank
5,
5,ojk
4,good
5,bahut achcha
5,happy
4,good
5,consultant needs precise short conversation beating around
5,costumes caer easy solve problem
4,nice one
5,good
5,thanks waiting resolution
5,thank
5,nice thnk soooooooooo much
5,customer support nice
5,nice
4,hi plz make police flexible time mistake issue not return policy replacement able please many people happiness depends service thank
1,poor
1,not setified service bcs prime customer bt two orders not delivered timely
5,best
5,exelant
5,good
1,pathetic service not customer friendly good nothing u00c0 worthless website order product u2019t believe deliver order time
5,everything good
5,thank much support team phenomenal work
3,good
5,good
1,mu problem not resolving facing extremely problem last 5 days shopzilla solution problem shopzilla troubling mentally shopzilla team poor
5,good
5,good
5,mam tarkki dena aur shopzilla company tarkki dena duayen ap logo ke sath hain
1,bad experience shopzilla team
4,careful delivery agent
5,10
4,no
1,u r selling pirated books channel not taking back also
5,thank
5,good communication
5,customer care executive absolutely amazing
1,people slow one laptop purchase taking month
5,unable contact customer care
5,good one
5,good
5,helpfuland sweet
5,nice calling
4,shopzilla ensure customer delivering order adding secourity pointslike order delivery code etc
5,thanku
1,poor dull neglijence bad
2,customer support no communication logistics helplessly apologise logistic problems no use approaching customer care logistic concerns shopzilla needs enhance customer care
1,always nice talking customer executive well trained accountable
5,
5,best
5,thanks much sir
1,not talking
5,good
5,make return refund easy like
1,problem ka solution
5,good talking
5,good
5,service good
5,good
5,works good thankyou solving issue
5,please remove sellers cheat customers delivering used 3rd grade products
5,grateful kindness
4,help long time
5,good confirmation
1,chutiya ho bc tum
5,talk happy
5,good
4,language not showing time
5,good information
5,keep refund option returns
5,quick response professionalism highly appreciable
5,good happy talk castamar care
5,good experience
1,no help product delivered not open box delivery agent
5,please display proper information regarding open box policy product page
5,good
4,issue not resolved
1,worst worst experience
5,write information
4,good
1,product not deliver
5,good
5,no thanks
1,not good
5,delivery
5,thank
5,best
4,thank much
5,good team work
5,problem resolved costumer support
1,chutiye ho tum sab
5,good
5,good customer care
1,shopzilla service poor superbuy better
5,good
4,thank
5,many thanks
5,missing item option not available app
2,please check seller product not available processing order confirmation
4,good
4,improvement need please compare websites
5,customer care mam understand queries well corporate polite behaviour
5,nice
4,no
5,good
1,dilivery agar time par nahi kar sakte orders mat liya karopareshan kar k rakh diya hai muje
4,thanks
1,bad
5,good customer responsibility
5,good
5,please update number database
1,fraud providing providing false information people making fool
1,call 3 times customer support replacement return damaged used product procrastinating giving vague responses torture call repeatedly
5,good
5,na
5,customer service good
5,good
5,superstar
4,nice
1,disappointed time
5,nice talk support executive resolve issue like never thank u much
5,good experience
1,get refund
5,happy help
5,helpfull
5,nice
5,customer service nice explaining good
5,tracking updates need updated every location earlier order u guys updated tracking details upto 5 days lame experience repeated
4,make easy customers please
5,great job
4,replace material
5,good
1,no
1,rude disappointed shopzilla
3,nothing particular
5,regarding return pickup pl contact picking material least one day advance manage thx
5,shopzilla responsible product available sale platform
5,nice
5,please educate sellers pack food non food products separately help make consuming healthy customers
5,good service
5,happy talk costumer care resolved problem easily
5,nice
4,improve telugu customer support executives
5,good
1,shopzilla bad company cheter
2,want return product warranty entry product discontinued
1,bahut hi ghatiya service hai
5,order delivered 2 items not delivered yet no option point app despite delivery updated hours later
5,no thanks
5,thanks
5,good
1,poor service
5,thank u issue regarding help full
5,nice
1,send costumer money back cant give product well
1,dimensity problem
3,delivery boy not done job better
5,customer care listened carefully also gave complete assurance whatever problem listened encouraged solve oroblam
1,think study important every executive know anything shopzilla
1,bad
5,excellent
5,good
5,good
4,customer support good
5,good experience talk
5,good
5,tnx
1,worst service
5,happy
5,good
5,great
4,called customer support three times react 3 hours request call reacted tnq
1,delay order
5,thanks
1,completely unsatisfied holding money almost 15 days
1,product not delivered last 3 days delivery date 6 aug not delivered yet delevery person not attend call hell service
3,candle
1,work provide solution not rise complaint no solution provided exchange issue unprofessional shopzilla team disappointing guy feel ashamed
1,shopzilla helpless resolving problem
5,saw 10 items ordered nearly 2 3 items mismatch description website please solve problem thank
5,executive helpful
5,excellent performance
5,need change return policy poor quality product
5,much time taking connect customer service call
5,customer care service good resolved problem least timei happy n satisfied
5,supep
5,happy
5,good
4,worst experience time product undelivered cancelled without consent
5,ik
1,writing express extreme disappointment recent shopping experience platform latest encounter left frustrated dissatisfied
2,wast time
1,
1,problem knowledge policies customer executive
3,always ask new product delivery man opened box absence not accepted right see ordered absence not reschedule delivery based party convinience
5,nice talking
5,make sure delivery correct items
5,impressive consultant polite not like yesterday one teaching policy thanks consultant
5,happy
5,not getting immediate calls connected customer service representatives gets delayed
5,good
5,good
5,thank
5,good response
1,received wrong product
1,problem not resolved fake updates
5,good
4,candes fan repair applied extended warranty please resolve
5,good
5,good
5,connected support staffs since last three days helpful polite supportive remember three names sorry side forgot names last remember name insured probably 11 month issue resolved thanks shopzilla team
5,good
4,try best
5,good
5,service goodi happy
5,good rwspoanss
1,asked 4pics send give money back need refund simple manner nor every proof take u court
5,good work
5,no
1,make returns simpler hassle free customers longtime track record trustworthy purchases absolutely horrid misleading return policies concerns customer ignored cancelled another expensive product ordered shopzilla not using website anything even slightly expensive foreseeable future
1,wishmadter made aware reason would no delay
1,delivery time
1,bad experience
2,worst experience damaged items received no return refund supplier cheating customer thro shopzilla
5,
5,im happy service
3,yes executive empathetic provide solution anyway
5,good
5,appreciate guy understand solve problem thank
1,boy support bad
2,issue long extra timing product issue not resolve plz fast resolve issue problem plz thanx support shopzilla
1,bad service
5,telugu language also provide
5,executive kind apologetic facing issues displayed great ownership regarding shopzilla brand
5,nice
5,good
2,please provide correct information
5,
5,nice talk assured resolved issues days
5,good services
5,good
1,one worst logistics service shopzilla
5,nice
1,customer executive provide real time status updated customer not interested historical data unusual wasting time
3,thanks
5,thank
1,3 din ho chuke apki help lete hue koi help nahi mili nahi mujhe mera order dhanyawan bs whi bar bar mail krdete hai apke sath hui asuvidha hame khed hai jald se jald ye resolve date pe date h bs haut
4,try solve issue lesser time
1,please help return
3,order replacement nahin hai samasya ka samadhan nahin ho rahi hai mere
5,thanks providing excellent work provided shopzilla agentthanks lot
1,improve everything
5,happy talk thanks bro shopzilla
5,guide delivery agent behave properly not t0 reject order without permission
5,nice
5,thanks support amit
1,worst service
5,thank shopzilla addressing query properly
5,super
5,good
5,thank
5,errant seller punished making mistake emotional festival like
5,customer care service best shopzilla
1,u r taking long time resolve small issue order delivery since days u guys telling wait another five days receive u2019s taking long cover 5 6 kms
5,helpfully
1,wrost experience ever
1,please teach basics customer care team
5,good
3,product delivered unexpected
3,kindly make sure refund reaches customer time ensure faith shopzilla company
4,communication good issue not resolved
5,good
5,thankfully customer service shopzilla
5,thanks
1,not
4,thanks
5,thanks
5,friendly solving problemthanks
3,shopzilla costumer service good bu shopzilla bad
1,request resolve problem not happy offer
1,setisfai shopzilla couste care
5,nice experience
1,service representative useful knowledge policies zero
5,good
4,ensure could reach customer support easy manner
5,would love talk ti ravi ji support ys
5,a1
5,thnx q
4,delivery agent fraud money take extra payment 305 ammount take delivery agent please refund amount immediately delivery agent blocked number please take strict action person name please refund amount immediately sirplease sir help
1,un useful
5,plzzz display direct contact number help center chating chatbot irritating
1,pls send invoice ny purchase
5,nice
5,good experience
1,ok
5,please take time call
5,excellent
5,happy customer support
5,good
5,good spoker
1,not happy shopzilla side not supporting
4,feedback good problem not solve till today
5,best support staff
4,happy problem not solved
1,deliver package within 2 days worst delivery section worst delivery executive
5,verigood
5,person talk loyal honest work thanks support
5,proper check product dispatched
5,no
5,good understanding
1,pet store chor cheater send 2 packet 60 gm instead 2 packet 180 gm no return policy shopzilla deal chor sellers
5,hi
1,please solve problem refund
1,pathetic one word describes customer concern
1,get lost bloody
5,always happy
5,helpful
4,one directly asking please connect call immediately
5,good
1,order not delivered time
5,good service excellent performer
5,no
5,amazing
5,thanks customers
1,bad
5,good customer care staaf
5,excellent
5,good
5,excellent
5,nice
5,customer service executive good listened query patiently hope issue resolved soon
5,great support
5,thankuuhh
1,please admit person literate polite
1,issue got resolve shared twice images product see progress even sharing team asking share images product really bad
1,hamko pura santosh mila bat karnesethamkyou
1,cheating people first refund 23490
5,good
5,excellent
5,good job
5,nice talk shopzilla excutive
5,no happy
5,tq much sir
5,thank shopzilla
5,please customer service fast
5,good
5,miss listened problem well solved thank u much
1,mere paise
4,good costomer support
5,customer issue resolved also proper update process
5,packing products proper checkup customer not get defective items thankyou
5,customer support executive good effort solve issue appreciable
5,good experience
4,call helpful
5,nice
1,thanks sir
5,good
5,really great customer focused approach long spoken representative excellent communication skills
5,good
5,good
5,good response
1,no solution yet
1,want money
4,
1,bad
5,good job
1,refund
1,worst ever experience 10 years
5,nyc
5,great
5,responsive customer care
1,delivery boy good not service number block list customer
5,good
2,watch pishicaly damage
1,worst experience today executive disconnected call abruptly asked transfer call supervisor even courtesy call back given false commitment want sue lapses mental agony suffered need compensation damages done
1,worst app order product guys canceled order without consent not refunding balance
1,get complain mail got instant feedback mail problem resolve
1,issis still not resolved representatives unable understand issue keep providing canned responces eventually disconnect call
4,solved
5,good job congratulations customer support executive
5,good experience love shopping shopzilla
5,good
5,
1,stop scamming people fraud company
4,thanks giving support refund return
5,please contact dealer send wrong product take action customer not suffer
4,provided wrong info appreciated help thankyou shopzilla
5,thanks
4,disconnect call listening whole problem
1,one worst service really
5,kindly check product sending customer
5,thank
5,good
5,nice talking agree relax
5,nice job
5,needs delivered single go facing issue wait another replacement
5,happy talk
5,good
5,good
5,good
5,
5,please check delivery team update not provide false information customer deliver product facing problem became shopzilla delivery executive give false information give damage product told get discount 15 20 take damage product simple fraud case customer
5,previous agnet failed check profut
3,sellers cheat warranty disputes
5,good person
1,right delivery time
5,good
5,good job
5,ver
5,good understanding
5,shopzilla already helpful productive care thanks
5,awesome
1,call centre exec bound process process flow rubbish agent laughing not option system order not delivered three days heard wait till tomorrow
1,senior executive could not listen voice please fix system kept call hold even work environment around disturbing loud background music songs tv series playing
5,nice
4,veri good
2,respected sir ordered products contour plus blood glucose testing strips two boxes 2 u00d725 strips per box cost 1670 order received free sample ten boxes 10 strips per box also expired 29 02 2024 use strips within short period time made request exchange today received replacement items also free sample ten boxes 10 strips per box expired 29 02 2024 kind information please needful thanking
1,issue resolved yet suffering last 2 monthsso sure shopzilla not able provide resolution regarding order take legal actions shopzilla scam valuable customer not fare show everything court shopzilla shopzilla team not able provide justice valuable customers much disappointed kind information
5,overall good experience thanks costumer support team
5,coustomer god
1,worst app recommended
1,product not delivered shopzilla application showing delivered
5,thank
5,good costumer service
5,everything looks good
1,facing issue return since last 3 4 weeks shopzilla bother solve problem
5,thank much
4,good
3,understanding person
3,shopzilla grocery send actial items quantity customers customer pays product get properly no effort enhance service occurs customer harrasment
5,good
1,
5,waiting call long
5,good
5,professional polite addressed issue properly
5,process reaching custermar care lendy
5,right
1,pathetic service response
5,bahut badhiya hai tv
1,solve issue
4,good
4,not negligence deliveries
5,happy
5,nothing
1,no goog
5,keep delivery better
5,thanks
5,thanks understanding qures
5,time call back shall reduced
1,customer service uneducated
5,costamet care se bahut
5,thank mehak mam
5,good customer service
5,keep
5,good
2,chahiye
5,excellent communication skill miss
5,nice experience thanks shopzilla
1,total waste time need improve lot learn lot superbuy best terms refund nd time management shopzilla needs understand time money
5,thank
4,pay later convince fee not happen
5,thanks
5,achha karke problem thik nehi huya abhi thanks support
5,always executive understand customer concerns able give solutions actually executive appreciate thank much
3,please ensure genuineness products sellers
4,nice
4,happy
5,manner speaking correct information
3,assistant provided information available no resolution looking even talking supervisor issue not resolved yet
5,good work exutive
5,never change
1,nothing see
4,still nobody pick purcell home
5,nice service thank much
5,good
5,thank shopzilla make life easier
5,no
5,good
5,thank u
5,good bahut acche se baat ki like
5,costumer executive polite understand queries well
4,happy quick costomer services
4,issue still not resolved
5,good
5,satisfactory
5,good
5,good
5,good
2,unable use paylater emi option
5,please aasan method rakhen
4,problem not solve
5,good
4,problem not solved please help
1,worst service
5,good excellent
1,not solving issue many times
5,happy help
5,good condition
5,items repeatedly come wrong brand due customers face lot trouble company ensure item ordered customer delivered cm customer
5,good behaviour
5,
5,thank anas resolve problem
5,good facility
5,good
5,good
5,mam
1,mujhe koi help nhi mili hai mujhe return chahiye mera mujhe wrong product received huaa hai usko return kro
5,good one
1,train executive trace email address escalated issue clarify teach respect take ownership decisions made senior customer service executive
5,thank
5,customer care exucatives helpful person n good coordination shopzilla satishfy exucatives good services shopzilla card thank
4,good service
5,good
5,thank
5,nice tq meri help krne
4,thank
5,nice service
5,thank
1,like no service
5,good
5,exllent service
5,nice
4,customer support good refund process need made faster
5,excellent
5,exlent
5,thank sir
1,bad
5,thank trust shopzilla support
5,good
3,consult executive still not got proper solution customer executive proper information missed thank
5,prblem solve less time
4,services good especially call talk mother explained us well spoke lovingly thanks shopzilla nice service
5,please check sellers selling quality products complete product
5,delivery time long compared online shops urban city like not take long time
5,automated system not good approximately two hour long wait call arranged plz make easy reach customer care executive
5,awesome
4,delay order
5,please add paylater account deactivate option app one wants close easily close without reaching customer service
1,order many times call get reply want listen anything please deliver asap
1,not working properly
4,nc
5,thank
4,long waiting avoided quick abd productive action taken
4,overall everything good
3,problem yet unresolved
5,good experience
5,good communication skills ms thanks shopzilla solve problem assured
1,logistics team not delivered product yet 3 day material
5,slots delivery much future not easy plan no slots visible post office hours delivery also data updation app delivery status not timely system not show delivery door bell ring delivery
5,good
5,good
5,shopzilla getting bad u order something u get something else happened atleast 5 times plz improve loose customers
4,feel good talk told every needed process like
5,nice
1,useless app
1,no problem
5,dely process
5,gald issue handled nyc person thanks
5,try minimise reach customer care
5,good service
3,would appreciated agent contacted courier company pick agent address issue timely manner
5,sometimes change policy rules customer satisfaction
5,happy
5,v nice
5,thanks
5,good service version fast accurate
5,great effort
5,good conversation great experience
5,super
4,not send damaged items
5,good
3,problem solved
5,good
4,please help solve problem save frod
5,thanks
5,good
5,try dilvery colour product order
5,nice
5,shopzilla
1,thank much help amezing series costmore care shopzilla happy
3,shopzilla please review sellers onboarding kind products sold not upto mark
5,no
1,shopzilla take responsibility no customer faukt
5,thanku
5,thank
5,management improved effective way
4,fast service super
4,pathetic service delivery simply fraudulent activities delivery agent
5,good
5,good supporter
5,boss ka song
5,thank
5,make call option directly available app
5,good
5,nice
5,nice nice
5,shopzilla policies goods iteams prise not geniun
5,good experience
5,nice support understandable
5,ok
3,provide correct delivery details app
5,good
5,good
5,good
2,pay later account hacked someone resolve problem
5,f shopzilla delivered wrong time need return policy hole mistake end
5,nice team smart helpful
5,everything good
1,installation app showing installation done
4,thanks
5,ok
5,nice
5,really liked way customer talks happy
5,please give instruction delivery partner regarding open box delivery always denying open box delivery faced previous order dated feb 14 delivery please improve service regards
1,solution not solution
5,nice talk
5,aapse bat karke bahut sir thank much
5,shopzilla charging mrp price listed product even though shopped great deal sale still product price high really need check product prices selling something
3,meri problem solve kar
5,osm experience
5,good fantastic customer support
1,vanishing plan due delay think u close website
5,nice
5,costomer support executive good happy
5,good
1,two lights blinking page light ink light simultaneously means ink pad end service life per user manual brought today possible means defective productit defective productproblem inner part take photo two lights blinking simultaneously ie page light ink light means ink pad end service life per user manual brought today possible means damaged product not blinking want take risk service partner no given call not connect previously bought canon printer form shopzilla exchange product purchasing cost 3600 sell 400 due not given service service partner contact shopzilla give number not connecting not helpful want take risk want return product cost 15 199 previously lost much amount money dont want repeat day 1 problem get started plzz help returning product
5,good
1,good
5,happy
1,not solve
5,thanks
3,no
5,no
5,services good
1,u2019t resolved issues
5,sorry say
5,politely talk
5,unable raise return request need call customer support please allow customer raise themself app
5,feedback positive
5,experience executive assistant care good
5,make quick
1,order taking 11 days dispatch 17 days deliver 3 4 days still order not dispatched
5,may need provide details product
5,nice
5,nyc person
5,thanks
5,nice
4,please deliver product better conditions n not damaged
3,want cancel one assist protection plan not possible informed want cancel extended warranty starting along manufacturers warranty effect 2 warranties simultaneously
5,outstanding solution
1,worst sevice
4,please resolve issue fast
5,good
5,good
5,providing platform trusted honest brands
5,shopzilla customer service good thanku much shopzilla customer care executive
5,good service
4,make refunding process convenient ease process reach customer service team otherwise no issue
5,deliver complete product
5,everything good reaching wards making call difficult
5,good resolved problem love
5,good
5,reaching customers support shopzilla becoming difficult
5,good sarvice good stuff thanks shopzilla sir
5,good
5,thanks customer care
5,good
5,nice voice
5,nice
5,good go
1,nice iam happy
1,mujhe yah ummid thi hua
5,nice
5,best responsebest help
5,get wrong product please make sure replace order open box tell delivery agent open compulsory sometime customer forgets atleast deliver agent work
5,good service
5,excellent
5,thank
5,good
1,talking abusive language proofs
1,ask delivery van take assistant helper
5,customer support executive friendly resolved issue
5,good support good service
5,please solve problem
5,awesome
5,thank
5,thanks
5,issue resolve soon possible
5,thanks
1,customer service agent u2019t guide gift card sent
5,please make convience customer connect executive change return policy per missing products
5,work done interaction service person
5,good
1,better service
5,service good
2,nice
5,good service
3,unable connect concern department
5,tnx
4,4
5,noise call
5,really happy support
5,good
5,happy talk customer support hope issue resolve soon
2,make rules regulations sellers give money every day delay delivery
1,not working waste product
5,good
5,
1,received damaged umbrella raised return request day receipt product replacement cancelled 5 times due logistics issue raise issue get query heard issue not yet resolved possession damaged umbrella without help shopzilla seller worst experience shopzilla seller
5,good solving issue much friendly
1,help
5,satisfied
5,
5,nice
1,delivery boy delivered wrong product not getting support
5,good
5,good
5,
5,good
5,good nature
5,thank u
5,really polite
3,good
4,good
5,good
5,thank
5,please make easy contact customer support
5,good castmar
2,abhi installation hai washing machine ka
5,good
4,replace
5,good behaviors
5,good behavior executive
5,tok good customer support
5,good
5,good
4,good
5,sellers fraud sending damaged wrong products cases no return policy
5,good talk eager help best way
5,happy
5,confirmed delivery date pls delivery time many times changed delivery date especially order delivery bad never expect problem reduced business growth
5,happy service helped resolve issue quickly
1,take strict action people not willing work
1,improve product delivered services
4,refund time fast
5,thanks lot
5,thanks calling assistant
3,problem not solved iam unhappy shopzilla
5,gre
5,resolved problems short time
5,thanks
5,thankyou shopzilla
5,thanks madam aapse baat kr ke mujhe bahut achha
4,good
5,thahanku sir
5,thx
5,thankyou sir
2,bad experience
5,fellow politely commucated resolved issue god bless
5,good service
1,resolve queries soon possible
4,thank
4,thank
2,good bye good luck u2019m done shopzilla forever
5,excutive good person manner talking impressive
5,need refund immediately
5,product mobile phone good checked open box delivery check back cover damage bottom
1,nothing help product defactive not go return
1,shoes bed quality
5,
5,happy
5,provided help according issue
5,good customer care executive sole issue thanks executive
5,nice meet
4,no
5,not happy
5,good
5,good
5,thanks
1,customer forgots return product exceeding day two consider much
5,thanks
5,good person honest upgrade person permission plz good person
4,thank prblm solve
5,get access exchange option side helpful
5,good
4,please provide delivery boy contact no
5,thank
5,good
1,no product delivered customer care asking reorder guys making fool customer worsr experience shopzilla
1,bad delivery service please chitting costomer
5,customer support
1,please maintain proper info proper support customers
5,want return noise watch
1,pathetic poor approach closure issue not limited till assurance moreover escalation matrix highlight top seniors
5,nice
2,want know order
5,service executive excellent
5,shopzilla good secure online shopping thanks shopzilla
1,please improve quality customer service executive understand problem asked return product created replacement speak 30 mins every time call waste time
5,nice
5,case want cheng colour phone pls possible get cansal order
4,good
5,
5,tq
1,deliver genuine products
5,make sure sellers sell genuine product genuine rate
1,product return problem
5,excellent
5,good job mujhe baat karke aapse aap mujhe poochha chij per mujhe problem solve hua per main aapko 10 mein se 10 number dena chahta u mach
1,none milks getting added cart
1,provided delivery hub location facility hub collection urgent requirement
5,good
5,nice
3,bad
5,
5,thanks
5,helpful conversation appreciate
5,bahut acche se baat ki aur bahut acche se samjhaya
5,offer option inform missing items customer continue empower delivery team confirm verify
1,dont buy shopzilla thats
1,
5,bahut badhiya vayvahar kiya
1,everything depends pickup person case return
5,good
1,not helpful
1,order 3 qty delivery 1 qty payment done 3 qty kindly take action seller
5,refund issue
5,thank
5,good
5,excellent
1,worst aupport first understand customer need respond
5,quite good
2,thik nhi
5,please help
5,please educate sellers pack food non food products separately not per customer requirements not healthy sign consuming food products
5,love shopzilla
5,thank much customer service
5,service good
5,product not delivered timely ordered 4 products no one gets timely
4,nice
5,agent named azhar try help system allow proceed nice customer support
4,good
5,well done
5,god
1,delivery delay problem
5,better improve customer support
5,
5,resolved quickly
5,delivery line shopzilla not choose issue
5,good
5,good work
5,love shopzilla
1,product not good return
1,pls return order
1,delivery date showing time order placement showing tomorrow
5,product ka charjing nhi chal rbsbhai
4,good
4,good
1,cute
5,please send delivery given date reach time use cancel order
5,good
1,want change product l want wifi connection exciqutiveis tell not possible
5,always value customer customer loyalty not come easy oare not focused pleasing yoor base
1,no better service provider 600063 new perungalathur chennai irresponsible delivery hub services take time deliver product
5,good
5,problem solving
5,excellent support
5,vary good
1,customer support said registered complaint would receive email see till
5,happy
2,prodect quantity 36 noted shopzilla received 22 pice
3,someone frp shopzilla came picked return morning came back evening returned product maid absence saying complaint filed return
5,products no return policies make returnable reasons
5,good
5,pathetic sales service specially installation servicess
5,excel serving customers great job
1,no action taken shopzilla product still replacement not single delivery boy came take product back pathetic behaviour shopzilla must walk legally fraud scam shopzilla
4,happy customer support executive behaviour
4,thanks
5,feeling good
4,nice
1,worst e commerce site
5,shopzilla cant help sharing details available shopzilla app email believe expected terms help needed
5,satisfied customer care service
5,coustom support good
4,good less waiting time
1,product not working
5,service good
5,ye mutually beneficial
5,thanks
1,order 30 july vesco drift 24t bicycl delivered time date 07 08 2023 still 09 08 2023 not information come form shopzilla teems also paid money
5,good
1,please reorder cancel order
1,shopzilla never helpful nowadays associates making fake promises always no worries unable resolve issue used help good feedback
5,good
3,not getting option download invoice delivered orders
4,good response customer care executive
5,okay
5,display proper delivery tracking information grocery items app websites
5,please hepl consumers get fullfill requires
5,nice
5,nothing
5,product missing related complaint option provide app
1,horrible item
5,great experiance talking customer service helped issues thank much
1,not resolved
5,nice talk please problem solved
5,pintu
3,seller didnt aproved return request yet day ago otherwise executives dedicative thank
5,thanks
5,happy thanks sumit
5,good
5,thanku
5,item returned delivery man showing delivery no way report app customer help taking time respond
2,need order cancel
1,placed order gift card order worth 20k 5th august order still pending customer support executive gave wrong information refund processed within 24 hours u2019s 3 days worst customer support ever
5,good service
5,experience awesome thankyou
1,customer not happy delay delivery wants cancel executive not cancelling worst policy worst delivery pl cancel initiate refund
1,change wrong product
5,
4,thanks
5,fasten delivery
3,product packaging logistics needs improved time product getting damaged bad handling
5,need add point mobile people pay extra amount mobile testing fail not get kind receipt invoice mail someone pay extra exchange must receive information shopzilla
5,good
5,good
4,good
5,good feedback customer care
5,thanks
4,good experience
1,bad service
5,please provide language malayalam
4,no
5,hii
1,customer support team not eligible customer concern
5,problem solved
5,nice
5,good
5,need clarity query resolution process
4,abhi tak koi isu solve nahi kiya
5,good
1,exchange
5,good
5,much good
1,still not get resolve issue waiting long hours days waiting call
5,good
5,thank much
5,ok
5,best meri problem ache se sune
5,nothing
1,connection shopzilla shopzilla nil even small logistics company proper tracking mechanism complaint answering mechanism something delivered shopzilla shopzilla contact details open box delivery someone place shopzilla promise date time delivery order something avoid personal task wait parcel worst part gets delayed please little responsibility atleast
5,service good difficult return product time taking sometimes need call customer care many time resolve problem work
4,enhance delivery agent response behaviour
3,services good
5,nothing improve great job always
5,good
5,good
5,best
5,product receiving good
5,iam much satisfied way speaking
5,love shopzilla
5,nice
5,thank
1,bad customer service
1,guys no source information sitting waste customer time worst service even opted guys made sure not ever use pathetic services future
5,good
1,return replace
5,think product not work exchanged shopzilla
5,ok
1,poor customer service
5,many many thanks
5,good
5,aaye bilkul sahi aaye product galat aaye return krna hota shopzilla bahut product sell requst grant sir product issue hai
1,process wastes everyone time come expect customer upload image product accept please check delivery person
5,problem related order 10 pm customer care person helped 10 pm talk great respect thanks help support excellent service keep
5,need improvement
1,return
5,thank
5,mere sath call main thaa wo bohut a66aa thaa mujha bohut help haiii happy
1,acchi service nahin hai shopzilla ka
5,thank
3,please solve problem
5,mam really polite help full really make tension free really loved pronunciation neat clear give 10 points solve problem
5,good
4,okkk
5,good job
1,tottaly waste reaching customer not understanding customer issues given training say sorry noting
5,polite
4,na
4,type issues not reapted
5,excellent
1,issue not resolved return product one time still multiple times reached long process not happy
3,products affective check carefully
5,lot thanks
5,please add option returning policy
5,thank
1,shopzilla not responding return product automatically cancel return request service shopzilla bad
5,thank much halp
4,good
2,bahut bahut shukriya call se baat krne aapka baat krne ka nature bahut acha thaa mam
3,little bit faster
1,bat product service
3,return request accepted 3 times case seller cancels request per seller open box delivery fact wishmaster inform obd video proof well call recording gave information customer care executive twice return request initiated cancelled g9t used damaged old product may manufactured 5 10 yrs back no tag not expected shopzilla trusted reputed online shopping website
5,bahut acche wale
3,product return refund time quickly respond problem
3,would like know action complaint delivery executive brought groceries open box checked rude challenged not get shopzilla deliveries
5,something glitch side late deliver late pickup message call contact customer customer service order tracking need whatsapp
4,good knowledge
5,improve services
5,website not user friendly
5,super customer care
5,nyc coustomer care details shere
1,make refund policy easy
1,wrong product delivered shown picture shopzilla site shows combo pack delivery box body groomer not found retail price deliver items mention rs 1495 shopzilla charge rs 2629 bad experience shopzilla time totally fraud
5,good
5,language not option customer care call
1,not solved problem
5,no brand tags provided customer return sellers strictly dealt customer returns back whatever delivered harass customer either delivery person simple thing click picture product ask delivery person match none left contradictory
5,good
1,please try understand problem
5,product accessories put inside box mentionit
1,paylater balance not adjust please adjust immediately
5,hard reach customer service executive
5,thank j
4,no
5,good working
5,nice
5,excellent
5,satisfied service well done brother
1,washing machine received dead no support received shopzilla
3,please particular abot deliveries customer also plans accordingly orders
5,oo
5,gud
1,not installation work done bad
1,good seller not available app
1,delivery boy nt come delivery
5,nice
5,happy
1,n
5,good
5,connecting time customer care executive long
5,query get solved person talk care n patience
5,please resolve current issue really suffered lot due thanks
5,return refund initiated immediately
4,good
3,bought salary enjoy product please replace product proper goods
1,cut call
1,bad look
5,good sarves
5,good
1,provide feedback worst shopzilla
5,good sarvesh
5,free delivery stoped plus members less 500 rupees orders not good
5,thanks
5,good
5,problem solve employ best employee shopzilla
5,good nature voice politely
4,happy problem not solved
1,valuable service consumers worst services
5,refund please
5,nice talk customer care agent delivery problem not solved
3,cheat customers delivering expired products circulate social media shopzilla cheating customers
5,customer support good
1,pathetic service
5,
5,delivery problem selar deliver address pin 721156 buy product show pin code available product
5,thank
5,policy bad
3,good
5,good
4,helpful
5,return policy every product thank
5,explained process claiming well u2019m happy resolution communication skill mark
5,plz solve issue fast
5,think improve courier service
5,good
1,ing idiots u2019t know look situation u2019ve telling share images nobody willing look
5,good
3,talking discipline
5,good
5,good
5,mera order chuka hai abhi unka aaya
4,thank
5,delivery pickup person preferably must pre inform probable time arrival
5,hi aapse bat krke
1,trained puppies not know anything saying sorry software systems shamble high time inspect introspect
5,thanks
5,please take care delivery goods per customers ordered product packing lunched complain today different product packing delivered today
5,service already excellent
5,like custumarsupport
5,nothing serving better
5,overall good understand customer problem
5,satisfaction
5,good communication customer care
5,thank much sir good job aap meri help kare iske liye thank u mach
5,good
5,please quickly connected
5,customer care bahut acche se bat kiye happy
1,still order not received u blady chiller fellow asking feedback
5,hamble nature staff
3,poor response cancellation service shopzilla
5,custemer care good
1,long tike taken
5,excellent
4,tried several times upload photos damaged product unable please make easy raise concern regarding
1,problem not solved wrong msg conveyed
5,good customer care support
5,happy
5,nice good good
5,like way talking much way understanding problem really nice experienced good time
5,issue not solved
2,order shown opd facility executive told system shown opd facility not available possible ordered product shown opd facility even would reorder also showing opd facility could denied opd not available totally disappointed
1,sar mam collecd order
1,product not ok kindly refund money
5,great resolver
5,good
5,good
3,big e commerce platform service must time guys answer queries valid reasons explaining reason delay due bad delivery service not easily customer support availability normal customer suffer order already delayed almost 5days mandatory action taken delivery partner must receive compensation shopzilla due lack service
5,no thanks
1,advisor not able understand concern poor framing answers lack confidence advisor used matlab call need work call quality
1,not received product showing delivered
5,good girl
1,issue not solved
5,nice
5,good experience executive shopzilla way communicate polite
5,best customer service experience
5,bengali fund no one support language
1,try keep information crm required contact delivery agent
5,nice talk
5,good
5,good
5,pls specifically mention product image open box delivery avoid future return complication
1,hamara parsal nahi mila ha
5,plzzzz make sure send product good product missing still havnt receive refund stupid policy product missing case fault custmer please send refund fast buy product another shop
5,support co operative
5,good support less time
5,good
5,good support
5,diturbance background came executive understanding problem resolved please try improve network
1,good information
5,pathetic packaging provided shopzilla time dispointed product packaging open inside
1,not good
4,good
5,thanks
5,iam happy
5,good costmer service
5,no amazing service
5,ty much fir helping products
5,good customer service
5,nice
4,bahut achcha karke thanks shopzilla
1,poor experience complain
5,nice
5,nice mam problem solve
1,transparency required information
5,good job shopzilla
5,good
2,good
5,good service
5,technical issue customer support last got proper connection thank
4,nothing
5,
5,thanks
5,good work
4,
4,sent different product different size got charged rs 50 returning wrong product really disappointed
1,
5,great support executive
5,good
5,agent patient solve problem appreciate work thank
1,poor delivery network handles
5,awesome support customer support
5,good keep
5,although first level customer support good unelss backed right information product listing order page delivery experience help
5,lik customer service
5,much polite behaviour
5,great experience
2,customer support representative answer pathetic service shopzilla time
5,permanent block customers paylater without customer mistake
5,best
5,helpful
5,guy like azhad asset organisation higher management shopzilla cs even bother address query guy atleast gave hope issue shall get fixed facing issue since 3 days shopzilla simply care poor customer service management hat azhad
5,good work get things soon
5,good
5,super sarvice
1,hum ko exchange value nehi mila
5,instantly solve problems
5,loved heplful support
5,time call get disconnected shopzilla executive not bother call intentionally disconnect call
4,happy shopzilla best
1,bad
5,satisfied great
4,u send refund tell
4,try acquire exact info delivery agent
5,bhai n 10 star dedo
1,installation denied
3,requested return no updatetill show processing request
4,ok
5,thanks
5,thankuu
5,awesome service provided sachin assisted best possible way 1000 stars real asset shopzilla stay blessed great day ahead
5,great
4,customer care ki batchit achhi thi adhura raha
4,let meat consumer court
5,
5,helpful sweet nd kind person thank
2,nice
3,ease return process
5,solve issue regarding earphone return
5,delivery agent made responsible
5,good
5,happy thankyou shopzilla
1,much time taking resolve problem bad
3,shopzilla piece shitmost pathetic ridiculous process ever
1,dubliket hair oil aya hai
5,customer support executive quick precise solved issue quickly thank
1,sujit
1,3rd class service cancelled order number times
4,okay
5,keep fast everything delivery exchange return
5,no
5,experience good coustomer care helpful
5,nice coustomer care mam good slove problem intanst shopzilla thanks
2,not slove problem
4,product show website product get
5,good
4,thank u
4,supper
5,
5,good exucativd
1,not connected senior team
5,thank sir solving return problem
5,nice understand
5,nice customer service
5,good
5,great behaviour customer support executive
5,god
1,diye hue time per delhvery costomer jarurat hi order kerta h aap usko time per nahi delver kerte aage se sedha dukaan se hi lunga online band
5,osmmmm
4,grocery packaging poorplease improve
5,good
3,present support executive help according previous response dissatisfied resolve solution
5,quick response question
5,excellent thanks sir
1,patheic service
5,good service
5,nice
1,order delayed 10 days still not delivered
1,policy like supreme court order seller sending bad quality product shopzilla must take action customer bear loss
4,no thanks
1,bad service shopzilla prepaid shipment getting delivered without otp no solution
5,nyc talk customer executive
5,listen issue carefully resolve wonderful way
5,happy support received
5,thanks
1,takes long day resolving issue
5,happy
5,need minimum time resolve
5,nice
5,plz blacklist company not return replacement policy cheat us product not genuine
3,item delivery fast
5,happy always
5,experience executive pleasent fruitful end nothing required change good
5,worst experience going shopzilla frustrating
5,thank u ur effort help customers
5,good job
5,good behaviour
5,fine
1,installation service pathetic pl share direct contact number vendors technicians
5,overall interaction good
5,good service
1,call disconnected
1,placed order gift card order worth 20k 5th august order still pending customer support executive gave wrong information refund processed within 24 hours u2019s 3 days worst customer support ever
5,ok
5,good
1,slow delivery work
3,one assist policy not received poor service
4,others
5,support services good
5,good
5,provide us fast delivery please
3,issue not resolved yet
1,shopzilla
5,product received wrong ordered placed order refund told item picked 11 august yet know one came pickup item contacted customer support told mentioned wrong information product return please return request place fresh return request waiting nd also else customer service executive told picked case customer
1,sarvice note good
1,not get probl
4,yes
5,good
4,good
5,thanks customer care
5,good
5,good service
1,good
5,good experience executive helpfull
5,theek hai
1,worst
5,executive excellent
5,please refund complete
5,damaged expired wrong item received customer time delivery agent wait assure us return replace items problem occurs resolve aspect
5,thank
1,resolve costumer issues
5,good
4,good
5,good person
5,good behaviour personnel
5,exilent
1,mera product return kijiye
5,resolve issue soon
5,thank much sir good day
1,nice
5,customer executive actually helps effective manner
5,thank much sir resolving problem
5,no improvement
5,wonderful quarry executive said issue resolved good
5,thq sir
1,still not satisfied query still not got refund amount 17 days
1,problem not solved no energy left fighting product delivered wrongly not fault shopzilla learn superbuy quality check costumer service really disappointed plus since small amount hv no go leave
5,excellent
4,send duplicate product plz send product brand cover
4,change dilivery time
5,excellent customer service
4,please improve packaging services every time min 1 2 product found missing damaged want return money want geniune product
5,supportive tonsalve issue
5,never sell bad item customer
4,ensure ease reaching customer support make sure call us back send message call 3 5 min dont make customer beg call
5,v nice
1,u poor performance regarding reaching needs customer worst experience life even customer executive poor etiquette no prior information customer inform make sure people know never shop shopzilla
5,nice
5,thnx much mam
5,good support
5,talking happy
5,na
5,per customer support experience really happy shopzilla service person helpful resolve customer issue thank shopzilla
5,first time talk issue solver cce happy
5,customer care executive professional sound knowledge product services policies understood query one go provided required solution really appreciate time effort thanks shopzilla amazing people team
5,customer support good like
5,soft copy invoice not made available app unable find customer support executive told mailed registered email address received yet
5,better
5,thank dear
3,good
5,product not working purchased need service centre details details repair product product life care product nebulizer life saver
5,excellent
5,nice toking solve problem
4,good
4,make cheng able dilevery timeand date
5,excellent support representative
5,mere mobile problem jald solve karne kare
5,nice
5,good service
2,pls call back since call got cut issue raised call not resolved
1,bad service provider shopzilla app website mention different product delivered differentand different product many functions missing
5,good
5,thx sir
5,great team
5,delivery date booking e samay bataye
5,thanks
1,tried contact customer support query least 6 7 times nobody able give proper information resolve issue worse experience lack knowledge fake assurance given support staff last phone call assured provide customer care number text message said everything fake assurance u2019t get number proper service well overall bad inconvenient worse experience ever customer support
5,thank shopzilla thanking much resolving issue god bless
5,no improvement
4,happy
5,best
5,good job
5,nothing
5,exleent job
1,company ko pata phone mine dikkat hai tabhi apna dekra duro par ka one week ke replacement hai kare na ki reptring kar hai
4,want add pin code billing address claim bill office fairly rejected customer care please help
5,thank much help polite talking good work talking good happy
3,solf headphonesproblem boult audio
3,missing item order no option raise queries fro missing item
5,communication good
5,please try make delivery faster specially rural areas slow not every time person available pickup products
3,want change international number profile wrongly put creating profile agent able help change unable receive otp message mobile want change mobile number
5,kindly problem solve early
1,no
1,product delivered defective not returned replaced even talking customer executive
5,costomer service good
5,seller cancelled payment displayed either app customer care support executive platform
5,emi offer not good service pay istara bill bank
5,good
4,nice
5,thanks
5,thank support
5,resolution swift
5,nothing
3,bed
5,nice
5,payment done ourside ordering easy soft order getting pending canceled
5,ok
5,not take even delivery charges
5,super
5,good customer support
5,not received order makes contact customer care would like say please try avoid cases
5,good person
2,refund money
1,thanks
5,suraj good listener behavior also polite good overall happy service
1,pls make customer suppective
5,paid dues still pay later not working otherwise othershopping experience excellent
2,problem not resolved
1,poor complain
1,bad behavior
5,good person talk fully help
5,everything fine sir no commentsthank
1,fraud
5,happy speech experience
5,shopzilla customer since day one shopzilla started sales please identify fake product sellers shopzilla take action towards not money trust shopzilla years
5,use product
1,needs resolve issue real time
5,good work
5,issue solve customer care thank shopzilla
1,not sell products poor service
5,good
5,happy talk thank costmor support
5,nice
1,give us false wrong information
1,products delivered received
5,customer care service good delivery system getting slow irresponsible bad
5,happy behaviour support thnxxx
5,delivery late cancel order
5,good response shopzilla customers care hopefully good future
4,good order not delivered time
1,bolt audio player not working customer support note number mention invoice kindly help
5,good morning
4,no
5,excellent communication skills
5,
5,agent good responding information good amount knowledge platform seller policies pathetic not happy shopzilla service agent not fault platform
1,improve police
5,thanks thank reaching customer services good everytime problem reached would like thank good services
1,not received phone yet delivery sunday 6th august please resolve
5,background noise disturbing
5,please reach customer closing issue
5,jjbb ni hn
5,hi
1,stop plus membership no use not even bother timelines one day delivery according delivery partner also pathetic delivery partner not care customer called 20 times know order u2019t pick moreover got message not contactable therefore delivery failed ridiculous called shopzilla customer care promised product come today nothing like happened false promise not expected shopzilla till app shows delivered 9 dude 9 46 pm least remove basic bug need help please call u2026i help may god give ability positive mind serve customers better customers top priority first number bottom think n respond
5,good
5,malayalam speaking customer care people much help keralites
3,ok
5,mind blowing customer service nice communication
4,need check company response also
2,improve service
5,display blanket
1,poor service
5,good
5,nice talk
4,
5,good employee quickly resolved query
2,nice guy help resolve problems
5,please update system resolve system error make easy system like myntra
5,good
5,good
5,good job customer service
5,good work
5,bad experience shopzilla current purchases not support
5,please send us product specifications details mentioned shopzilla order time difficult us receive less quality small size product unexpected unsatisfied shopzilla
4,thanks
3,repeat contact
5,agent awesome man happy call
5,nice
5,thanks shopzilla
5,keep ahead arnave
4,wrong difaictiv product
5,wrong size items delivered
5,thanks
1,warranty claim nai ho rahi
5,good excucativ man
4,thanks sharing support
5,excellent
5,niche
4,add multilingual support ease communication also need bengali speaking executives
5,no
5,send items customer deliver ordered
5,good
1,not respond problem not clear
1,issue not solved
5,great job
5,happy
5,tell sellers ship products jatin helped alot agent saurabh person literally told order not eligible return jatin understands case advsd best keep guy around either train others cz incompitence causing us issued
4,thank
5,good
5,positive behaviour
5,nice
5,chat person talking good
5,thank
3,order return process not good also not good customer 10 days sufficient pick product u also say time return period 5 day u say u not available not right sir mam shopzilla customer satisfaction important pls order pick
5,nice
5,new policies pathetic trying login account unable since shopzilla not sending otp registered email id see maximum unsuccessful attempts reached
1,pls refund sound system
1,resolution time long
4,good service
5,make sure seller not product cancel order immediately
5,good
1,worst service received 1st call
5,thank shopzilla customer care
5,nice helpfull query solve issue minutes thank
5,nice
5,issue not solved
5,good
1,please improve delivery
5,amazing way talking cool no special effort required teel problem everything fair love agent way understand talk humble
5,awesome service singam lady
4,resolved coustomer problem asap
3,please check products delivered products missing
5,nice
3,issue still open
5,shopzilla service good
5,customer care executive polite knowledgeable
5,good
2,not happy need solution delivery wrong item
5,please refund money back
4,dear teamgrocery packaging improvement last time complaint issue no improvement shopzilla purchased ama n grocery packaging excellent everytime please improve system mentioned thank
4,good consultancy solve problem
1,issu problem
1,shopzilla exchange policy not properly communicated cause undue harassment customer
5,customer support executive nice talking way raise issue priority basis happy services not happy shopzilla cheat prime customer dne fraud grocery bill issue not resolved escalate twitter social media apps charges not valid please refund
5,satisfy customer support
5,set toll free customer care number query
5,nice mem
5,good
5,better
5,good
1,solve issues immediately nowadays takes much time solve issues
4,good
5,thx spotted helpful sir
5,nice
5,way sharing customer support satisfactory
1,please ensure delivery product time
5,good
5,excellent thank
5,good job
5,better experience executive
5,kotha bole valo laglo thx u shopzilla
5,awesome customer care supportmind blowing give 10 star
5,ok
5,good communication
5,good
1,watch thi fir return karvai thi time se pehle refund cancial ho gya date 5th august bata rkha tha
4,thank
5,pls return policy shoes crocs product
5,please woosh detergent deliverd right time paralysed parents not able going market
1,customer support could undergoing product delivered faul
1,customer support executive simply quoted 24 48 hours no resolution 4 days
1,fraud pick not done till im really upset mentally tensed
5,nil
5,customer service good
5,nice interaction
5,please fast delivery order
4,speaking language customer service
5,well talked customer support department
5,
5,good
5,good
5,good
5,happy customer exicutive verry unhappy item received toooo poor
5,thank correct information
5,plz use hindi language complain
5,good
5,good experience
1,ur company useless
5,good customer support
5,good service
5,exchange product return messages notification given customer lots issues happening shopzilla customer support trust questioned make sure side perfect customer easily approachable thank
4,nice
1,return policy time required damaged item delivery
1,nothing
1,no
1,sorry issue not resolved
5,super talk
5,happy calling customer care number
5,thanks
1,bed sarvice
1,please clear information
5,please refund money soon possible
1,wast time useless
1,worst delivery commitment ordered mobile one day delivery three days also not received yet
5,thanks shopzilla customer care
5,good
5,good service customer executive
5,fully support customer effective manner thanks
5,improve delivery service
5,no
5,thnx
5,good
4,na
5,make sure good product
5,happy
5,good
5,good
1,
5,nothing everything good shopzilla
5,good language
5,shopzilla customer care thanksful supports
5,ok
5,super
5,polite professional
5,good
5,thanks
1,call
5,gud explained
5,nice
5,osm exquisitive
1,bed bad poor
1,ordered cargo size not fit pay additional pick fee
5,good
5,mam ne bahut aur meri problem se solve kiya allah ta ala mam tarkki de
5,thank much thank thank good better
5,help full
1,delivery partners not fulfilling promise
1,waste time irresponsible answers attitude much zero knowledge
5,nice
5,op
4,nice service
5,nice
5,good
1,poor delivery service
1,everything must return policy
4,product delivered time
5,good
5,good taking appreciate
5,awsm
1,customer service agents not even try understand resolve issue properly rude not helpful
5,happy feel happy issue completely solved hope soon team solved issue thank
5,bahut hi aache se inhone thank sir
5,resulotion must early possible
5,good
5,service
4,
5,mr really good understanding issue helped solved issue full respect really great experience
4,problem not resolved due late complaint want improvement shopzilla delivery services thatswhy contacted customer care
5,good service
1,shopzilla pooar
1,waiting help get package delivered courier partner
5,good
5,executive polite helpful thank u helping solve problem thank u much
5,coustomer support
5,not bad
5,really good
5,improve pakage packing material package
5,ver
1,ordered shoes snapmint app paid 433 rupees shoes payment bank account unfortunately order not placed shopzilla call snapmint customer support service said paid 2866 shopzilla wallet money wallet claim 2866 rupees shopzilla wallet fraud pay emi
4,good experience
5,good
5,nice talking
5,thanks shopzilla
5,good support
5,thanks
5,congratulations great
5,thanks
5,good experience
5,good
1,understand customer querry refund request cancelled executive without giving proper reply never purchase shopzilla
5,return option please option submit problem missing items
1,item already present nearest hub not deliver tomorrow
1,
3,resolve problem coustomer fast
5,gud communication
5,good
5,order mobile imei no received mobile imei no configuration deferent solve problems
5,reduce time return policy
5,nyc customer care
5,nice
5,check product delivery
5,thank
5,took time customer executive pick call
5,good
5,good
5,customers ko customers care executives se easily baat karwaye
1,senior executive disconnected call asking wait
1,bad service every time products shipped automatically cancel never orders filipcurt
5,thanks
4,ordered items legitimate way also paid helpful get missed items
4,ni
5,good
5,nice person
5,good customer care service
5,shopzilla would greatly benefit individuals like customer support team demonstrated thorough understanding issue genuinely pleased
1,mostly failing delivery time
1,bad experience
5,resolve customer issue asap make flexible policies help resolve customer issue improve logistic delivery chain maximum problem customer face due bad delivery service
2,vngfjk
4,good
5,good morning good service
5,good explain
5,delivery person misguided told show dents exchanged phone shopzilla order no dents exchanged phone denied exchange phone forcefully decreased price phone
5,keep cce happy
3,quality poor
5,nice
1,bad
1,resolve customer issues well time customer not suffer long facing issue since 05 months shopzilla not issue refund product order cancelled shopzilla executive
5,thank much shopzilla support team shopzilla family members well come one k much dear thank much wings music composer singer company thank dilivery coriyar boy
5,nice
5,thanks
5,good services
5,good
1,solve problems
1,issue yet resolved fraud pl take action person concerned
5,good
5,sub yahi kahena hain shopzilla apne paylater costumers ko ye zaroor inform kare ke payment atoumatic debit nhi hongi apko payment honga apne card ya upi se yahi confusion cibil kharab 100 point mere dicrease paylater bhi acount bhi block main apne subhi emi payment always time pe pay kiye hain ager mujhe maloom hota payment atoumatic debit nhi honga main time se pahle hi pay mere feedback le ga apne loyal customer ki help kere ga record ap check kar sakte ho meri emi ka 100 payment time hain
5,good
5,well
5,good costumer communication skills
5,no
4,good job
5,problem not resolved taking good
5,shopzilla fhe best app ever come
5,thanks supportnice talk customerthanks support
5,supportive standard customer problem
5,good
5,good
5,thank
1,bad
1,cs team not read displayed front system freedom contact seller delivery executive figure solution
5,kindly solve problem soon possible
1,bakvash not respons
1,issue not resolved
1,cash delivery not available account
5,good
5,overall good
5,want chat talk customer care want reach right away email per convenience
5,sellers selling poor quality product making fool customers
1,bad experience installation delayed not support shopzilla tecnication friends purchase shopzilla order already dely also installation delay bad experience item shopzilla
1,bad customer support
5,good
5,good
1,finally got no help problem unsolved
4,good
1,unhappy service
5,nothing
5,good
4,thank
1,know speak customer
5,genuine person
5,suggesting customers resolution please provide solutions
4,im glad solving issue
5,good service customer care
5,good
1,return pick service varest
5,good
5,good
5,
4,nice
5,nicegood super excellent
1,wrost experience received shopzilla resolve issue people talking 20days still asking wait
5,good behaviour
5,good experiance
1,bhohat aachi medam hai
5,ni
5,make easy process reach customer support
5,no need improve shopzilla already best customer care executive miss
5,constomer care polite resolved issue thats
5,good
5,provide executives malayalam language
5,issue return request approval late
1,problem not solved
5,polite aishwarya mam
5,ok
5,please add customer service phone number
1,stop scamming customers fake products
5,pls add return applicable food products time product delivered may spoiled defective
5,spoken nicely asked help far possible
1,meri koi bhi problrem solve nahi hui
5,good information inquiry
5,happy
1,poor services not resolved problems yet around 10 days
1,poor
1,customer executive worst time keep giving like website not working data not showing
1,fake product
5,thanks
5,nice agent
1,poor
1,resolved issue please
4,shopzilla good service
2,cancal
2,not happy policy regarding product product quality also not good
1,paylater not working
5,thank much
5,good sarvice good stuff thanks shopzilla
3,not issu
5,outer packaging mandatory replacement stupid policy
5,dilvery parson bed man
4,male female problem bigger tha costumes please solve sir mis problem
5,good support customer executive officer
5,order cancelled seller wrong thing motorola mehroon colour mobile
5,good
5,bahut aachhe sir hai
4,nothing shopzilla person good communicate
4,tnx helping
4,nice
4,nice speaking skills
1,mera phone replace nahi
5,thanks co operation
5,took lot effort reach customer executive please make faster simple
1,return policy update karo
5,fast service shopzilla
5,thanks help nice talking sir
1,problem not solved
5,good
5,no
1,not good service
5,ok
4,good
4,better item missed order delivered back customer
5,post delivery service good need improve delivery person minimum knowledge regarding policies delivery products
1,not solve problem
5,thank ankit ji
1,bad service shopzilla shopzilla fraud fraud fraud
5,bengali language included call settings customer help line
5,well keep
5,thanks
3,overall ok
4,bhai product delivered chahiye
5,excellent customer service
5,good
1,slow service time west poor no time mining bad time
5,satisfied shopzilla
5,good
5,amazing support good behavior
3,resolve issue asap
5,nice sir ji
5,give instructions delivery partners give time customer response complaint check product
5,almost perfectthanks
5,good
3,something non returnable products seller sends anything like send
4,appoint speaking customer service also
5,awesome
5,executive supportive time conversation
5,good behaviour sweets voice simple languagei happy
5,thanku
1,worst customer help seen years
5,nice response
5,love voice
5,great conversation
5,support good need reduce rectification time would happy query solve earliest receive product son birthday
4,happy
1,thanks sir
5,good job
5,also careful quirey
5,thank shopzilla
5,thanks supporting
5,nice
5,thanks support
5,polite professional
5,good
5,thanks supporting please want urgent product
1,shopzilla useless
1,resolve issue time
1,want refund
5,good service issue not solved yet 7 days wait time wait
5,good
1,company number redmi not sent mail message
5,delivery partners cancelling pick ups deliveries transparent mechanism needed thank
5,thanks mam good behaviour
4,plz rectify issue fatser
5,nice
5,good
5,thank
5,good
5,best contact
5,please solve issue soon possible
5,executive answered questions patiently clearly
4,good
1,may know bank done payment bcs not done paytm somebody check revert back
5,good coustmer support filf
5,customer executive extremely patient resolved asked concern polite manner
5,nice
4,okay
5,please check deliverywe request secure packaging deliverywe always trust shopzilla
5,customer care person good manners problem not resolved please help
5,thank soch much love
5,times damaged products receiving
1,without issue getting resolved shows resolved app whenever call connected next level officer every time call gets cancelled no call got
5,keep
5,v good sir
5,politely handle things sincere supportive man thanksregards advocate akrashat vermahigh court lucknow
1,returning product difficult
5,good
5,ok
1,service shopzilla getting worse day day
5,good
5,well behaved
5,provide option rather otp option mobile
5,support west happy
3,problem not solved
4,good
5,no
5,customer care executive polite good seemed genuinely concerned customers 5 starts
1,shopzilla never helpful nowadays associates making fake promises always no worries unable resolve issue used help good feedback
1,horrible customer service
5,nice person good skills
5,great communication skill
5,good man
1,agent comunication skill bad not solved shopzilla aap show mea issue solved customer support not understand situation product delivered shopzilla soe mea product delivered upset customer service delever service much time teken shopzilla patience losing
1,hygiene related porduct delivered torn packaging even product damaged still saying product no return policy mean say whatever product receive whatever condition live no return policy first worst experience shopzilla worst ecommerce site
5,please try make delivery delivery date
1,poor policy
5,good
5,good
5,no
1,bad experience
5,veri good customer support issues solveig time delay need improvement thank
1,odered product quality wery poor using one day shoe shoe tared return shoe shoe stained delevey man not take shoe
5,thank
5,love u
1,bad sarvice
5,no please solve query earliest shopzilla sale days reorder refund
5,good way talking customer care
5,advised please block seller ppbeauty
5,coustomer executive goodthnxx
1,bad experience
5,thanks supporting resolution problem
1,bad
1,size issue
5,shopzilla good
5,want no lmao
5,please solve problem soon possible
5,customer care service boy communication skills excellent problem solve delivery time long request delivery 11th august
5,nothing thankyou
5,well supportive
5,5 star
5,update product availability stock real time
5,good
4,make sure sellers deliver correct product second time happened disheartening
5,excellent service
5,nothing
5,overall good
5,customer care executive helpful resolved problem thank much
1,please terminate jeeves company franchise shopzilla not resolve problem due time insured period product due custemer get mentally harased get tense
5,transtation issue observ
5,good
1,executive not interested help know talk customer educate first worst experience ever call disconnected awesome people wonderful job keep one day guys reason company closure best luck not take much time one thing hire executives help achieve goal
5,nice
5,best service
1,not happy
5,best
1,bad service
5,nice
5,veri good
5,customer executive response politely go shopzilla
1,still waiting delivery
5,
1,consultant good shopzilla company er
5,yes issues resolved
5,good
5,everything ok
5,overall good service
5,ok got issue resolved waiting refung thanku shopzilla
5,good
5,product packaging ke time per thoda dhyan rakhiye ki customer ne kya order kiya hai usse hi bhejen kuch bhi nahi
5,thanks
1,humble request trand field executive polite customer
5,great help
5,good
1,no information provided not open box delivery though shown time booking informed not open box booking without providing communication writing informed trust accept delivery kindly provide not open box delivery
4,much time consuming resolve problembut call executive good
5,question solve
5,best
5,excellent
1,received shoes till shopzilla still misguiding
1,gajab sir
1,bad experience
3,good
5,please improve sound quality time calling
5,solved issue
5,shopzilla seller take much time refund please solve future
4,ok
5,happy customer executive helps return refunds
5,overall good experience
5,good behaviour
5,
5,representative spoke kind informative resolved query soon please hire customer support executive like thank
1,system update slowly
1,no help person
5,good work love shopzilla
1,bed service
5,good
5,customer care executive good
5,mam good service
1,not able solve issues close company go
5,thank
5,thanku
4,thanks return goods also return amount
5,customer support executive also good
5,good customer service
5,good
5,good communication
5,good
5,good
5,good person customer care executive politely behaviour
4,good service
1,agent not solve problem cut call
5,card discount clear payment not message
5,happy
1,problem not resolve payment done message coming paymentthis fraud
5,problems se jaldi theek kariye
5,good
5,customer support excellent
5,good
5,good politely addressed complaint
5,good
5,solve problem
5,customer service helpful thanks
5,thanks much
5,fix technical errors
5,good person
5,good person
5,thanks
5,thanks information
1,9 10 plz please change know shoes size 9 number mistake given 10 number please requesting change shoes plz change no please
5,app good variety trendy design er clothes
4,improve clothes quality
5,thank
5,good
5,good
5,polite
1,worst website ever u2019t order anything today played money u2019t give right cancel product
1,dupe customers
1,worn product
5,great team
1,poor
1,poor customer service issues handling
5,time important shopzilla trustable purchasing app please make policys flexible
5,customer support executive nice
5,decent
5,good
5,experience
5,nice services
5,quite responsive able understand problem looking exchange not return
5,good
5,thanks
4,good not happy could not get product wanted buy delivery partner giving wrong inputs
5,issue still not resolved hope soon though customer support good wait time high
5,thanks
5,wonder full customer service
5,good
4,good customer service
1,not replacement product
5,executive helpful understood concern properly
5,excellent service
4,make customer care executive experienced attend call resolve issue fast
5,know
5,shopzilla pay later emi helpful costumer problem no perfect solution platform
1,u2019m not happy
5,nicely explained miss working
4,
5,thanku
5,good
3,want product ear buds not range pant pockets
5,tge customer executive supportive
5,thanks
5,good answer
5,thank
2,yes
5,
3,executive not able tell reason return request cancelled simply created another return not happy resolution
5,good
1,poor service
2,problem solved
5,give offers grocery
4,thanks
5,
4,talking way good issue not solve
5,nyc
5,happy
5,improve delivery contact way
5,natural communication happy talking skill
5,nice
5,nice shopzilla care survis
1,s21fe5g truly disappointing device shopzilla policy return devices support customers like regards policy equally disappointing
1,product not delivered
5,resolve problem immediately
1,got cheated shopzilla
3,kindly return product refund
5,good
4,resolve problem fast
5,everything good marks keep
5,customer support good talk good
5,customer executive person nice happy talk solve problem
5,check products dispatching
1,missing
5,good effective quick response keep team shopzilla
5,k
5,best taking behaviour
1,unhappy issue not resolve shopzilla custmer support executive also return department shopzilla
5,poor
5,helpful
5,happt communicate customer care good conversation
5,great support team
1,chep service policy
4,customer care number available help section chat app takes time arrange call bacl
5,good support customer care
5,good customer support solved problem easily
5,talked politely helped solving issues
5,nice
5,thank resolved problem
5,feel better talk customer care
5,seller disappointed due one 1000 rs want earn bull shit like fellows loss customers like tell lg seller not behave like anyone
5,good
1,sab coustomer care bale hain
4,like service order
1,executive good nothing information nor authority nor knowledge wasting time money hiring fools provide information already available app
2,customer care needs contact delivery executive call n share live updates
1,gst no not mentioned invoice
5,good experience
5,thanks
5,yogesh ji thanku
5,please not deliver wrong product anyone
5,customer service good
4,xyz
5,
5,good
5,arrange chat support well
5,great
1,improve ur delivery partners standards
1,jab customer ki baat aap logo hota hai feedback layna ka kya fayada
5,good
5,hi shopzilla customer support senior team kindly appricate telecaller sorry forgot name brother providing satisfaction customer hard work keep
5,good
1,call disconnected transfering senior also get call back need understand customer needs customer contacting issue faced customer contact poor customer support felt today
1,trying explain not getting otp
5,understanding understood issue well helped lot
5,good
4,not getting proper support
1,good response
5,good support
4,good
5,nice
5,nothing
5,nice
5,understands issue thankyou
5,good
1,query still pending
5,good behaviour costumer support excutive
1,product not truted per image show shopzilla
5,something good
1,executive good nothing information knowledge authority read information already provided app wasting time hard earned money hiring fools connect us person actually help us resolve issue
5,please arrange bengali language
5,raise first first complain agent shall cancel delivery boy innocent action boy rquest u
5,customer executive not use sir name deduction amount view fee charges told executive need details deduction telling customer reasons add charges
5,nice
5,
1,
4,dear mam understood problem solved assured problem solved
1,good
5,service totally good
5,good
5,hire type educated agent
1,
1,wrong battery delivered
5,good service
1,bad delivery system
5,please work delivery agent no issue customer support working great delivery agent needs responsible active phone calls unable reach call
1,understand issue solve
4,return replacement option available easy initiate
5,nice
4,received pick calls quickly
5,kindly make logistic help team accountable
5,nothing improve good
1,not understand customer problem delay sevice
5,10
5,himani senior desk able help resolution rest agent even know egift card work good job himani imporve product knowledge rest agents
5,thanks sir
5,good
5,good
5,delivery time
1,meri problem jald solve kre shopzilla mai rokne ki shopzilla aise hi dusro ke paiso se shopzilla apna
5,customer service executive word professional work understanding understood issue facing helped
1,worst customer service
5,customer executive communicated informative talented resolved case 5 mins none executive could resolve 7 days rate 5
5,valveable feed back
5,thank
5,good smart guy helped query addressed every query
5,banda bahut achcha tha
5,good
1,no word speech less
1,refund chahiye
1,waste service customer delivery agent not responding properly no response delivery agent
4,customer service improve
5,good
5,humble
5,good service
5,plz resolve issue soon possible
5,jis medam ne baat kari unhone bhut ajche tarh se baat kari
5,executive solved issue
1,ordered one delivered one
1,really unhappy customer service issue still not resolved
1,customers care personal not helpful
5,good
5,excellent
5,customer service sapoot good
5,good talking full sport
5,nice customer help sarvice
5,good
4,good
5,good job
1,please provide orginal products
5,polite
5,awesome
5,good
5,products no return policy product not shown
4,good night
5,agent knowledgeable attentive resolved query quickly 5 star rating good appreciation best future working hard
5,polite nd solve issue thankful
1,fake fraud commitment
5,support person super
5,good
5,awesome
1,helpful
5,excellent
5,improve work
5,aap ne customer se ki abhi mera return ka solution hova 1 months se pda h koi picup ke liye aaya plz request help
1,pathetic experience no issue resolved
1,show ownership must tools record every communication even call disconnected
5,good
1,bad service
5,executive calm professional helped resolve issue
1,pathetic service
5,thank
1,problem resolve
5,good excutive comunication
5,mr nice talking sence
1,order delay
1,mera isue not resolved
5,not fully satisfied shopzilla team mouth words want proper result practically 1 month helping words no physical attemp make till date
5,thanks support executive picked today thanks lot
5,reduce time taken connect shopzilla
5,completely seller mistake thank shopzilla support one main request please support language also
1,pathetic service
5,grocery item pack cartoons
5,delivered non returnable goods plz check customer order properly size colour etc
1,shut business
1,poor service u
1,bed experience
5,good
5,good
5,want refund please help shopzilla
1,issue not solved call ended without hear reason
5,no suggestion
5,
5,na
5,behaviour coustomer care thanks
4,feels like cosmetics facewash shampoo cream comes open box catagory delivery products non refundable item else happy customer support executive help resolve issue quickly thanks shopzilla
5,no update everything perfect
5,good
5,excellent communication skills polite definitely senior executive 5
5,good service
1,stop giving 24 48 hours give back refund
5,thank
5,nice
1,bakwaas
5,thank
3,thanking
1,poor shopzilla executive even explain everyrhing reschedule delivery datw unneccesary delay parcel
5,returning product recently received unfortunately not match exact specifications product ordered
5,thank
1,not solved issue
4,delivery partner response not proper
5,good
5,please refund money please
5,good
5,thanks
1,shopzilla customer care no likes bad
5,good
5,good
4,try solve problem quickly
5,
5,rom rom ji sare bhaiyanu shopzilla love bro keep jaani
5,quick response need ed
5,thank sir bahut aap se bat karke kabhi nahi rating diye hai kisiko par aap 5 rating de rahe hai
1,meri koi bhi help nahin hui hai
5,good
1,product not received home
5,customer service vale ke hen ki sab dipika jesha excutive ke dipika ke bat kare ne ka tarika dikhaye sab sab ne solution diya ape rahul bhaki duser phone cut dete hen dairect sab ke pas trening sir
5,na
1,good
5,unable update old contact no hence need call evert time want return product hence pls work
5,
5,thank helping
5,good
4,despite chasing 3rd day not getting product placed order
5,facing issue regarding product executive name solved problem helped exchange order call require executive like nice talking
1,u work harder delivering products time frustrates customer like
5,order confirm placed never cancelled product automatically seller matter important please ensure
1,worst experience
5,customers staff excellent experience
5,good
1,cheater shopzilla
5,coustomer support friendly understanding problem
4,exchange ka option hona chahiye
5,good customer support
5,thanks helping
1,12 days fone still order not replacement refund
5,good tucking
5,happy
5,polite calm
5,good work awesome product quality bad not shopzilla mistake seller product unexpectedly bad
1,happy discuss
5,thank solving issue
5,service good
5,happy customers care boy behaviour
5,helpful
4,ok
5,polite behaviour
5,v good customer support
5,good
3,disappointed customer
5,good
4,support executive good skills delivery services not working well sad duplicate item received
2,saying things
5,good
5,good
5,good
4,nothing
1,proper information
1,bed experience
4,looking forward get resolution soon
5,communication well
5,slove problem
5,thanks
5,good
5,nice man
5,nope
5,pls display correct customer support toll free number google easy connect shopzilla
2,issue parcel return called customer care told problem parcel taken delivery boy order cancelled customer care told contacted delivery boy told parcel not taken conference call delivery boy asked taken parcel not not knowing customer care conference told taken parcel not get customer care could not anything
5,good
5,good one
5,4 6 min waiting period like 1 2 hour please look
1,requested revised invoice not provided
5,agent work gud
5,add exchange option even price larger size
5,grill
3,resolve issue faster
5,good
5,whatever love shopzilla
5,provide direct calling no shopzilla users
5,good
5,good
5,create return wrong delivered product
1,sad service
1,customer support executive no role saying taken request get back 4 days keep recorder tell
1,please refund money cancelled product
5,good
1,atleast provide details courier company number provided not work asked shopzilla agent contact details saying information company not information courier partner
5,thank mam
3,plz fast solved problem
1,not able resolve problem waiting half hour
5,please ensure wrong damaged items not sent customers loss shopzilla also
5,good con
5,issue may bank consultant told no double payment received order
5,strict measures taken supplier ensure right product delivery avoid wastage time overall shopzilla reputation
5,plz solve
1,bad information
5,setisfied
5,good help
3,reduce time taking much time call
1,lady rude wanted get rid call somehow poor communication skills let finish explaining issue never purchasing shopzilla
5,good
5,thank
5,excellent customer support provider
5,thanku team shopzilla
5,good respects
5,
5,nice problem not solve
5,good
5,excutive friendly
1,pathetic
5,please get correct product less time
5,good
5,good
5,kadir highly knowledgeable polite tried hard solve problems thank shopzilla great executives serve us within time limits
5,ok
5,hope issue resolved quickly
4,nice
1,tough reach customer care much waiting asks time hold take much time finally ask wait issue not solved postpone
3,give date customer problem solved please keep call date
5,customer care mam sweet resolve problem quickly loved way talk customer
2,hell call someone mid night related delivery address change per not possible
5,nice talk helping person
5,dear ur efforts solving problem solutions reguard words problem hence prove u best
5,best service
5,good
5,good
5,customer care executive really really good issue return resolved
1,no response support
3,please check product accessories packing product
1,bad sarvice demo fitting
5,good
1,bed experience
5,good
5,thanks
5,thanks help
5,customer support executive spoke well liked conversation good thanks helping waited since 2 days
5,good
5,nice
5,exactly delivery product mentioned time confirm customer delivery partner proceed step time
5,good
4,customer support number application
5,good
5,good
5,executive polite gave proper time information regarding order
5,excellent
5,no feedback everything customer centric
5,good service
1,got missing product iteam instead giving missing item simply returned
5,good support
1,worst
5,better
4,ear buds not charging email
5,really polite got good manners
5,thnks shopzilla customer care executive
5,thnx
5,good
5,thanks help amazing cheers day
5,thanks solving problem
5,ok
5,good
5,good sarvice
5,good job
3,ok ok
1,not ready understand customer problem saying sorry sorry not anything else totally wastage time
1,third class service shopzilla customer care
1,given dispute product customer
5,good work keep
1,need improve delevery partner channnal worst service
5,thanks
1,utter waste buy goods shopzilla
5,c l
1,worst service
5,customer care executive polite helpful also addressed issue effectively
5,nice
5,45209
5,good
5,happy help customers representative polite good knowledgeable things problem solving attitude overall good person good job
5,good
5,good
2,agent faultless shopzilla service gone lot not use app ever
4,big thanks shopzilla
5,good
2,issue 1 pkt missing consultant raise return request understand happened
1,not good service
5,good help happy jinse baat sbhi log khus rhy
5,choose better delivery partner
1,bad costumer support
5,customer service executive professional helpful thank
3,problem not solved
1,bed product
5,super
5,no word
5,comfortable
5,good
1,shopzilla customer care fool donky
1,
5,good
1,worst team
1,pathetic customer service shopzilla even handle small issue poor shopzilla last deal guys
2,already hurry want phone necessarily saturday saw delivery date order u changed delivery date quite mot good not satisfied experience shopzilla
5,good polite really good speaking like friendly
4,good
5,good
5,
5,good
4,delivery boy must not rude customer also paid shopzilla order decide whether cancel not delivery agent must reach mentioned address
5,right
5,ok
5,good
5,good
1,poor ownership shown anshul himani like sir provided time till today wait duck said unprofessional behaviour ansul manners greet people
5,customer care reaching tuff please make easy difficult
1,multiple issues product ordered 02 08 2023 delivered 07 08 2023 follows 1 product not shown photos shopzilla app page2 product shorter dimensions mentioned app page 3 quality product poor thread count low bedsheet thin like net called customer service shopzilla 09 08 2023 mentioned problems requested return refund executive not able solve issue faced following problems call executive 1 not able communicate effectively either hindi english nor understand issue 2 instead raising return refund request raised replacement request default without consent asked said cancel replacement call customer care placing return request 3 one hour precious time wasted single call not receive assistance unnecessarily harassed issue not resolved 4 left totally unacceptable product not raise return request unprofessional unethical behaviour part reputed website like shopzilla not acceptable disappointed exhausted trying get return refund clearly promised product page shopzilla particular item within return period sorry state not consider shopzilla buying future resort buying reliable websites like superbuy reliance thank bad experience shopzilla regards extremely disappointed long time shopzilla plus customer
5,no suggestions
5,please solve problem sir trsuted shopzilla
1,please solve issue soon possible
5,shopzilla service bad
5,good
5,ok
3,good
5,thanks madam
2,issue no solved
5,thanks
5,thanks customer care
5,thanks support want 7 number product
5,direct call customers support old gold
1,tq
5,good
5,warranty issue pe dhyan dena
5,woman nice woman cute saound thanks felip
4,thanks
5,simple
1,regarding nasher miles suitcase raised request return due quality product till 10th august return request not completed disappoint kind serivce expect shopzilla old customer shopzilla dont expect kind things shopzilla customer
5,good communication
5,nice comfortable
5,batane ke liye thanks
5,delivery agent lazy useless customer care agent politely good
5,na
5,best
5,good communication
5,good service
1,
4,good
5,wo bohut a66aa thaa wisne era report enquiry kiy bola problem resolved usse mujha relief
5,good
5,good communication skills
5,good
1,im one regular plus coustemer shopzilla good service given worst also coustemer services
5,good service
5,thanks much
5,good
1,gave wrong infi delivery date unnecessarily sat office get order get order
5,payment windows fails times
5,happy
5,happy customer support good service
5,nice
4,im happy shopzilla veri nice support problem solve
5,henceforth please try provide company no invoice customer warranty
5,service bengali language provided
4,nice talk customer care
4,product tampering prevented company delivery boy customer not disturbed
4,plzz apply cod cash delivery
5,thanks help
1,many problems many bugs
5,doubts clear thanku
5,awesome
4,time taking problem
5,
1,system bad no need customer care waste money
5,support good happybiggest thanks shopzilla
1,proper solution please
5,thnk u much
5,delivery ki service acchi nahin hai sar
5,good
5,different product
5,good
5,thanks solving query
5,take action wish masterts trying bribe customers
1,please tell people receive garbage
1,not problems solving
1,
1,call back customer call get disconected
5,happy shopzilla delivered order time time good shopzilla also exact address thank
5,good conversation
5,bohut politely bate kiya haii woo mere problem happy
5,delivery late improve
5,good work shopzilla u need person great wellhe working quality not quantity ok u need employees forgot name great
5,good talk
3,good
5,nice sir
5,good
5,disable order noise fit smart watch
5,good
5,good behaviour
1,thanks
5,nice
5,cool
4,backside part different refrigerator like product please add real product picture
5,u ask feedback customer provide local language impose english us
1,one month passed customer support executive taken long time today finally saying clear paylater dues amount already paid details also shared bad experience unable place new order also got cancelled
5,take less time
5,product not satisfied return policy replacement makes customer unhappy companies good return policy please take care
1,worst delivery agent stole product worst customer care support
5,good
4,good
5,customer service
5,no
1,un useless coustmer support shopzilla
5,
3,hereby request send remaining 128 52 76 diaper pants early possible improve policy non returnable products old genuine customer not suffer stop buying online platforms please needful
5,customer care amazing solve problem give best best advice solve problem happy customer care
1,customercare service poor not solved problem request 3times problem still pending
1,set name address order got delivery given address bill name address changed neither fault nor delivery boy shopzilla fault want name address bill within 24 hours otherwise file complaint service court evidence know fault amend within 24 hours details placed order krishna block 7 jintan road surendranagar 363001
5,broken product returnable even non returnable category
5,agent helpful polite friendly shopzilla hire people like keep girl
5,happy talk customer care please resolve issue soon possible take product back
3,kindly fix shipped timing product always take much time
5,call exicutive girl humble provide proper guidance
1,ear drop charging problem
5,good
5,good
1,hp deskjet 2332
5,plz keep strict rules sellers cheating customers sending used defective products sellers exploit shopzillas policies sell junk hamper reputation
5,congratulate good customer support execs really kind professional polite understanding
5,secured packing charges take customer
5,nothing else unblock pay later account
5,gud service shopzilla custmer suppport gud explain humble nature
5,good
1,want refund product
3,whatever product photos put please send customer way otherwise return policy people person please
5,ownership transfer smartphone
4,issue updated incorrectly
5,nice customer service happy problem resolved within short time
5,good
5,help
5,customersupport behaviour good
1,installation demo included product u2019t provided please never product shopzilla
3,solve problems soon possible
4,late delivery
4,nice
5,good
5,good
5,good job
1,not fake promise customer delivery provide mail id grieveness redressal contact customer complaint yes competitors superbuy superbuy no 1 customer service satisfaction shopzilla kid compare superbuy imreove one thing customer satisfaction
5,good
4,not solve problems still
4,solve problem soon possible
5,good
4,no coordination delivery partner shopzilla
1,no clarity need disconnect call without resolution
5,good
5,good
5,coustomer support best ever polite humble ready resolve full effort 10 star
5,pls try mention service centre warranty item code shopzilla app website
5,tw
1,feedback rquest mail recived 5 minte imporant mail regaring problem mail not recved takling 1hr give reating shopzilla good surve cutomer score 0
1,executive disconnected call
1,late refund
5,good
5,good customer support
2,audio quality poor
5,shopzilla support really good
5,thank
1,want replace device
5,get required response customer care information
5,good
4,issue not resolved
5,kindly respond quickly
5,osm
5,thanks
5,thank much really appreciate hard work
4,company refund policy
5,aache courier boy
4,
1,delay delay responsible person delay product deliveryonly waste timeshopzilla reputed company inresponblecustomer time product not valuable delivery executive members
1,issue not solved customer care executive since long time effort
5,good
5,thanks
1,not solved issue
4,shopzilla started cheating costumers issue not solved 13 aug go consumer court
5,good experience variy good sir
1,issue not resolved 8 days
5,overall good
4,please not tell customers wait another call issue must resolved one call
5,polite helpful
5,shopzilla customer service good
5,fields excutive staff make responsibility work
4,thankyou
5,thanks
5,mr shopzilla understood problem well nice person talking people instil trust shopzilla asset
5,good
5,good
5,good
5,delivery boy rookies day know much
5,customer care system good resolve time issue
5,good
5,na
5,nice
5,good response
1,whole matter escalated issue not resolved yetthe executive conversation told senior person contact regarding issue not got call shopzilla team till extremely disappointed executives self marks issue resolved without anything fed service
4,many time ordered gon cancelled due tu price bulk bad take action like distributor
1,return issue
1,pickup ke liye 15 day tak complaint kiye hai 48h ka time diya jata tha abhi tak product kiya gya sabse ghaiya costumer hai shopzilla ka jld se jld pickup karwaiye product
5,thank
1,call disconted issue not solved
5,nice
5,good
4,good
5,good
5,thanks valuable information
5,
1,query related refund voucher not resolved u guys not give concrete resolution saying wait time ur query solved till 12am 9th aug writing survey bcoz refund voucher not credited yet disappointed
5,good
5,good working
1,baar return request place kiya par mera product return nahi kiya gya aur mujhe aaj kharab item rakhna pada mera paisa barbad ab mai kavi shopzilla se shopping aur v disappointed service much better superbuy
1,hi
1,problem not solved
1,want return order
4,experienced bad order shopzilla 3rd time
5,nice talk executive
5,good respect people
1,bad experience customer executive service
1,poor service sold bad return policy
1,worst person ever talk u2019s nightmare ye issues resolved team given low ratings earned
1,consultant transferred call senior staff query resolution senior member refused hear voice tough clearly audible denied not audible want speedy resolution issue
5,no
5,good
5,thanks
5,
5,service items wat purchased app not available cities make easy e warranty related service related
5,good delivery resolution matter
5,thank
1,zero sales service pathetic
5,good
5,nyc
4,please try resolve problem 15 august trust customer support gift sister wants surprise humble request
5,good castamer care sarvis imeediyattili reesolv provelam
5,good
1,shopzilla staff poorly communicate not could satisfy customer
1,np solve problem customer service close kr koi fiadha nhi hai
5,gud talk cover delivered soon
5,thanks co operation solve problem
4,kindly solve problem soon possible
5,please improve delivery
5,good
5,much happy person assist help regarding problem
5,good n polite
5,resolve issue short time
5,ok
1,bad idea no return policy
5,good
5,thanks help
1,worst service ever
5,happy
5,plz hand hand original product delivjered
3,ok
4,satisfactory coustomer service
5,nothing
5,happy
1,not solved product issueits poor service
5,customer executives great resolving issue higher authorities needs done effectively
4,better
5,customer care good
5,good care full happy
1,sellers not genuine
5,call customer executives reflected account
5,
5,thank
5,nothing excellent service
5,please management time
5,heyactually forget name according name not matter build strong profile today empress shopzilla support please keep grow self today many many thanks support
5,good
5,excellent job
5,scammer easily knew order history serious matter make app secure
5,nice
3,good
5,please solve issue
5,kind gentle thnks
5,good
5,nice
5,good
5,voice sweet
2,issue yet not solved requesting solve problem soon possible thank shopzillaplus member
5,nice
5,nice good talk really appreciated staff like solved query thank much shopzilla think worry item pickup thank
5,good
5,good
5,exchange service pathetic agents purposely find nookes faults old phone reduce value
5,no thanks
5,best
1,awful response shopzilla
4,good
1,order not delivered delivery person marked delivered shopzilla recruiting frauds shopzilla worst third class
1,bad survice
5,thanks
5,please make sure right product could deliverd
5,good
5,call ilos
5,return refund given straightaway instead compulsory first time replacement wrong product delivered whole process stressful regular customer pays online beforehand advance placing order
3,please solved problem
2,got wrong product brand wallet ordered not received replacement requested replacement yet done kindly needful
1,sekhar naik
5,good
5,please provide best quality products yct book volume 2
5,nice service
5,full satisfied service
5,good 5
5,lovely executive understood issue gave solution
5,good
1,good
5,please unblock shopzilla pay later account
5,gud
1,making fool resolve issue extend dates resolve issue
5,good say executive good love way helped
5,nicely listen gave solution
4,no
5,ok
5,good understanding problems
5,good job
5,thanks
5,nice
5,good
5,want return item
5,excellent
1,bad
1,pathetic executive
5,thanks customers care supporting
5,good
5,experience nice
5,tnx
5,yyuj
1,delivery agent harsh not cooperative shopzilla facility vast not able connect delivery enquiry last two days getting undeliverable message please resolve issue earliest possible take action
5,excellent customer service resolve issues
5,customer service number availible app menu
4,good
5,customer service good humble
3,contact support thrice issue raised improve follow customer reached support
5,really appreciate staff support cooperation politely solve problem
5,
1,try understand customer problem saying system option cancel refund not problem mine worst experience never use shopzilla
5,good
5,think better provide information whatsapp future
5,thanku solve problem
5,thank service
1,product not delivered mi delivery dated
5,order related information app
1,mc sala problem solved nahi kar paye
5,
5,nice
5,nice
5,good
5,best
2,return
5,nothing say
5,no need worry everything perfect
5,generally doesnt happen wit shopzilla product no proper update dont know current status ordee
5,good
4,try give product time
5,thank help
5,good
1,per given date not delivered product
5,thank lot
5,seriously buisness runs quality people
5,problem resolved happy
1,worst e commerce services ever faced
5,help full
5,lovely talking thank much
5,softly respectly solve problem
5,nice ok thanks
3,good
5,kindly allow update per actual delivery return happened
4,nice tock sir
1,pathetic never ever buy anything shopzilla
5,beautiful service
1,product not delivered mi delivery dated
1,
1,give correct solutions problem
5,nice talk
4,ok
5,good
5,customer dealing well happy thank team bless
5,thank shopzilla order query problem solve big brother little brother set
5,consultant manner polite aggressive thanks
5,ok
5,no return policy
5,nice service
5,amazing
5,good
1,kharab hai tum log company
1,good
5,bahut mast
5,tx sir ji
4,good
2,not good
5,good services
5,good
5,resellers lazy work send wrong product many times
1,want shopzilla pay later account reactivate
5,overall good no adverse observation
5,nice talk
5,customer help auchi ki
5,good services
5,wrong information provided shopzilla support
5,good
5,good
5,awesome
5,good
4,waiting refund
5,good
5,good customer support
5,try customer problems resolve soon soon
5,customer care number available help section chat app takes time allow call back
5,thanks
2,quickly solve problem refund money
1,call disconnected costomer care
5,no refund means u losses customer make flexible
4,normal
3,good customer service
5,thanks
5,8 hours log hard
5,good
5,good
1,call back
1,package found empty recommend fast
5,nice person slove problem easily
5,plz reach customer cancelling order
4,good
5,v good
5,man good happy
1,agent disconnected call putting hold 2 minutes pathetic experience receive call back
5,outstanding
5,
5,good
5,cooperative customer asistant
1,delivery
1,totally fake service fake promises fake delivery agent
5,best job
5,support customer executive good
1,policy go hell
1,problem faced customer resolved fast customer waiting give feedback product process not case
5,good servicea goodpriduct
5,coustomer service good
5,make sure customer not worried
5,good vihaviar
4,ni
4,
5,excellent knowledge customer support good trained
5,happy customer support tnx
5,supporting executive much polite knowledgeable helpful thanks
5,tke aot effort reach customer executives
5,good
5,good
5,customer executive helpful thanks
5,need clear everything time payment bcoz client facing issue
5,nice
4,good
5,please allow return want replacement otherwise well
1,every time cancel order bear emi conversion charges bank hopeless service deliver laptops items get delivered next day looks like kind fraud shopzilla shopzilla
5,good
4,k
5,good helping
5,good
5,thank
1,
5,good person
5,helpful
5,mera wacht refund hona chahiye damag product
5,good
1,good support shopzilla
5,nice way talking problem solving
4,thanks
5,please correct date time delivery
1,u gave duplicate charger 50k phone risk
5,thankyou dear sir
5,thank
5,add refund policy
3,without escalation issue mark resolved
5,help use full talk costumer cere thankyou shopzilla members
5,5star
5,good
5,sunder
4,please provide service centre phone number customers product selling warranty
5,good
5,possible send whatsapp app offer u2019s best
5,nice
5,pls stick policies
3,please add return option application open box delivery
4,good
1,shopzilla cuatomer service worst compare superbuy going unstall app ever rate 0 worst comment
5,excellent service
4,please focus ontime delivery really matters especially joined weekends
5,best experience
5,good
5,good
4,nice
1,nothing
5,done
4,good
5,nice
5,good dealings
5,no comments
1,customer support executive not listening query complete sentence started like one listen start speaking makes sense
5,tell information thehe support
2,not solve
5,try decrease waiting period
1,even 4 5 calls customers care executive issue not yet resolved non refundable items quality checks delivery no one taking responsibility items neither shopzilla not supplier
5,5
5,good
5,no
5,good interaction
5,arise item return next step easier
5,good service
4,focus customer service quality thank shopzilla
2,opte
5,order delayed please make perfect
5,good
5,solve issue less time thanks shopzilla customer respect shopzilla always solve issue customer care executive excellent experience
5,good
5,good
5,
5,good explain
5,thanks much
5,nice customer care service
5,good response
5,mention refund policy available products not visible clearly every user get know
5,good
1,wali
5,poor service seller need improve service seller
1,verry bad sarvice
5,much good behaviour
1,shopzilla solved problems shopzilla stop good talking
5,al least able provide resolution taking time email team not helpful goes loose customer remember
5,please refund fast
1,bad experience
4,product not best delivery good costmor care good help product refund
5,please try soon dilivery
1,advisor said team contact given time nobody contact give another date contact
5,write full details products
5,
1,try resolve not complicate human not robotic
5,really helpful actually solved problem
1,pls refund amount
1,poor delivery shopzilla
1,customer ordered products deliver product delivery date incase not able accept orders making customer fools
5,good
5,ok
5,time solution
5,osm
1,no issues resolved
1,poor service
5,thank solve problem not good delivery service door door please provide services delivery feed address
5,good behaviour really helpful
5,good
5,really amazing
5,thanks
4,thank
5,good
5,overall customer executive good solve issue
5,
5,good
3,plz deliver product customers order safe packaging
2,ohh
5,shopzilla best
5,best customer executive ever talked
5,saying fast action complaints better customer support
5,excellent
5,good
5,exicutive good person happy talk
1,executive hurry want talk
5,felt happy talking also lot reward
5,good
5,good
5,good customer care service
5,good help reslove issue immediately
1,worst experience get refund shopzilla order still pending resolved
1,grocery item return kiya kijiye damaged wala
5,thank shopzilla
5,happy support
5,thank
5,good way talking
5,polite call good customer service team
5,good behavior
4,make call room less noisy sometimes difficult hear voice background chaos
5,polite professional
1,ensure otp based delivery even 10 rs parcel facing issues prepaid parcel receive current status delivered 10 aug 2023 till issues not resolved
5,well query solved quickly thank shopzilla
4,best
5,good
1,unable contact delivery support team customer care agent
1,worst support
5,nice
1,not satisfactory supportive
4,thank
5,good behivoure
5,good
5,good
4,understand terms conditions shopzilla pay later usage fee
5,good exceutive support
1,please call back
5,nice
1,problem not resolved
1,not supporting
1,worst service shopzilla terms product delivery no update logistics team even beyond delivery date product shopzilla support team also unresponsive
5,one best executive
1,coustomer care not able resolve problem
5,satisfied
5,nice
5,give false expected delivery date deliver product
5,thank
5,pls always upload correct format invoice pdf downloadable
3,good
5,please deliver correct product
5,thank
3,thank
5,good call executive
5,nice
5,
5,plz resolve problem asap pickup product asap
5,ok
5,good
5,agent helpful hope policy get improved agent take right resolve issue quickly
5,nice
5,good support
5,tq shopzilla
5,happy
5,excellent suggestion
1,iam not happy
5,best talking support team
1,4th august 3 products colour duva delivered cheaper range product company not resemble product description image shared app not even delivered packet eyeliner raised issue many times shopzilla no redressal given 3 4 times call shopzilla received nobody spoke call got disconnected without even talking case marked resolved stuck products not use not return nor order another one please look matter immediately complain not one product three product delivered colour diva 4th august sure case cheating customer mark product non returnable send garbage shopzilla not wash hands saying non returnable product since taken responsibility company sells thing happened superbuy would asked not send product back immediate refund would issued need address issue immediately offer satisfying redressal
4,solve problem time
4,nice response received
5,no comments
5,delivery partner not good want delivery today till note received
5,good
1,say
4,team
5,good
5,customer service quite impressive product service not good
1,put customer care number first se no proper service ur side vesy bad experience never buy think form side
5,everything thing great
1,dumb peoples understand customer problem repeating thing no solution present
5,good
5,happy
5,polite positive attitude
4,thanks
5,please take care customers beware dealers
1,order quick heal anti virus still undelivered pleas fulfill order
5,good
5,
4,thanks shopzilla customer care
5,thankyou
5,good meeting
5,plz help
5,good job
3,customer care services noot talk
5,well
1,one month old problem regular talk shopzilla executive problem not solve
4,time delivery agent not receiving call
5,nice
5,ok
5,good
5,problem solved 2 minutes
5,provide proper time mobile number delivery executives
5,nyc talking
1,responce not satisfied
4,good
4,current order delayed delivery 2 days core issue shopzilla logistics team postponing delivery order god knows reason need assurance shopzilla product going delivered today
5,product delivery time shuld fast otherwise shopzilla service good
5,good
5,good
5,good service
4,refund otp sensitive issue could not confirm executive please send refund money bank details told executive thanks
5,customer care interaction good
5,good
1,issue not resolved due inarrogance delivery person
5,improve quality productsright product deliver
5,nice
5,good resolve problem
3,shopzilla take responsibility product bought shopzilla site return item anyhow not expected giving replacement policy despite return policy mentioned buying product shopzilla take responsibility ensure resolution customer issues therefore no damage occurs customer
1,providing worst servicecan able deliver products time
5,good response
5,block irregular seller irritated customer
5,option missing items customer make complaint missing items penalty charged delivery person not deliver items not update refund reaching customer care support ease
5,pleased resolve issue
5,nil
5,nice talking u
5,way talking good polite
5,need transparency delivery partner team shopzilla
5,shopzilla sealers quality maintain karne k liye bolna hoga kab tak sealers shopzilla ke customers k paise lut te rahenge
1,not given complete details execute solve issue helpful useless policies procedures try
5,good service
4,happy
5,please provide gift card worth rs 500 promised delayed delivery
2,shopzilla pe latar not use
5,good communication skills
5,good responce conversation
5,no
5,customer care services thanks shopzilla halpcent
5,good staf assistance
1,not good service
4,good
4,refund shd credited wallet not possible credit bank account
5,last conversation good 2nd last poor
5,thanks understanding problem related book process refund calm responsive also request stop seller sell duplicate book fk
1,bad experience
5,thank
5,not resolved
5,problem not resolved yet tell bleedy managers not sit office chat make changes public relations
1,nice
1,no ownership
5,product not good receptionest good
5,good
1,tricky worse procedure coustomer support worse experience superbuye much much better coustomer support
4,good
5,excellent
4,u00c0point best delivery agent not delivered properly
1,unhelpful customer support
5,good responce
5,good work
5,good
5,talk good person
5,polite helpful problem solving person lite talking thank customer service
5,thanks maam
4,thanks
5,good
5,no good resolve order problem
5,thank
1,worst service shopzilla not get good customer satisfaction
5,thanks support
5,sometimes customer needed language option not available visible
1,simplekeep mailbox customers send emails also keep escalation matrix wellit frustrating way reach customer care request call back
3,koi jyda acchi help nhi h
3,please take look consumer rights delayed product
5,good
1,bad service
5,nothing else delivery agents ate not existable delivering products company side
5,no comment good
1,disconnected call
5,customer support person polite call satisfied issue thank much
5,thank solve issue
1,bad
5,good
5,helping natur customer care executive
5,delivery canceled times without information
5,good
5,good
5,good
4,nice person
5,hi today talk shopzilla coustomer care executive fully satisfied given full attention thanku sir everything
5,well execute
5,congratulations
1,believe shopzilla afraid order something not returning product today lost believe shopzilla
5,good
5,thank support
4,ok
5,excellent job appreciate
5,good conversation good speaking thank much sir
5,good
5,good response thank
5,everything done good manner
5,happy
1,return date today last day no return option
5,good behaviour
5,consultant polite nice communicate
5,first time life talked polite intelligent customer service agent solve query minutes best
5,improve service
5,happy
5,good communication
5,exllent customer service
1,worst service feel
1,prblm solve nh hori
5,nyc
5,thank
5,good
5,good
5,good
5,plz mujhe mera amount dal di sound baise achha aur sound bad aap mera amount kar dijiye
5,thank
1,countine helpless customer support team
5,good support
5,pretty good
5,customer care se connect ho paye vaise koi suvidha kar dijiye
5,good solve problem
5,thnk u
5,good
5,team
5,thankyou
5,good
5,mam helpful polite
5,good
5,good
4,overall good
5,thanks
5,u take maximum time
5,everything fine
5,good
5,good veri empersiv
5,please pick call eraly
3,good
5,good
5,plz allow return policy products
5,nice
5,good appreciative
5,thanks maim ji
5,would even convenient chatting feature available
5,nice
5,happy
5,politly
5,good
5,good
1,problem resolved order give argent
5,excellent
1,issue resolved 9th aug unfortunately 11th aug issue not yet resolved instead made worse pathetic shopzilla getting worst no value plus customers
5,customer support executive done great job really appreciate work thank hope every customer support executive like resolving problem
5,overall experience good needs replacement wrong size product
5,good
5,nice
1,improve future
5,bahut achhe tge meri problem samjhe
2,resold issue
5,good
5,good
1,not problem solved
5,please hire delivery boys polite customers
5,good support
5,nice solutions
5,hlo sir gift card pin number gift card number not come please help tqq
5,good
5,good service
5,good
5,good
5,happy good
5,no
1,male excutive cautious services
5,thankyou much super service
4,concern received different brand mic hisonikalso ordinary piece wire half piece receivedno invoice receivedno open box delivery doneno opt asked
5,nice man issues resolved
4,sincere service product related supported impress
5,
4,additional language representative would speak comfortable
5,goid
5,kindly deliver product time
5,nice
5,good
5,good
5,everything good
5,good help full
5,good
5,excellent
5,awesome
5,good
5,thanks much
5,thank
5,please work sending otp time confirmed issue could not arise first place would proactively address issue otp thank
5,unable contact customer care easily
5,always happy shopzilla
5,super
5,good
5,no issues
1,disgusting service ever
5,excellent
5,bahut aajha bat huya hai
1,team support useless
5,good
5,nice
5,good communication support nature
1,shopzilla sucks better shutdown youself
5,helpful
5,give proper address nearest shopzilla office emergency cases took delivery directly office
1,bad
1,bad
1,make payment update
5,happy
1,ac not working properly
4,good
5,happy
5,nice support staff
5,good
1,poor product meri problem product missing plz returns team please help
1,bekar service
1,
5,customer support executive talked polite resolved problem easy manner
5,u2019s good coordinating customers good support boy
4,mst bhai
5,hopes shopzilla
5,meri help karne ka thanks
5,thankyou
5,good
5,thanks
5,good
5,excellent
5,no
5,good
5,totally satisfied talk problem resolved quickly thank much
5,tq sir
1,shopzilla executive not solved issue even try solving issue shopzilla cheating toward giving right discount customer
5,helped matter nicely
4,good
4,nothing really
1,customer executive not experience policy flexible
5,well person
5,good
1,bad
1,want replacement refund order
5,good
5,thx
5,problem solved quickly took lot time join customer support team
4,shopzilla return process poor
3,want take strictly action merchant person delivers phonehe put phone blocked list
1,shopzilla service bad
4,4
5,good job
1,plz resolve complaint
5,good behaviour talking giving good response customer
1,query not resolved extending dates no proper notes check previous history bill still pending wrong bill wrong product sent shopzilla worst
1,first give information
5,good satisfied
1,services poor bad polices following
4,thanks
1,bad service shopzilla not order anything shopzilla
1,no date time delivery confirmed neither follow promised worst customer service
3,help
5,thanx issue regarding
1,issue poorly handled requested bigger tshirt size exchange however executive placed order smaller size
5,worst product amlresyd damaged product received never seen like stupid service service good sellers product
5,good
1,asked wait n call disconnected
4,helpful
5,best sarvis
5,product quality return service poorplz make ensure
5,good behaviour
5,hmm
5,customer support satisfied logistics courier team not supporting shopzilla ther giving harrasment customer time saying collect booking materials logistic please take action
5,good responce
5,good
5,resolved
5,good nice
5,product placed item reached delivery short time always face shopzilla longer time product delivery fed waiting long time
5,delivery person punished work like without contact customer rejected return
5,no
5,delay delivery order
5,good
5,overall good
5,absolutely
5,thank customer service
5,helpful conversation thank much understanding situation specially thanks one spoke phone
2,shopzilla must take responsibilty product purchased site rather passing buck service centre
5,hope get positive result waiting solution thanks team shopzilla
5,good
5,good cx support
5,thanks mam mere support karme key ley aapki sahyata say shmat hu ok mam
5,goodd
4,g6
5,different piece white colour
5,kindly blacklist vendor cheated customer
5,thanks
5,good
1,nothing
4,ok
5,please arrange sufficient executives understand languages also
5,nice talking good really help
1,issue not resolved exicutive cut call
4,helples comple return refund order executive not possible pl make eassy
1,bad behalf customer service senior executive listening disconnected call never returned back answer queries answers questions
1,act promise
2,helpful
5,good
5,take long time get call back customer service
5,myntra started change product option introduced thanks
5,pls change delivery executive ashish yadav
5,customers care help nicely shopzilla option
4,customer get compensation amount order cancelled seller end not given think taking consumers carelessly complaint consumer court solution
5,thank
5,thanks raised issues say pl informed kothari company may duplicate item send seller
5,nice customer care service
1,call disconnected
5,good
3,not completely helpful
1,bad experience regarding electronic goods related technician technician visit experience horrible
5,na
4,helpful sporting experience talking customer care executive
5,good
1,voice not clear not seticfication
4,please help fix issue
5,thank shopzilla customer care perfect women
1,boring mem
5,nice
5,good
1,problem not solved
5,good help provide
5,call support best
5,nothingthank
5,good job
3,problems solved supplier loss falt shopzilla not customer focused making money loss customers giving suppliers license cheat
5,
5,great
1,would like file complaint agents interacted today called 1 hour talked 3 agents failed provide ke supervisor not able understand concern first agent transferred call another department even though asked supervisor manager second person not even listening try understand severity case also loed recorded line not option transfer call name chandar parkash think gave correct name third agent polite no ownership call took 7 minutes check available resources help wasted time shopzilla really terrible company
1,bad service shopzilla customer care executive
5,thank
5,order not delivered last 15 days costumer call support service beneficial listen actual problem costumer necessary action plz
5,good
5,happy
5,good
1,supportive staff
5,no
1,solve customer problem properly give dates dates really dissatisfied
5,excellent
4,selected exchange offer product reached door said no exchange option selected
5,
5,nice taoking shopzilla asistent resolved eshhu
5,love way lie
5,good work
1,worst support ever
5,good comunication better understanding customer supporting ashtaint
5,good
5,thanks much help much appreciated
1,customer support bad dose not good solve problem
1,provide warranty
5,good
5,voice good nd like ur voice
5,feedback regional language neice helped english
1,bad service
5,jgypilhjjgchdkuyjhgkhvkutfu
5,good information solve problem
5,customer service representative polite shows awareness discipline issue type quality followed others really admirable
5,nice
5,none
5,talk respectively nice
5,everything ok
5,customer care executive professional experienced
5,please ask vendor supplier deliver correct products customer ordered check twice dispatching
5,polite
2,please stop patronizing cheat type sellers
5,extra ordinary customer support
5,return policy totally bullshit first day got earphone site denied return saying go earphone company exchange not purchase anything fraud site
5,good
4,executive good responsive courteous responses trying solve issue whole experience purchase shopzilla really made extremely frustrated
1,not resolved problemteam poor qualitynot responding delivery executivefake delivery executivefake coustomer spot serviceplease resolve problem
5,received medimix soap jabki maine cadila skin care shop order ki thi jo 440 rupay ki thi aur doosri medimix soap 120 rupay ki bheji wrongso give fraud
5,good resolve problem
2,executive keep asking equery even looking unresolved issue
4,good
1,pathetic sales service
5,good service
5,nice talking customer support executive
4,thnxs
1,courier partners ruining reputation
5,5
3,call jda time keh liye hold na rkhye
1,bad experience
5,no
5,no
5,call receive timing
1,nothing say u worth
5,nice
5,told side shopzilla reason refund return anything else not done customer not get upset
5,acchi baten ki aur achcha hi support hai
1,waste shopzilla
5,super
5,good
5,nothing
5,nice service
1,time wasting
5,nice
5,educate wishmaster open box deliveries
4,good customer
5,nice service
5,welldone
1,not good working company
5,way talking good
5,thank
1,resolve issue shortly please
5,thanq
5,overall everything going good
1,tx
5,nice support
5,good service
1,facing issue related laptop nokia two months still issue not resolved nokia not able solve issue product allowing sell product sold product issue need resolved time lost faith also mentioned many social site destroyed brand images thankshari
4,help centre ai not upto mark make proficient
5,thanks shopzilla support
5,thank shopzilla
5,thank helping helpful
1,
4,thanks
5,good
5,best
5,problem
5,good service
5,k
5,solved problem
1,fin
4,overall good informative interaction
5,disappointed purchase shopzilla mobile poor service product screen not working time
5,nice support executive
5,aap se baat kar ke hamko
1,decided deactivate shopzilla account goodbye shopzilla
5,please place stupid shopkeeper shopzilla snaptech enterprise let anyone business
5,customer care number not working take huge time mind reach not possible customers please restart customer care number
5,well done
2,nice good
5,thank
5,nice
4,good experience overall
5,good
5,thanks giving information calling executive
5,thank
5,good
5,best service
5,nothing
1,worst service worst customer support executive even u2019t know customer asking simply tell given delivery date no response delaying deliver please change customer executives
5,delivery person call back received
5,
5,please add option delete order history
1,return product
5,abhishek nice polite well done
1,good
5,saras
5,way talking good
5,good
4,defect arrival scenario obvious return replacement not spend time talking customer service agent 15 20 mins
4,contact seller customer care
1,delivery not proper timing issue
5,facing issue last 10 days no conclusion
3,nice help
5,delivered product per given date
1,please slove issue
1,information site clear avoid make customers foolish work long go
5,good
5,thanks
5,please get malayalam call assistance
5,good
5,happy bahat khusi hua
1,problem solved
5,veri good
4,good
5,nothing
5,thanks filpkard team
5,good job
5,love sir
5,happy
1,complaint not resolved last 15 days spent almost 2000 rupees water point taking funking aquaguard thru shopzilla
5,good work
5,nice person
1,bed service
5,good person
1,giving replies template manner not able resolve issue
5,executive highly efficient work upon queries really appreciate efforts profeesionalism happy rakhi sawan bless grrat performance sucess
3,good
5,return option also replacement strains customer
4,impress taking language
2,return policy updation needed
5,happy
1,third class service shopzilla
1,poor service
1,worst service ever
5,still not received problem
4,impressed
1,horrible
4,betar experience
4,
1,customer support representative asked trouble shooting without discussion rejected return request cheating close return request without troubleshooting device ishe get punish wrong update rejecting return request without confirmation
1,harassment product not replaced yet
3,good
4,please take action third party sellers sending wrong items not sending items
5,good
4,good
5,good
5,nothing every thing good
3,problem not resolved yet
5,best experience
5,awesome work
1,wasted time disconnected call call back
5,super
4,customer service se baat karne bahut bar message karna parta hai
5,nice talk customer executive try speed deliverythank
1,improve grocery items delivery fast
4,urgent delivery make available
5,used shop lot shopzilla sellers not sending good products aap seler k product send right
5,good staff
1,poor service solution trained apologizing no solution customer
1,want return order
4,thank sir
5,good
1,no problem solved
5,super
4,good
5,good sir bhot badeya rha mera aapse baat kerna bhot ache se pyaar se baat ki aapne thnxx sir
5,good
1,poor
5,please provide special treatment customer staying far city interior part country
5,ya
5,please make option available time return product upto mark whatever ordered possible helpful many customers also no need pick think beneficial ur company customer
5,polite helpful
5,asg listened explained
1,nothing say totally disappointed
5,nice
5,tha
5,h
1,hi ghatiya duplicate mobile diya gaya usse accha mere 3 sal purane mobile ka back hai
5,order really send
5,extraordinary
1,delivery never happened even three days despite tall claim day delivery shopzilla site could not give info product expected time line executive clueless repeating fixed line unavoidable circumstances didnot idea delay no one shopzilla cared che k delivery teamshopzilla not concerned post order service marketing no
5,thanks shopzilla
5,thank advics sir veru good
5,thank shopzilla solving problem customer support survice good thank much
5,good work
1,want return product
5,make customer service related issues bit easier consumers
1,3rd class service provider
5,thank u
1,thought customer no mindset tried make fool not done discussion solution
3,good
1,bad experience shopzilla time cause delivery address auto change 1 order received right address day another one address auto change order send address big issue shopzilla team requesting update address told unable update bad please change policy anyone give request update please something know no one responded time
5,good good
5,start giving compensation delays
1,feedback not time feedback goes every person communicate case also delivery executive extreme harrasment aged parents no proper delivery time also
4,cut calls putting hold
5,satisfied
5,excellent customer service even late hours
5,nice
5,humble person
5,girl immediate responsible cooperation support customershe soo nice team thank youyour regardsmr anil
5,best customer service agree
5,nice customer care services
5,watch order rs 2499 cancel item refund amount
5,good
5,good person
5,good response
5,good
5,good service
5,helpful customer care call service consultant executive conversation
4,good
5,god job
5,nice
5,provide number cc section
1,solve issue
5,please give importance customer keep track sellers sometimes send short item know fault either delivery person seller something fishy third incident short time received item short
5,solved
1,better shutdown shopzilla
1,problem note solve
1,bad experience shopzilla
1,fack product
1,poor poor return policy
5,good man
4,pls say seller not cancelled order payment confirmation
5,mam
3,please solve issue
5,kindly give glass ordered
5,
5,nice talk thank much solving problem
5,nice
4,delivery related services unhappy
1,wrong item received
5,plz sale product shown app page
1,return order
5,nice talking
5,good
5,good
5,exlent
5,nice talk cm care thnx
5,good
5,thanks flif support
5,best guide
1,
3,solve issue
5,thanks responsibility
5,adored
5,thank
5,product replacement flexible replacement options similar products rather replacing
5,billing issues concerned customer not face harrasment
5,customer care executive polite friendly helpful us
5,good work
1,poor delivery performancenot delivery boysrowdy boys
5,simple way resolve problem
4,good
5,good
5,thanks understanding kindly deliver product asap
1,nothing
1,delevery agent service poor many time delevery agent self returned product giving excuse without reaching recipient
5,good customersupport
5,shopzilla customer service team good not delivery team sure
5,great job
5,se baat karke bahut thanki
5,thank much
5,giv solution immediately
1,delivered products ver poor quality
5,excellent
3,installation tv due
5,amazing behaviour
5,thanks
4,grocery delivery late
5,na
1,worst
5,thanks u farahan ji
5,please make customer
5,good
4,customer directly call customer care number time consuming process need kind help placing order
5,awesome
1,worst app customer support shopzilla ki mistake ki wjh se mujhe pay krna pd rha h never anything disguisting app
5,bahut achhe se bat kiye mujhe achha
1,great insult customer delivery boy
5,please aise kam kerthe rhuna aap
5,excellent performance
5,kindly make fecility delete order history
5,nil
5,good super customer support
1,hole customer services
4,good
5,introduce chat system communicate customer care executives
4,good man
5,products refund policy seller sents low quality products not useble like time received wriless mic set jack fit phone properly though jack even tried phones must refunded
5,shopzilla customer care service good madam provided information needed thanks shopzilla customer care
5,good
1,non reliable shopzilla not helping
5,happy
5,good work
1,issue not solved
5,thank ful
5,supr
4,good
4,good
5,good
5,thanks
5,behaviour executive attractive
5,awesome talking customer executive
5,not bad
5,good
1,please care u r coustomer respond well speak u plz make call
5,customer care good
5,please back previous process return
5,excellent
5,good
5,improve return refund process
5,ok
5,good
5,
5,good
1,issue not resolved
5,telugu matlaade vallu untay
5,
1,delay order costumer yesterday order something pay online shopzilla delay order one week cancelled order please delay
1,poor
5,good
5,thanks shopzilla
5,thank sir thank much solve problem well
5,thank giving valuable time appropriate conversation well done one thing tell expart cut call without complete enquiry gave excuse hear terrible
5,nice
5,behaviour good
1,really poor experience no updates 50k product bought delayed beyond slas
5,thanks much
5,nice talk
5,nice customer care services
5,thanks supporting
5,good
5,good response
2,taking lot time reverse pickup
1,information mail id
5,excellent
5,no issues coustomer care mam
1,order not delivered date time
5,helpful
5,keep
5,system faster
5,thank much inquiry
1,no comments
5,bahut acchi ho madam
5,good
5,issue resolved
5,good
5,thnkful shopzilla issue resolved
5,nice person
5,good
1,first time wrost experience shopzilla
1,vary bad order not provide detail
1,no problem solved
5,way talk customer excutive polite
5,nice
4,well
5,behaviourwas gentle humble
1,worst experience
5,thanks shopzilla argent helping
5,good
5,satisfied
5,good
5,mujhe nothing 2 phone 13
5,bahut accha se bat ha
4,no need improve consultant talking
5,good service given heard problem patient trying solve problem good job
4,needed facilities view insurance processes products
5,good girl ache se bath ki waaoo
5,good service
5,nice experience
5,please cobnect fast fast u custmore care
4,issue not yet resolved incident id recheck status hope issues gets resolved soon get refund earliest
5,thanq
1,bad cs team useless pls educate
5,customer care good need power solve problems
1,worst company
1,really bad services shopzilla
4,satisfied
5,
1,bad problem no solve
1,not good vivare
5,items no return policy complete detail availability service centre warranty
5,h
5,replacement compulsion returning product
5,no
5,thank
1,not claim warranty
1,shopzilla fraud
5,ok
4,nice person really nice
1,need refund already waited 1 week get replacement product delivered time need wait till 4 days not fair kindly issue refund
1,reason shopzilla stays back leading superbuy stands first superbuy makes hard efforts deliver specified time u2019t
4,excellent conversation
5,better
1,bad service time
4,4
1,superbuy meesho myntra ajio nykaa 100000 times better u
5,investigate saler remove fraud saler efficiency automatically improve
5,good
5,good working
5,good work
5,abhishek nice
5,thinking
1,customer service man told product reach till 9pm 11 august waited no response came delivery agent bad experience shopzilla
5,good guy convinced well thank
5,please solve issue
5,great job customer executive support
5,good
5,friendly sincere
5,thanku much resolving problem thanks shopzilla
1,no customer support number
5,good
5,nice work
5,accilent
5,overall good
5,clothes please mention accuracy size data issues not come
5,thank
5,good customer executive service support
5,good
5,call back
5,good
5,excellent
5,good
1,huge refrigerator delivery experience sucks
5,comment ment wrong order not delivered
5,please authority take action quality performance issues
4,thanks
2,shopzilla logistics support pathetic also no upfront communication case delay rescheduled delivery
5,nice
5,good
5,overall good
5,nice talking
5,good
5,nice executive beautiful talk
1,customer care rep assured order delivered asap grocery order delivery date shifted hope delivered creating spl slot 1st delivery order
5,good experience
1,georges
5,thank
5,thank
5,please provide customer care number difficult connect
5,please make grocery reliable custoemrs
5,best wishes
1,worst experience
5,happy
1,bad costumer suport without resion cancel odar
5,good
1,saree not returned option available
5,happy
5,gud work customer support
5,good work
5,plz one option return policy product missing product short
5,call mam experience good mam also polite friendly
5,good
2,super support
5,thank
5,nice girl riddhi much supportive
5,clarity product
5,tq
4,pdf invoice open
5,good
1,worst experience fir file shopzilla
1,pathetic
5,customer service executive good listened problems well
3,not understanding problem already called 10 times still no resolution
3,thanks
1,want return product
5,thank support
5,good knowledge
5,person good senior team not good not answer
5,customer care executive talented hardworking
5,good
1,bad exprince
5,good talk shopzilla customercare
1,offended
5,please resolve issue
5,please ensure deliver product par delivery date
1,order not delivered time got delayed 3 days order urgent add customer care pathetic resolving issue requested send acknowledement keep informed email declined saying authority
5,happy
5,friendly mam
4,happy
1,worst app shopzilla
5,
5,best
5,issue not resolved
5,nice communication
2,information not available
5,outstanding
1,bery bad service ever
5,thank solving issue thank much sir
4,good service time delay
1,give proper training resolve issues
5,awesome
5,ok
1,nice
4,aaru rajput
5,packing not good
5,kindly try provide original item
5,solve problem
5,please delivery date change mat kijiye ham log delivery date dekh kar hi apna pe sman sakte ho time mat dikhaiye mai apna 20 din ka bachha isme bhi app date change kar rahe hai sir dusre site main company ka product without delivery charges ka dekh ke delivery charg de ke order kiya date change ka faida hua shopzilla se order ke
5,excellent customer care service
5,best
5,nice beautiful wonderful awesome phenomenon great day
4,good support customer executive
1,bad service shopzilla
5,thank
5,good
5,thank u
4,better help
5,thank much sir
5,tq bahut se bataye hain hume aap jarur receive
5,iam satisfied help
5,excellent job
5,make policies simple
5,thankyou minalfor efforts understand issue replacement
5,good
1,poor useless service go hell
5,g
1,useless policy l take issue consumer court not addressed
1,not good
5,customer care services good sir ji
5,good service
5,thank much sir
5,stop harassing cutomers
5,food
1,atleast need ask customer marking ticket close
4,selling products company details
5,good app online shopping no variety trendy cloth
5,wowww servicer typing speed computer fast reduce customer delay keep
5,good
5,customer care good
5,happy talk shopzilla supporter solved problems
5,great support
4,please correct network problom voice not batter
5,good
5,mujhe accha meri bat suni meri problem thenk
5,thank
3,3
5,everything good
1,product not delivered ordered wrong item delivered continued call customer care executives last 9 days solved problem instead solving problems assurance 24 hours case resolved day day 9 days past neither solved problem nor delivered products last sr customer care executives told junior executives not proper handling case stipulated time solved problems mentally harsh since last 9 days believe
1,poor service not proper answer not solved problem
1,knowingly solver problem
5,good
5,good service
5,please provide telugu regional language consultant
5,good
4,thank
5,osm advisor
5,nice way talking
5,support agent informed not provide delivery agent details however order showing delivery
5,excellent
5,good
1,issue not solved
5,good politely talk please increase position gave position trainer definitely change shopzilla excutive behaviour
5,madad karne dhanyavad
4,flexibility delivery date l not clear
5,improve delivery partner immediately take action delay delivery
5,like exucative member
4,shopzilla support team ko phone karne par bolate hai 6 se 7 working day theek ho jaega abhi tak theek delivery hone likhta hai cancelled 1009 rupay ke 15 items order karne par 14 item delivered dhara oil nahi delivery uska refund nahi mila hai super coin nahi mila hai
5,nice call customer
5,please arrange skilled technician assembly bicycle
5,good costomer service
5,good
5,good
5,bengali language option available kor dijiye
5,thank clear problem
1,waiting pickup no qa items live warms changed labels anjeer
1,
1,poor
5,background noise could canceled customer service call
5,good service
5,good
1,never pick product
5,tynku much rishabh sir ur behaviour absolutely friendly thnku much helping
5,complaint good response
5,otherwise good
5,customer support person polite call satisfied issue thank much
5,problem regarding change delivery address not
5,please give priority shipment delivery time consideration product quality
5,comeny not provide effective products
5,good conversation mr krishna happy keep
5,staff assisted superb patience skills
1,reply irrelevant asked something got something time totally wasted
5,requested product flavour must delivered instead flavour products company
5,nice
1,pathetic service
1,person rude even understand english properly guys need monitor calls need ensure get good cx service escalation desk well talking abt girl spoke complaint acc nothing else per escalation desk senior dont even rights senior
5,delivery boy cancel order whimsically
5,good talk sir
1,ordered phone exchange old phone poco m3 scratch screen mentioned time ordered today delivery agent came refused not give phone not exchange phone scratch glass rude arrogant said shopzilla different policy not accept exchange since 5 days waiting phone shit situation happened shopzilla support not useful saying wait till 15th august people really crazy someone needs urgent help saying wait next 3 days worst support
5,nice
2,even customer support not giving assurance regarding orders
1,not happy service
5,nice work
1,floor delivered infected floor worms
5,provide fast service refund replacement product
5,excellent customer care service many thanks shopzilla customer customer support executive
5,ok
1,worst experience
3,try improve replacement returns policy
5,good costmar care workar
1,customer executive committed order delivered 11th aug received yet please least check executives making fake committments
4,not resolved
5,compared ones service far better please maintain keep updating thank
5,helpful sir
5,well mannered behaviour thanks gesture
5,good
4,good
1,shopzilla worst deliver keep changing date date company worst way earning money shopzilla people orders make people not deliver tell people not attended order cancel take cancellation fee biggest shopzilla way rob
5,ji se wo sahi baki sharad bekar shaks tha uske baad ek medam se wo bhi dramabaaj queeen nikli
5,good
4,good
5,try connect call support staff less time
5,customer service totally satisfied
5,good man really enjoyed talking solved problemthank much
5,please understand customer view
4,solve issue soon possible
5,good
1,disappointed refund return product
4,waiting till pickup
5,provide price tags product return replace not troublesome approach
4,solve
5,mentioned facility option
5,good
5,10
5,humble well explained problem
1,put call hold 20 minitus think free
1,bad response
1,superbuy provide better service
5,thanks lovely support gauri thakur
5,q
1,good
5,talked intelligent customer oriented proactive customer care executive make every executive like
5,good
3,thanks contacting us
5,nice talking customer agent
4,want take product plzz
5,service good
5,keep
5,excellent
1,none
5,good behaviour
5,good
5,good csa
5,overall good please check order tata chakra gold tea 500gm received 3roses tea 250gm happen dates also missing disappointed please check always thanks
5,good
5,humble
5,super
5,good
5,saurab good
5,rupali kind supportive
2,give comparison
5,good
5,good
5,exchange policy
5,satisfied
5,five
5,thank
5,excellent support representative
5,customer care executive extremely helpful
1,installation time
5,good
5,things good
1,representative aa gaya isse kuchh solve hone wala nahi hai bhai tu ghar se mang nahi sakta hamse pata kar ki delivery boy ne delivery ke waqt photo ka bheja hai kese aadmi ho yaar ki galti tu galat cherz ek baar review section le bhai ki ne jo item kaa naam likha kisi customer ek pro plus mila hai baki ka aesa bhi ho sakta hai na ki aap kisibhi pe nazar nahi rakhte kal koi aake watch ke box drugs daal aap hamse hi proof mango ge problem solve karna nahi aata hona kripya ghar pe baithe dusri baat aese fraud seller logo hi chahiye
1,bad product
5,good
1,good
5,good support
5,good
5,resolution taken lot time unexpected please improve process
5,offer advance refund cases pick take sthis much time
5,customer care person nice
5,good person answer solve
4,old customer wanted return item completely non suitable
3,customer support useful customer service osm
5,not using primary contact number since last 4 years try return product otp directly going primary contact number unable return product want remove primary number customer executive said remove primary phone number without adding new number
5,thank shopzilla
5,good service shopzilla service
5,no
1,waste fake app fruad working
5,delivery wrong items stopped
1,customer care useless helpless suggesting high team call not receiving calls
4,please ensure customer complaints
5,special thanx shopzilla customer executives
5,nice job
5,overall good experience
5,nice person
5,nice work
4,good
5,good
5,good
5,good
5,tank
5,awesome talking executive
5,thank u
5,nice good
5,ok
5,customer executive replied efficiently clear manner
5,custom sapot good
5,thanks
5,thank
5,provide product contact no email
5,good
1,bad servicing
4,mujhse bola 16 aug replace ment mil
5,good response polite speaking good service
5,good
4,good experience
5,consultant polite interested solve queries good humble communication skill may bless
5,help full pearson
5,customer care interaction satisfied problem
3,please inform customer case unforeseen circumstances
1,time reached throw shopzilla
5,exillent thanks rishikamy problem solws
5,satisfied kind positive response received consultant named professional polite patient addresses issue responsibly forwarded senior team quick action appreciate efforts
4,try resolve issue quickly deliverys made time
1,not solve problem
4,please resolve queries within given sla 10 days raised query issue still not resolved
5,overall good experience
3,quickly solve issue
5,awesome
5,well
4,customer support
4,nice costomer service
1,pethetic customer service
4,good person
5,service help agent really helpful shopzilla overall experience worst app ever ove used
1,customer care executive senior executive slacker evevn common sense
1,far worst service shopzilla replace defecting item initially shipped holding amount long time airh worst customer service support
5,sorry
5,castmar cal service good returned policy bad
5,happy support customer service
4,thanks
5,please monitor escalations repeated issues not closed despite suggested timelines resolutions especially issues related logistics team
5,cccgh
4,please encourage fraud products
1,poor service filpcat
5,good experience
5,resolv e problem
5,quick good customer support thanks shopzilla
1,totally waste money time
5,good
4,good
5,good
5,good
1,bed app
1,bad service shopzilla
5,best
5,nice like thank shopzilla
5,good support thank
5,provide change style options exchange
5,good
5,good good
5,happy thanks
5,good
1,bogus thirdclass
5,best
5,executive picked mattrace return order today status system not changed kindly update status website immediately
5,support executive madam listened concern patiently amd redressed issue side
4,good person call person
5,executive good
4,issue still not resolved order google pixel 6a going delivered product delivered 1st attempt unprofessional careless behavior delivery executive totally disappointed shopzilla matter
5,thank
4,good
5,exillent
4,pls generate sms email kind ticket no enquiry raised
1,need improve service many
5,calling sutomer care tough job no email id deleted email ids dedicated person escalated issue
5,yes
5,nice talking
5,good work
4,resolve issue raised customer priority kindly make sure customer suffer due technical glitch
1,not return product despite mentioned available return option
5,good service
5,thank u
5,executive polite
5,good conversation
1,showing diffrent producted send diffrent return policy alsi not words
1,bad service need boat service center number
2,bad service shopzillatotally unhappy
5,love conversation
4,technical visit team not good guy named visited house technical issues related router return not knowledgeable not solved problem related router falsely updated shopzilla resolved
5,hh
1,delivery executive came supply goods 10 pm told wife bring goods 1st floor took away returned vegetable without giving bill rude mannerless disgusting behavior take action loss please give bad quality vegetables ceo
5,customer support executive polite experienced giving thus feedback issue not resolved due executive not anything product delivered not
1,4th august 3 products colour duva delivered cheaper range product company not resemble product description image shared app not even delivered packet eyeliner raised issue many times shopzilla no redressal given 3 4 times call shopzilla received nobody spoke call got disconnected without even talking case marked resolved stuck products not use not return nor order another one please look matter immediately complain not one product three product delivered colour diva 4th august sure case cheating customer mark product non returnable send garbage shopzilla not wash hands saying non returnable product since taken responsibility company sells thing happened superbuy would asked not send product back immediate refund would issued need address issue immediately offer satisfying redressal
5,instant refund
5,good service
5,thank much sir
5,pls take minimum time resolve issues u takes long time customer suffering
5,excellent bro
5,good
5,good sir
5,good
5,shake amazing shopzilla customer support team u2019t know order no resolved not shake provide good information good services
5,voice breaking speaking customer care
5,good
5,nice
1,product deliver issues need sorted
5,good
5,good service
5,return time long
5,thanks
2,3 5
4,nice
5,service nice
2,shud option solve issue chat also option change number
1,sellers selling fake products no solutions
3,good
5,please romved delivery charges shopzilla plus che thank
5,sir ka bat chit ka andaz hame pasand aaya
4,good speaking understand queries
5,thank
1,worst executive
5,sir karke bahut aur pura help kiye sir sir
5,goid
5,categories customer easily understand options valid return refund get open box delivery
5,pls mistakes pls che u00e7k product nd send
5,good job
5,courier services poor
5,good
4,talked politely understood problem
5,male voice exicutive customer support best
1,wrost experience
1,call discnoct
5,nice
1,pls fool customer denied take order though waiting since 8aug receive order cats n customer care call prove much eagerly waiting order also refund today price products else deliver product order great offer
5,goodmy help
5,nice
5,excellent
4,good
5,nothing
1,poor regarding service
1,rubbish customer service
5,problem not solved
3,first time gone unprofessional behavior shopzilla no one knows product information page shows delivery last three days
5,exicutive excellent talk good communicator behaviour excellent good explaining properly everything special thanks thank maam
5,nice talking
5,gud job sir
5,good
5,thanks
5,good experience
5,improve delivery infrastructure
5,thanks
5,nice talk
1,customer care executive
5,kindly update time delivery
5,well done
5,problem solved thanks
5,excellent service
5,no
1,even wrong product sent return request made no one responds ignores
5,thank much
1,act promise
5,good
1,issue resolved without solution
1,bad
5,good communication skill better attend querrys customer good pessions
5,nice
5,much good
5,thank
2,commit not fulfill commitment
5,best befave talking best solv problem
1,refund no credit account following long time
4,good experience happy
5,customer care good conversation smart cool
5,thanks
5,write seller cancellation order article without intimating customer thanks
5,good
5,good support shopzilla team thank much
5,ok
5,nice executive
5,ok
5,thanks compliment request raise help
1,electronic item stops working official return back period shopzilla ensure share items manufacturers details contact number address help resolve issue said device within warranty period regards
5,thank much madam
1,customer support executive no information disguided customer
5,took almost 30 minutes reach executive moreover really piece sh
5,thanks
5,good nice
1,disappointed support team team take time not provide proper solution
5,good guy
1,no
5,good behaviour
1,please make complaint department fake lack knowledge person atten calls
5,problem solve krne ke liy thanks
5,happy solve problem thanks
1,extremely disgusting experience guys not able solve simple problem nor answer simple questions suggest anything solve situation standard reply template executive keeps parroting actually no desire solve customer problem thank ruining day plans
5,goo
5,thanks
5,thanks
5,thank
1,worst service
5,good
5,good
5,product return refund policy effective implementation time returns policy
5,please cancel products order side
1,wrong product received
1,sir charging ka essu hai vo mai nahi slove please product replacement return thanku shopzilla team essu resolve fastly plz
1,ph cuts no solution no call back ridiculous service
5,excellent customer service mr
1,
5,good
1,not good
5,thanks
1,bad support not understand issue mailing issue solved
1,service poor
5,good job
5,rejected replacement query mentioned proofe mentioned proofe site
5,good response
5,good conversation
5,thanks
5,please ask courier partners train delivery boys common sense request send another delivery guy pickup rejecting return request silly untrained behaviour situation exists today also beat death satisfied
1,need correct payment invoice
5,nice
1,bad
5,good work
5,excellent experience
5,reaqest call book mark option update aap
5,good gitanjali
5,thank pls solve issue minimum time
5,found best customer executive shopzilla many days fully focused problem good simple communication skill like
4,happy
1,bad
5,
5,no
5,keep review warranty reutrn policey brand agreement randomly whether company obey agreement not towards valuable customers
5,good
5,thanks
5,good
5,good communication skill
5,well spoken customer service representative
5,good
5,work delivery
5,iam happy
5,good
1,poor support not information tell technical issue not anything non sense service
5,nice
5,allow non loyal vendor
1,deleteting shopzilla use superbuy
1,call disconnected
5,best
4,process lengthy plz short
5,nyc job
4,good everything
5,good
5,thanks ram ram
1,product not returned pls return payment
5,
5,thanks
5,good
5,costumer care service good
1,worst service ever seen noone responsible customer complaint satisfaction
4,please solve matter
5,excellent service
4,good
5,make sure check reviews types seller shopzilla
5,ok
5,keep smiling face customer
5,good coustomer care service shopzilla
1,third class service shopzilla customer care not getting customer problem given fake promises
5,thank contacting kind enough address customer issue
5,help desk option not understand sometimes
5,make seller fair coustomer
5,excellent service
5,good
5,products return policy
5,good menrs services
4,no rest good far happy shopzilla overall
5,good
5,consultant good polite understood problem well resolved issue thanku much
5,good
5,need immediately solution please wait 3 days
5,understanding problem carefully
5,request plz guide customer care executive discontinue call resolved issue
1,extremely bad experience customer care executive
5,24 u00d77 easy customer support number
4,good bad
4,delivery time grocery increased
5,thanks
5,no comments
5,problem solved times not issue
5,good work keep
5,delivery person charged 600 extra much higher actual exchange value extra amount 177
5,feeling relax talk costumer care
5,good
4,every thing godd
1,issue not solve product missing harddisk ram
5,good service
5,tq
5,executive polite understands problem well
5,good
5,nice guy
5,good
5,way explaining customer care good
5,nice conversation
1,
5,done
5,good
5,excellent
5,
5,customer care executive nice guy
1,way order canceled no support given solve ny issue case highly disappointed shopzilla policies shopzilla software showing product outfor delivery delivery 4 days lastly automatically canceled right product price increased compassion denied
4,good
5,excellent customer support thanks
5,ok
5,thanks
5,superb yaar
5,nice
5,bahut badhiya
5,good job
5,thank sir
5,good support
5,best kee
5,
5,well
5,give dupatta set
5,nice
4,call request taking time please make much easier
4,sweet smart
1,good
5,good working
5,h
1,please enhance behaviour customer care executive among problem solving
1,would like file complaint agents interacted today called 1 hour talked 3 agents failed provide ke supervisor not able understand concern first agent transferred call another department even though asked supervisor manager second person not even listening try understand severity case also loed recorded line not option transfer call name chandar parkash think gave correct name third agent polite no ownership call took 7 minutes check available resources help wasted time shopzilla really terrible company
1,worst experience dont buy products not able solve single problem bought product last 10 days not working properly
1,not happy
5,refund
5,nice
5,good customer service
5,like way understand problem solved
1,consultant telling false things
5,tolk good
5,executive good
5,good
5,nicely quickly responded thanks verymuch accepting request thanks kind cooperation quick support
3,nice
1,bad
5,good
4,good
5,good communication
5,good
5,sincere request shopzilla team provide quality assurance product without veryfying quality product complany guranted quality assurance e shopzilla assured matters lot customers please sir look suggestion
4,something return order
5,days got damaged wrong product frequently please supervised ur employees think loophole changed damaged wrong product place original product thank
5,good
5,customer care executive officer behaviour good delivery boy executive behaviour poor not dilvery order door step request specially shopzilla please ask 3 rd party service providers
1,shameless people cut call making us wait
1,installation demo needs provided
5,thanks mr solved problem spoke well good person problem easily solved thank mr thanks ms zobiya good behavior spoken language good thanks thank
5,thank customer support
4,
5,good
5,thank shopzilla
4,done
4,sloved query
1,worst experience last two delevery
5,good
5,good
4,sellers providing incorrect product information penalized
1,paisa kha gae aur roj call pe wahi purani baten krte rehte ho
1,feel responsible customer u2019t give neglected answers customer sellers making fraud selling old refurbished products new ones please ensure packing original items ask take video packing useful customer case received old product new one one product return issue not resolved one month date purchase
3,no clear reason order cancellation much unexpected
5,good
5,good
5,good
5,good
5,satisfied
4,provide customer care number
5,nice
5,thank issue solved
5,no issues information given good u
5,werigood
5,vendors tightened not send wrong product
5,thanks shopzilla
5,nice experience executive
5,good
5,please resolve issue immediately
5,ba
5,plz resolved problem within short time
1,asked executive regarding company details seller details regarding order issue still u2019t received anything executive side per promise send seller details minutes 15 16 hours wait not able recieve anythinh
5,problem not solved
5,knows work understands problem handles well
5,please deliver broken item
1,pement nhi aaya
5,good
5,thanku
5,thank shopzilla
5,process exchange
5,good
5,shopzilla customer service god work helpful
5,good
5,good
5,good
4,please ensure solve problem early
5,resolution time reduced
5,good
5,nice help
5,always facing issues groceries delivery make sure happen
5,good behaviour
5,good support experience
5,good communication
1,customer service executive not reading information app
5,excellent customer service executive
4,quick resolving issues regarding return
5,iam happy
5,no commentsthanks
4,nice
1,no clarity voice
3,good
5,good service
5,cool
5,
1,come adequate information
5,try show quality products app
5,good
4,thanks shopzilla
5,shw good put call hold long
4,request please send actual item customer get irritated thank
5,today received 15 item 19 items ordered earlier want raise complan within app no option place complan customer care executive think leanthy procedure want request shopzilla problem solved app website hope option given future app website thank
5,nyc man
5,customer service number must easily accessible
5,good excutive
5,check courier service efficiency measuring successfull deliveries not performing good figure new service parter otherwise customer not going wait good service
5,good
5,senior behaviour good
1,waiting tmy money since 2 nd august replacement cancelled return pick picked executive no refund generated yet saying still processing usually take 2 days credit late holding money worst service ever
1,no responsibility culprit person please take action culprit person
5,nic
5,thanks
5,well
5,gd
3,please reach customer within time really wait call 30 minutea
5,good
5,nice help ritu
5,good
1,
1,consultant provide response due date no feedback escalated issue not resolved despite knowing not fresh complain convey next 3 days date updated system process lacks trail access consultant thereby provide feedback kept hearing customers
1,offented customer care executive
4,good
1,delivery delay time resolution long home issue face outvery bad delivery
5,good
1,customer service bad
3,order still pending even though payment cleared
4,customer care se baat karke achcha
5,get connected customer support taking long put customer support assistants would easily available without waiting 20 mins delay
5,mr
5,good
1,mera product refund jakdi se karwaiye change karke product send kariye mujhe ye wala modal no bl58at chahiye plz plz helip
3,currently portal option report missing items post delivery also finding difficult connecting customer care no direct numbers call request support available
1,cycle good cycle mudguard change shopzilla customer care replacement madguard ok
1,issue not solved please refund money
5,thanks
5,nice
4,good
5,please resolve customer issue minimum time
5,chutiya policies hai policy flexible
5,nice voice
5,best service
5,difficult get customer support no proper way contact customer support wasting precious time searching customer support
1,super
5,item missing package
5,solving problem like brother
2,customer service negatives man got work product quality never liked service anyday friend extended hand help wanted change address contact number available not functioning since order placed still see no problem hear called english executive guy starts communicating hindi fine best part soon discuss concern change contact number address order denies suddenly no options available no seen cheap stunt manage customers bother total waste time
3,good
5,first confirm product ordered customer business partner cheat customer send wrong goods make shopzilla reputation customer remarks company making cheat please make good business partner long business
4,happy
5,please provide customer care number aap
5,good
1,change address not change address
5,nice customer service executive skills problem solving
5,query not resolved yet
5,good
5,executive good
5,ameging conversationthank sporting
5,thank
5,exileny
4,ok
3,no
3,shopzilla service providers used 3rd party services bad irresponsible queries towards wrong deliveries hence important train bring ownership otherwise shopzilla service levels get deteriorate
5,good
5,service good
5,well mannered work experience
1,good
3,return product
5,make call back request got one call takes 5 min received prupose call back request
1,exicutive takle whole scenario lack information know deal waste time afford
5,please resolve issue soon possible
5,tracking id available website
5,
5,good communication
5,please open box delivery no return items
5,thank
5,good
5,na
5,thank
5,talk good hope problem easy solved
1,company hi alag hai
5,ok
3,shopzilla negative
5,taking much time
5,nice work
5,worst app
5,care professional polite patient professional understood key points issue put forth reasonable reassuring solution
5,ok
5,please received called customer care number reply gemail solve problems
5,good
4,kindly denay sellers whos giving harassment coustomer delivering wrong product
5,ok
4,not give delivery boy information
5,customer executive much polite happy talk able provide resolution regarding product issue
5,thank
5,please display customer support number website
5,delivery agents helpful polite
1,customer support executive not help resolve buyers product problem make time pass buyer days cancelled return refund request buyers damaged product price rs 2999 got loss rs 2999 no proper support team lie buyer request good feedback buyers resolve issue
5,service good
5,good customer issue resolved quickly
5,bad
5,helpful
4,wrong description product
5,good behave
1,never frustrated life service make frustrated
5,quick efficient resolution
5,well
1,not receive order time service shopzilla logistics poor delivery boys even worse
4,good
5,nice shopzilla fast delivery fast refund
1,keep atleast graduate people
5,good experience
5,far good
5,pickup product soon
5,no
5,problem pending
5,nice
5,good support
1,worst experience shopzilla avoid disappointed stills resolutions issues
1,issue not reslove
1,customer care executive ignored hire good employees good dedication level
5,good service
5,good boy
5,good job
5,best service
1,watch not working parfectly watch key not working
5,good
1,not helping shopzilla want please please close progress thanks itna preshan karne ke liya thankyou shopzilla service thanks customer ko itna harsh karne ke liya shopzilla
5,please make return exchange option shopzilla app
5,please check saler
5,nice interaction polite
5,good exmpalne custoumer care
1,not happy
5,good customer
5,good
3,7th august waiting product delivery still giving updated date bad experience
1,give powers executive contact seller delivery partner order gets delayed not dispatched keep employees conversation customer option help customers
5,no
1,useless customer service
1,bakous service
5,ok
5,thank resolving issue
5,nice behaviour thanks mr saurabh ji
5,good
5,support super
1,executive soo slow provide information
1,poor
3,thanks shopzilla help line help lot
5,one best customer care executive interacted
5,good service
2,
5,thanks customer support helpful
5,pls sir replacement arjent please sir please
5,great
4,good call
5,
4,not bad
4,nice
5,good
5,excellent performance
5,shopzilla play later credit card block account pay later credit card please request unblock account
5,thank
5,thank lot
5,whatever problem went away
1,sick hooliganism
5,excellent
5,thank help
1,watch not open problem not solve plz hurry smart watch solution request
5,refund money
5,plz shorting time attend call
5,helped well
5,sudhro jra
5,bahut badhiya
5,thanks riya
5,happy
5,thanks
5,nice
4,response good issue remains unsolved pl try resolve issue quickly
5,correct
5,nice
5,dear sir could not delever product kindly mention available mobile phone order gift sister emotion automatically cancelled order not good big e commerce site play emotions sir
3,good
1,call constantly hold
5,excellent
5,hjvhvhkmcivlboci
1,fakshopzilla
5,good communication skills
1,good
1,guys close complaint without providing solution try calling alternative number said wait longer
5,no
4,kindly initiate refund
5,good service
5,thanks shopzilla
5,good
5,nq
4,good behaviour
5,
5,amazing
5,good
1,not helpful
5,good service
1,need work policy customer service team
3,issue not resolved 10 days status since recd wrong packet refund money asap need products
4,found deficulties reach customer care executive 3 times kindly make sure atleast plus premium membership worth thank everything
4,good
5,guy cool liked communication
4,thankyu
5,thank
5,excellent
5,vare
1,lawra ka servy
5,lady executive polite happy interact really supportive thank consultant
5,thank
5,please provide customer care executive
5,good
1,call disconnected automatically coustomer support cut call
5,executive really awesome within no time solved problem shopzilla haas see vendors perform well not really comparing honestly speaking superbuy well
5,conversation ashish felt like valuable customer spot communication customer service kudos sincerity prompt action taken 10 10 best customer service received ever
5,take much time connect customer care
1,size issue big want change item
1,call back got disconnected
5,excellent job
4,good
5,good
5,delivery man not come take return material given address please urgent inform
5,good
5,happy5star points 10 10
5,good job
1,bed service
5,nothing good
5,vengeance
1,pick not update
5,highly embarassing lodge complaints missing items packet ordered billed products
2,resolved issue
2,no good
5,grocery item sure request refund app
1,speaking customer support none problems solved happens almost every time
4,gud
1,self like third grade
5,thank sir
5,thankyou team shopzilla also costumer executive u polite helpful happy haave people shopzilla make trust easy
5,call waiting time lesser find customer support executive
5,mast hai
3,mast
5,nice mam
5,please no time taken resolve issues
5,always happy shopzilla
1,missing item
5,great
5,polite person
3,strict brands
5,please make changes open box delivery coustomer exchange return products
5,thank much
1,shopzilla quick resolution customer
5,good
5,nice customer support
5,best calling experience
5,good behaviour
5,overall good
5,baat karne mein
5,nice
5,helpful man ty
5,no
5,happy
5,good idia talk customer
5,happy happy
1,directly solve issue without making difficult
5,good man
5,sometimes people make fake returns try fool shopzilla real people face problem prove things gone wrong please favour geniun people
5,got quick solution
5,reduce time resolve timing
4,no thanks
5,call support good understanding
1,no good castumar care
3,no
5,easy policy
5,good service
3,enrich support system
5,
5,talked best shopzilla exicutive solved problem quickly thankyou soo much
1,customer executive kept call hold nd retanter
5,strong support
1,called mechanic twice not able identify cause trying consistently get issue resolved vain please look matter seriously lodge complaint consumer forum regards
4,happy support shopzilla
5,overall experience customer support awesome
3,best support
5,delivered open box
5,good
5,good behaviour give best solutions
1,unable resolve problem
4,good
5,options
5,like
5,gud customer service
4,not bad
5,shopzilla executive polite nature understanding problem wanted know exact reason delay go know reason knew earlier asked wait till 16 aug let wait 16aug calling experience good simple formal thank
4,good response customer care
5,
5,good
5,good
5,support wise good need resolve issues asap side
5,give customer service number also site
4,good
5,nothing
5,happy talk particular executive
5,nice guys
1,delayed delivery much
1,oraf
5,good conversation
5,thank u
5,v good
2,rude behaviour customer executive unable solve problem
5,request holding calls boring times please play better old gold songs thank
5,thanks informing
1,no
5,excellent
5,satisfied customer service provided please try solve problem asap thank
1,worst service feel
1,no
5,
1,bed services
5,wosame
1,no replacement provide wrong message website
4,dissatisfied disappointed shopzilla first time u 7 day return policy product promised moto edge 40 also purchase people say no return product moto customer service take care telling no return policy moto product stop selling product no return make us fool
5,good service
1,shame shopzilla
1,return pikup refund
5,good
5,na
5,excellent time connect less else everything good
5,executives helpful satisfactory services provided us thanks respective services satisfactory services
5,improve connectivity
5,speak friendly
4,happy shopzilla support executive awesome date replacement pickup thank shopzilla hear concern regarding way
5,nice behavior customer agent
5,good
5,good
5,good
4,ok
5,good
5,good
5,thank shopzilla customer care
5,customer care help issue company bad
5,strongly feedback shopzilla please opening showing invoice provide shopzilla buying products customers thank
4,resolve issue soon possible
1,service poor ordered one product since one half months ago item not yet received not taking proper action
1,worst experience query get resolved go consumer court
5,nice
5,good solving query
4,need special policies terms countrified used products
4,sir help customer problemsnot patience
3,shopzilla delivery boys scammer customer care executives really useless please improve services wise lost customers
4,issue not resolve
5,good precautions mam
1,though executive supportive understanding issue question remain unaddressed 20 days
1,waste ur concern
1,third class service
5,good
1,no one sort issue totally disppointed customer care
5,thank shopzilla team members good resolving problem customer
5,product replace ment ke liye
5,custome care support person talking good hope soon possible solve problems
1,
5,polite concerned arranged replacement non returnable item part missing
1,no one provided resolution yet
5,support krne tq
5,nice c madam
5,customer service good well understand things quickly whatever issue solve easily
5,slove problem
5,really good experience talking support executive
1,call even u2019t english speaking skills proper communication repeated answer 7 times without understanding issue
1,train executives handle customer complaints improve shopzilla brand reputation
5,return policy therecustomer support good job keep
1,bad
1,pathetic support issue not solved
4,thanks
5,super
5,customer service 5 5
4,make easlier steps reaching customer executive
1,bed costumer support
5,nice answer shopzilla company workers
4,interaction customer service executive amazing helpful
5,good talk
4,good behaviour
1,problem not solved
5,
5,despatch delivered products quickly
5,thank
5,nowadays shopzilla good
4,job
5,thenk
5,polite good behaviour
5,no exchange refund
1,pathetic customer service till date
1,plz deliver product fastly know product cancelled plz plz deliver product soon possible
4,good service
2,service not good
3,not resolved ishu
5,u2019s take time connect customer care
4,experience good talking
1,not satisfied customer service
5,good
5,good behaviour
2,think trusting shopzilla purchases future due experience
5,make deliveries pickups accessable everyone u take way longer time
4,good
5,cx executive helpful hope get call back within 24 hours promised
1,poor response shopzilla not trained executive
1,something went wrong call without giving solution not try reach
1,worst service faced shopzilla actually bought metal cot king size installation done u2019s quality poor making louder noises sit sleep return product disassembled technician visited told not reinstall u2019s discomfort family staying 1 bhk house tuesday calling shopzilla refund return every day making timepass 5 days telling return product technician visit frustrated disappointed service shopzilla technician come 1 person come need help fit 30 kgs cot not worker shopzilla
3,3
4,thanks
5,awesome
5,good
5,mera dupatta nhi aaya h please dupatta dilva dijiye
1,
1,super
1,loose customers regular interested organisation putting unnecessary constraints bad shopzilla one day u loose major customers realise no use
5,thanks maim
4,ok
5,good deal
5,thank
5,good information thankyou
5,customer service direct contact number email website
1,missing product agent not pickup call
5,thanks
5,return policy inconvenient electronic products
1,poor service
1,poor
5,harsh ji best guiding expert
1,customer service good
5,good talk
5,assurance given hopefully issue resolved soon
4,no
5,good conversation
5,good
5,good behaviour
5,happy
5,thanks
5,nice meet
5,customer executive language good appreciate
5,wishmaster fraudulent without contact cancelled pick request not picked phone anytime
5,helping u2026it nice service
3,please request kindly inform product available not not kindly cancel order spot ease save time really much disappointed product service happened lot time please look upon matter
5,good
5,problem resolved easily
1,every thing poor not satisficed shopzilla write email consumer forum
5,atleast issue may cleared consulting customer resolved without listening actual ground condition time delivery wish master tell us accept delivery call customer support non available item basket keeping mind grocery necessary right may missing item money may refunded wishmaster said not heard support team
4,please learn mistakes dont make mistake
1,quary not resolved executive not update regarding issues
5,happy
5,easy handle problen regard product quality thank u shopzilla
4,nice
5,good job
1,receive cupon code
5,good
5,best
5,shopzilla best
3,creat coordinator team customer seller resolve issues promptly
5,happy
5,product vary bad
5,morning called installation person 8 10 times picked one call rest ignoringif team pick call assign person not available installation per given date regrets ever time purchase products shopzilla
1,bad service customer care executive says something else system updates something else
5,okay
1,hang customers
5,costemer service really nice
5,thank
5,not good sttaf
5,good
5,happy resolve issue
5,thank
4,good still issue not solved
5,happy experience executive
5,awesome spoke
5,happy customer care support easy executive well communicate
5,every thing good
5,nice
5,na
5,good nice
5,please note seller sending proper order
1,delivery boy ka bed behaviour
5,nice customer executive resolveable member shopzilla
5,help ful lit nervous query helps manner
5,hlo
5,good
5,status not updated delivery
4,tq
5,nice response customer care executive
5,good
5,good
4,good communication
5,good
5,nothing changed everything easy going clear solution
1,issue not resolved
5,happy
5,make easier reach costumer support executive
5,talking good
2,zebronics monitor not good quality useless need refund not replacement
1,no solution customer query
5,service centre behaviour communication good
1,delay promised date delivery must pay compensation either money giving additional discount please give value time customer
5,customer care executive nice humble love conversation
5,good response
5,ok
1,useless
5,great work
1,make hassel free return
2,please try make sure product sending customer right
5,behaviour
5,good
1,process fast
1,u
4,good job
5,sure error repeat
5,good
1,people making fool issue
1,product item missing
5,talk customer support
5,nice persongood handling problem
5,fast customer service
5,support executive polite supportive
5,riya genuine polite understood problem tried help way possible nice interacting
5,package time not better care fully package
1,totally disappointed
1,bad service
3,try resolve issues soon possible
1,worst service ever seen life
5,good
5,nice
5,exicutive good helping solve issue
5,bahut bahut dhanyawad sir thanks
5,set
5,delivered boy no time table please time time delivery
5,better customer executive service chat also
5,nice
5,excellent work
3,good
5,good
5,good
5,shafia excellent last experience agent shafia worst able hear acted not audible please provide notification email response delay picking order placed return disappointed service
3,thak
5,swift communicate customer
5,thing good customer support also nice think side everything good let see solve problem not
5,great job agent call
5,shopzilla customer service far better e commerce website always purchase shopzilla kudos guys making shopping easy
5,good
3,adminstration department ok delivery unit people causing deduction goodwill company like threatened behaviour delivery boy
1,u2019t falsely commit delivery date select product plan accordingly also u2019t overload delivery executive much takes parcel deliveries beyond capacity making wait customers without informing hoping customer would get parcel end day later get call delivery executive u2019t deliver due overload parcels
5,v good
5,great execution
5,good
5,please resolve customer u2019s query soon possible
5,bad experience instead superbuy
4,payment received reflected order
4,thank
5,perfect
5,thankyou
5,talk nice
5,good communication
5,thanks
1,worst experience even say plus customer
4,well explained
5,thanks team
5,nice took customer service
5,thanks
5,good
5,brands selling platform genuine provide valid mail address phone number
5,yyy
1,refund hasbeen not credited bank account
4,sake plss change kr dena product use nhi kr ise faltu gya mere liye bhek dungi
5,overall customer service executive able solve problem thanks shopzilla
1,service not good
5,good men
5,service
1,issue not resloved
5,awesome
1,mail not received side although delivery buy pick watch confirming call shopzilla
5,time
5,good
4,hope solve problem soon possible
5,great job ms
5,thank
5,thank solving problem madam
5,v good
5,please improve system update payment related information soon possible sometime mismatch
3,call quality not good voice not clear
5,thanks
5,good
5,good customer support plus member parcel not delivered time thanks
5,happy choosing shopzilla
5,good
5,direct costumer care support number contact
5,supporting ok
5,good
5,happy
1,hold call 30mnt
5,urgent call
1,unhappy shopzilla logistic
5,kindly provide email id website
5,fr
5,good job
5,good customer service
5,good
4,thank shopzilla
5,good
4,call quality
5,good
4,nothing resolved manipulation side
5,good
1,please give access customer executive logistics bad much annoying
5,not satisfied service provided shopzilla order delayed commenting date delivery order product till done yet received products
5,sarvise hepy
5,costomer surves good
5,provide direct costumer support
5,good
1,not good
3,good
5,tnq
4,option replacement
5,issues reaching problem resolving previous orders happy see effort current executive trying resolve issue
5,tocking nice
5,good
5,good
5,team members v good
5,please strict rule field boy
1,good
1,try resolve customer issues not happy service provided
5,thank much shopzilla customer service
5,good person know deal customer thank
5,good behaviour
5,professional customer support executive
5,babsb
5,coustmer hone plz
5,
5,aapse baat karke bahut achcha aise hi sir aap sahayata e rahe
5,thankyou
5,vary vary good service thanks
5,jcjcjf
5,no
1,bad services
1,duplicate product
5,mistake seller mistake mistake customer
5,customer care executive responded well spoke fr 8 20pm good
1,trying connect shopzilla support team 4 days unable connect even though connected today issue technical support
5,really lovely speaking customer care executive listened patiently calmy provided solution best customer care executive till came across shopzilla may soars skies highkudos shopzilla team
1,bad
1,poor interaction executive policies bad items tracked realtime increase customer satisfaction today delivery date item not reached nearest delivery hub
5,really help
5,
5,bahut aache se baat kru
5,solved issue quickly professional thank support
5,good
5,nice
5,awesome
5,poduct specification mentioned website match specification mentioned order email also product delivered
5,product pickup refund fast
5,best customer service
5,good customer support
5,happy
4,thanks
5,please refund policy products please
5,no
5,please improve policy nonreturnable items make customer friendly often sellers send wrong different products makes things difficult us second time faced issue first instance simply discard item complte loss
1,pickup boy must send photo doorstep delivery pickup watched
1,bad poor service shopzilla
5,check product ownership
5,please refund
1,somebody wrong email still contac find original customer
5,kyu ki mera ko bhaut achalagha batt kar keh sir ajeh se ho app liya app ko mere tarse thank much ok please return jaru kar dena bhai ok
5,nice
5,good job
5,smooth talk
5,good
5,thanks mam help thanks shopzilla
5,thank much thank customer care support support
5,nice
1,no
5,satisfied
5,thank u much
5,good
5,good service happy
5,mam good smart thank mam help great day life
5,costomer exicutive talk respective manners solve quairy
1,poor service
1,requested needful action detective delivery floor floor not useable floor worms inside customer support raising return request
5,good gid
4,good
5,good service
5,thanku
1,product not function bad product
5,good
5,took long time reach customer support please appoint people resolve issue faster help us save valuable time people get jobs think
4,ok
4,solve problem immediately
5,tq sir
5,
5,customer service representative good work
5,improve quality delivery
5,good
5,na
2,customer support executive disturbance throughout conversation could barely understand information passed request improve call quality could one voice
1,good costumer
1,delivary sarvice man bad
1,bad facilities
5,best service
1,last 9 days no return order team team
5,thank
1,call transferred seniors 3 rd call disconnected senior raise warning letter name
1,no one help customers sales reasone companie going bad path
5,good
5,awsm person
5,good
5,experience good
1,nice talking
5,nice
5,thank
5,nice thanks
1,dissatisfied ur service
5,good interaction fruitful
5,good
5,good
5,good varry good
1,make promises delivered least assumption delivery happen never make false promises
5,please something refund wrong material pickup date 3 aug not refund not done
5,osm
4,30 min se upar baat huvi hai
4,sir product ordered not product ordered number 6 number 7 color model also changed
5,good luck
5,good communication
5,polite helpful customer executive thank help
5,nice
5,best
5,please make policies flexible
4,xc vd c
4,good manners customer service executive
4,good
5,nice
4,not issue costumer executive issue installation electronic product
5,great service
5,nothing
1,sir please help return oder
5,great experience
2,
5,good
1,good excellent
4,customer care support help soon possible
5,good
5,happy
5,good
5,nice
5,well
5,helpful
5,excellent customer service
4,shoe different image website took request delivery man suggested place return request order return address labeled work go today sunday consulted customer care assured return possible monday not accepting
5,nice
1,bad product not working duplicate product
5,goods
5,customer support agent good supportive thanks kind support
1,good experience
5,gooo
4,happy shopzilla services
5,dealing consultant nice polite helpful
5,shukriya asra g
5,customer representative polite
4,shopzilla inhance improve pic service pickup boy not supporting not understand concern
1,technician scammed twice assigned time take action shopzilla duroflex
5,nothing
5,nothing
5,thanks
3,no
1,10 days simple installation side table done
5,good service
5,really liked way talking helped lot
5,bhot acha raha
5,good job
5,customer care language
5,ensure good quality products sent customer no return policy
2,customer care number provide
5,good
5,happy
1,good
4,reduce issue resolution time
5,good
4,no thanks
1,feedback asked without resolving issue practice wrong first resolve issue
1,bad
4,please try give coustomer details transactions via shopzilla pay later main account
2,pict
1,2 month gone refund not succeed
5,good customer service executive shis helpful understanding person thanks resolve problem thank mam
5,nice talk mr understand conversation thanks give five rating
4,book purchasing type problem not occurred
4,provide penalty amount costumer costumer amount stucked shopzilla mistakes
5,good
1,bad sarvice shopzilla
1,pls slove return problem
4,good
5,great job
5,customer care executive resolved issue thanku please customers r recieving totally different product instead ordered please
1,matiral not proper date delivery verry disappointing services cancel product
5,please provide telugu language also
5,thank sir
5,happy
1,call disconnected executive bother callback considering gravity issue
5,every think good good interaction abhishek
5,no comments
1,call multiple time customer support team senior executive not ready escalate call neither able give proper response said within two hour someone call nobody called pathetic support
1,issue not resolved giving message issue resolved money not refunded worst service
5,thank
5,excellent customer service
5,thanks reslove issu
5,good
5,thank
5,go
3,try give fast delivery time
5,nice customer service response
5,good
5,helpful
5,good
1,send us email resolution
1,kindly accpet return resquest highly disappointing receive different used product
5,everything good
1,item u deliver yesterday broken useing
1,service poor
1,instead helping customers executive trying convince customer replacement defending seller happy customer policy issue not resolved ticket closed asked escalation also avoided
4,way talking extremely good
1,pathetic worst service torturing superbuy best
5,nice
1,reached shopzilla customer support get concern sorted frustrated even dealing executives issue still lingers exasperating representatives provide assurances without actually getting bottom problem
1,handle problem quitely
5,ok
5,good
4,good
5,hi
5,literally nice
1,kindly update delivery true information delivery not received date mantion poor
5,solve problem till tuesday
5,good
1,products customer service ridiculous guys not admitting mis sold product locking horn customer stating check description carefully shopzilla completely useless
5,thanks
5,help either getting order refund nothing else
4,thanku
4,shopzilla trust order want order location
5,nice
5,executive name aashish appreciate love behaviour
5,advisor brilliant customer handling
5,orders must delivered properly adequate quantity
5,fully devoted towards work
4,good
5,friendly acsecutive nice talk u
5,good
1,coustomer care not supported bad experience
1,worst service shopzilla customer executive orally mentioned product delivered 3 days u2019m ticket mentioned 7 days deliver waste customer executive
5,product defective not comfortable please make arrangements purchasing different products refund facilities instead replacing product
5,good customer support
5,ok
5,convenient call back thnk u shopzilla
1,no delivery time every time delaye
5,good
1,lady disconnected call no resolution provided behaviour not good bad experience no ethics idiot person 1st time talking give complain regards lady
5,customer service good
1,poor
5,good service
4,boring hear one thing repeatedly
4,good
5,bahut badhiya
5,no need improve
5,customer care service person kind helpful convenience
1,good
4,nice
5,unable get grocery delivery pincode 584122 past 2 months know issue seller corrier partner ever may want grocery delivery pincode regular customer shopzilla past 5 6 years please take concern hope get resolution early thank
5,return service not flexible
5,connected shopzilla customer service several times regarding delivery lenovo loq laptop no improvement delivery timeline want product earlier date delivery not help request dissatisfied delivery customer service shopzilla next think twice buying anything poor logistic services
1,
5,auto cancel bad
5,madem thanks
5,overall good
3,material return process required delivery process
5,non relavant solutions
5,good
5,vartalap bohut achha huaa par resolve nhi huaa
4,no thanks
5,helpful dear mam thanku
5,thank
5,whenever date finalized delivery date delivery done
1,expecting right solution
4,every thing fine shopzillabut issue reedming something purchased
1,plz try understand customer u2019s concern rather telling details could also see app u2026
5,good
1,support bad
4,easy reach merchant
5,totally satisfied
5,good
5,good conversation executive
1,u2019t slove quarry
5,audit call please
5,give importance customer supports
5,good
4,please inform priorly delivery
5,good service shopzilla customer care not perfect station shopzilla shoping no esily support customer
5,long time got person mr understands problems concern thank much
5,thanks
5,
1,pathetic service
1,poor service
5,delivery agent person obeying improvement needed
5,good
1,worst experience ever shopzilla product perfect home box bed
5,problem not solve shopzilla not properly work customer problem customer responsibility nothing
5,make simple connect customer executive instead long waiting cal
5,support assistant partner polite nd mannerful talking sense
5,taking customer executive really helpful hope clear issue really soon
5,good
5,gud job
1,still dont get realme support service
5,nice support customer care
5,need wait 5min ivr reach customer executive wait time reduced
4,good
1,not helpful employee
5,krne se achha problem gya
5,thank u
5,good
1,received bad quality shopzilla never buy products received third class quality bad skin please return product need anymore
4,good
5,madam patiently listened redressedy issue lot
5,ok
5,nice
3,grocery order issue every order please focus delivered order without time wasting
5,good
5,thanks understanding
5,good
3,response good
5,nice amazing work politely decent like thank helping
5,please try teach pollite behaviour delivery agent
4,mistake blame job well rest shopzilla services pathetic usual no time delivery still waiting delivery seems delayed usual receive today good else cancel 12 00am not ok ignore repeated issue
1,customer care not resolving issue
5,nice work sir
5,good
5,good
2,shopzilla plus member 7 8 years frist time bad experience shopzilla two order booked 8 th august still not delivered bad delivery time bad interaction customer care think stop purchase shopzilla go online site
3,problem emergency resolved
2,shopzilla not supporting warranty product shopzilla
5,good service
1,bad service shopzilla
5,thanks
5,super great customer service mr voice process helpful
5,tooks long time wait call minimise time wait connect customer care executive less time
3,please track delivery partners expecting delivery got call waiting whole evening get sms end delivery could not done
5,good
5,yesterday ordered samsung mobiles cover shown separate orders cancelled one order orders cancelled
5,good customer support thank
5,good
5,thank much shopzilla
4,good
5,item missing
5,talked customer shopzilla explained well problem customer thank shopzilla
4,thank
1,exchange
5,eat healthy think better
1,not happy
5,good
5,good
5,good
4,good
5,
4,ok
4,always tried connecting customer care takes lot time reach pls correct
5,sare customer care member chahiye problem solve kare soo good fantastic girl aap comfortable hoo send mee instagram id friend
5,well
5,nice
1,problem solve hue hi nai ky feedback de
5,thank much solving problem
5,thank
1,issue not resolved
1,not getting solution
5,good
5,good
5,good
5,nice
5,thank u sir
1,worst service
5,hi
5,good
5,good
5,itna wait ap call duration use
5,good customer support team
5,good
5,customer service good impressed return policy na hote hue bhi mere damaged item ko return karaya isliye shopzilla ko meri traf se thank much
1,shopzilla sucks big time bunch idiots
5,thanks try understand problem try solve
2,bluetooth not working products
5,thank
5,good
5,pls help
1,solve problem
5,thanks
1,bed experience
5,issue not resolved yet
5,try deliver right product
5,try deliver correct product
1,bad experience
5,return request automatically cancelled customer service executive assured resolved issue asap behaviour good worried whether issue addressed not please team dont valuable customers
4,baat karne theek hai
1,5 tareekh order 15 tareekh ko milne ka bolte 10 din chutiya banate kuch nahi
1,worst
5,many time observed return product return option not working properly giving error need work
5,service bad
5,better
4,polite help solve query
4,thank
5,amazing experience customer service
5,voice quality bad
5,please maintain customer support like please deliver better products not expired one
5,good service
5,good
5,good
1,worst service
4,good paresan
1,verybad experience
1,bed experience service every time product delivery delay
5,amazing thank shopzilla nice customer service
5,good
5,please resolve problem
5,awesome
5,better
1,shopzilla seller duplicate ghatiya product sale shopzilla customer support team not help provide poor feedback customer support team
5,mujhe accha lga bat kr k sir ne acche se meri bat mujhe shopzilla per bharosa dilaya mai shopzilla ko chhodne k mood tha per ab nahi qki customer support good
5,no
5,good
5,thank
5,thanks shopzilla
5,delivery delay
1,took 5 calls 2 escalations arrange return pickup insane please improve technicians knowledge whatever person done could done technician spoke morning
5,sir meri problem solved karne sir ne meri problem assni se solve kar di
5,v
5,excellent
5,thank resolving problem
1,bad experience shopzilla come cancel exchange team mistake placed sell back option 7th till no one came escalation customer mechanism handle better way
5,baat kafi ache problem bhi solve ki
5,good
5,excellent service done
1,pathetic customer support
1,want return product want refund help please help regarding issue
5,five star thank
5,good
5,nice
5,satisfied
5,nice
5,thanks
5,thanks sar
1,consultant cut call solving query bad experience
5,coustomer executive good behaviour shopzilla frod company
5,nice information full supported
5,good
2,try best discussion
5,much wait not good try flexible
5,thanks shopzilla exicutive solving problem
1,guys worst ing company month u2019t refund money ac prepaid ing suing guys
5,good behaviour
5,great
1,issue not resolved
1,worst service ever seen shopzilla
5,ok
5,take care customer humanistic block accounts
5,product return policy
5,good
5,nyc
5,taking long resolve issue
5,chat facility enhanced like whatsapp
5,good
4,good
5,good talking experience
1,
1,bed
5,nice
5,good
5,good effort executive
3,delivery date
5,good
1,sir mare item direct change
5,gud customer care
4,
1,no thaks
5,thanks
5,love sir
4,good
4,hope refund credit
5,good
5,executive well spoken
1,bad quality damaged product
1,no comments
5,good
5,tq
5,best best one customer
5,everything alright
4,thanks
4,waiting
1,customer care executive suggested cancel existing return pickup request put new return pickup request choosing product received option no brand name suboption still waiting return option enabled 1 whole day wasted
5,good
5,thank
3,not good not supported customer care slow customer
4,sellers fraud sellers
5,no issue
5,thanks
4,order cancelled take much time regund
5,good
5,good
5,cases nobody comes ti pick parcel us offer advance refund within 10 days something like else loose customer
5,good talk resolve issue
4,iam happy whith superb product thank
5,good
1,bad
3,option upload images videos product defect visible site wait wait senior make contact us please give us options chat agents
5,
5,masthai
4,good
1,24 48
5,exchange old phone procedure clear mention app
5,feedback helpful
1,bad experience 1month continue complain not solve issue
5,thanks
5,good
1,refund esssueeeeee
1,bed product
5,good
3,one plus bluetooth
4,kindly felexible policy
5,call facilities
1,shopzilla delivery boy poor experience
5,nice talk
5,good help provide
5,make sure product check twice bwfore customer received open box delivery
5,good
5,lovely
5,thank shopzilla customer care team help customer solve problems
5,good response
1,already raised return request return policy time delivery person not pick return items know u r not returning product getting bad experience shopzilla
4,good work shopzilla
5,bekaar
5,good
1,guys take lot time
5,nice
5,nice talking
5,tq much shopzilla hlepline
1,worst delivery partnera
5,difficult reach customer support
4,happy customer support executive
5,customer support executive good toke resolve query thkue much
5,nice
5,good
5,good conversation
5,excellent work customer care service
5,thank shopzilla
1,useless support
3,mujhe massage kijiye taki text kar main apna kam poora karoon yani mujhe link bhejiye
5,good
4,excellent
5,shopzilla best service provider really like customer service 24hr many many thanks
5,torn boxer
5,good
5,nyc
5,already improved service
1,ordered one set doms water colour tube 12 shades whose original price 349 discount costs 181 price mentioned packet 100 15
1,cheat costumer
5,product not available colour product not available clearly mentioned not available stock not good send product change colour disappointing
4,politely talk
5,please make sure whether open box delivery opened delivery guy instead giving away customer
5,good
1,words express shit put
5,thank
5,ok
4,give installation short time
5,thank
5,good
4,good
5,nice gesture customer executive
5,customer support person addressed concern waiting resolution
5,good
1,called customer care executive talk return policy product recently purchased airpod left side airpod not working delivered initiated return request no response side every executives told escalated problem concern authority resolved problem soon till defective product not yet picked irresponsible people
5,online system good
5,thanks shopzilla remove problems also thanks customer support executive talking nicely helping much
4,good
5,good
5,good interaction abhishek resolved issue polite thankyou shopzilla good customer service
5,best answer problem
1,refund
5,talk great executive humble good talk
5,pls change status delivery actually delivery delivery agents make delivery morning always takes evening deliver make sure sm1 available receive product cancel small plans pls change status actually delivery
5,good
5,happy
5,bohot acha
1,shopzilla pay later ka emi mana timely jama kar diye tha tabhi bhi mera late payment show kar raha hai credit score kam kar diya hai
4,no
5,customers genuine plz takecare product related issues
5,ok
5,request related product kindly arrange product delivered customers ordered wasted time customers
5,good
5,good
1,worst customer care service shopzilla customer care executives making fool customers not resolving problem
5,thank
5,good
5,plz shortout consent soon possible
5,standing support help hassle free manner
5,no
1,please look unawareness type executive directly mute calls
5,company customer care support excellent
5,one item pickup issue issue shopzilla otherwise nothing
5,customer care exclusive polite fast understand query resolved thanks guys
5,style speaking good
5,please work policies make bit flexier
5,good
4,good work
2,delivery person not good not delivered time plz improve category
5,good
5,1st time reaching customer service awesome good conversation thank
4,good
5,good service
5,nice
5,good
1,please request returns order not replace
5,good product
5,get return replacement options devices
5,beautiful
5,good
1,please burglary customers stop selling fake defective products
5,ok thanks
2,want money back
5,nice
5,executive polite understanding help understand step b followed next product buying helped lot explained detail help better understand rate executive 10 10 helpful 闁肩儤甯 崺妞
5,good
5,thanks reply
1,everything good problem not solved
5,happy
1,deliver time
5,good
5,acha laga baat ke nice customer care thanks
1,return replacement policy needto refurbished
3,product delivered shopzilla pathetic
5,nice
5,good
5,big
5,try provide instant installation
5,goooog
5,return policy deadline 30 days instead 7 days
2,bad experience
5,order not delayed case constant information provided customer
5,problem bis not solved completely escalated investigate team giving feedback consultent spoken raised escalted investigation
5,v good
5,keep
5,good service
5,thanx
5,good advice
5,cooperative helpfull gentle employee solve problem thankyou
5,excellent
5,please shortout consent soon possible
5,best
5,good costumers support
5,nothing
5,good job
5,improve shopzilla delivery servive
5,complain must taken seriously
5,please help resolve issue exchanging delivered crocs 12 size ordered 11 size ordered holiday beach destination wrong order saddened experience manage slippers absence prompt resolution
5,everything good rate speech good
5,know deal problem
5,orderrelated regulation offers known delivery boy also
5,excellent
5,good
4,good
1,worest experience
5,excellent honoured talk fantastic work
3,make sure deliver exact product ordered customer otherwise disappointed like lost 530 rupees disgusting app made loose trust app please kind stuff otherwise loose customers
5,nice
5,shopzilla customer care service excellent
5,good person
5,working complaint last 8 days
5,service good
5,thank shopzilla customer care executive nice girl resolved problem
5,good
5,improvement required shipment process case cancelled replacement 4 days
5,thank
5,thanks
4,everyone time metter
5,improve issue section orders provide option connect customer care via call directly instead via automated assistant
5,good caustumer service
5,nice
5,thank
4,good job
5,nice
5,understanding executive cooperative
5,nice
5,excellent service
1,bad
1,shopzilla seller warranty service bad
5,good
5,good response customer support
5,good service side
5,invoice problem
5,excellent service
5,nice
1,good
5,thanks shopzilla policies best supported companies delivered wrong product please insure delivered good quality products
5,customer executive polite helpful person understand isssue solve short time happy kindness supportive mindset thank
5,overall service good
1,not trying understand issue speaking rudely
5,excellent customer care service
5,good service
5,please mera product jaldi deliver kigiye
1,bad seller services please remove type seller app
5,good
1,bahut kharab baat hai tumhara kharab product bhejta hai aur wapas karne kiya hota hai
4,order not get delivered without otp
5,make good delivery
5,love
4,redu time resolve coustomer issue take problems seriously refund increase date given 1st time refund want refund till 18 august
5,good behaviour support assistant good
5,good
5,option direct talk customer executive
5,thing good
5,well
5,problem solve kiye wo bohot achi hain unke sallery increase kar shopzilla walo please hi chaye tum logo ko
5,good cumunication
5,please start free customer support without order cause many times faced problem contact customer support ordered shopzilla connect call customer service otherwise customer service not available customer not contacted customer care service center please improve
5,happy services shopzilla
5,superb
1,issue not resolved
1,worste
5,no
1,bhot hi poor kism ka item bhejto ho
4,no
5,customer care talking politely
3,bd experience shopzilla
3,email sms notification need enable use internet booking well
5,good coustomer service
5,naic
3,not good
5,pl stop automatic chat
1,problem not solved long time shopzilla coy
5,bbb
5,ok
1,bad experience shopzilla
5,improve call quality
5,happy shopzilla service
5,nice person
5,good
5,product delayed update says package pune pune not delivered city
5,gd
5,good
1,poor
5,great great thanks customer executive
5,amazing
5,ok good customer service
3,problem solved quickly
1,not provided response yet complaint increasing time resolution
4,improve delivery tracking system
4,wrong package delivered one bottle missing
1,disappointed product poor quality product wrong product no return policy
5,nice
5,good
5,good wiheviyr
5,excellent
5,person tolking ery good
5,good
5,good person help us nice thanx
5,good person
5,cordial informative
1,association disconnected call chat no call back request made post disconnection
5,confident helpful
5,gud
5,tnq ur support services
5,customer service awesome
5,not resloved
5,good
1,problem item not getting picked wishmaster called confirmed address told come 15 mins never show return request got cancelled say hear customer services not important wishmasters wishes welldone shopzilla
5,thank
1,purchase goods no one give warranty service
5,nice conversation
4,interaction excellent everytime explain issues beginning everyone wasting lot time
5,thank help mam
5,hyu
1,shopzillas services bad says something else something different
5,nyc
5,well
5,good
5,good speaker
1,no help
1,item not delivered
5,thank shopzilla customer support executive
1,customer service bad
5,conversation adequate communication skills
5,let product come
5,outstanding customer support
3,make delivery team responsiable
5,great
1,time se mera delivery nahinhua postpon hota kya
4,good
5,services regarding return policy absolutely mark no meed modify anything else
1,no helpful actually need today order asking fixed time really bad us liked shopzilla service
2,return policy bad
5,please take care customers seems shopzilla care sellers not bother keep eye wrong deliveries fraudulent
2,no
5,10
4,nice
1,worst app
1,reached regarding return product however despite making executive understand issue need escalating executive killed time call made no real effort connect call supervisor kept asking callback ask availability supervisor return rejected number times without valid reason also uploaded image tags product need one call back assist working night shift not afford connect executives every time loyal customer long get return not good experience not suggest anyone shop online shopzilla return policy difficult
1,fake
5,thanks shopzilla
4,good enough
5,policies not transparent especially case return policy hassles customer return thanks
5,please keep good delivery boy area manager reach product time receive customers call response
5,please fast delivery
1,superbuy far better delivering things
1,issue not reachable rifund please rifund
5,good survice
5,please send plants good condition
5,help best nothing improve
1,poor services irregularity product quality
5,good
4,improve delivery e avoid damaged products delivery becoming quite common nowadays
5,excellent person
3,share pin product
5,nice call
5,thank
5,ok
5,good
5,waiting product delivery
5,good
5,happy customercear sarvisi
1,problem not resolve
5,nice
5,good effort executive
5,thanks customer support executive good support make trouble ease
3,still issue not resolved iprove resolution time cleint not wait 4 5 days resolution
1,bad service
1,bad delevry time
5,check seller sending original product not
5,nice way talking
5,awesome
5,ok size
4,nice
5,no complaints executive nice polite policy worst called twice already product not delivered 15days no one called regarding delivery contacted people saying denied order seriously want cancel would pay tried cancel order not letting cancel order better deliver order cancel order full refund
4,tnx
5,best
4,kafi
5,no option contact executive talks please hire employees speaks customers express grievances clearly
5,good
5,good work
5,nazir hussain
4,nice
4,good
4,good support excecutive
5,okay
1,need get service priority basis per request
5,executive good
5,good take
5,regular customer shopzilla plz ensure every issue regarding order handled within 24 hour 72 hours long
5,good
1,return fee not shown product area
1,leat delivery
5,bahut achha
1,delivery boy backwash h shopzilla ke not happy love superbuy hat shopzilla
5,
5,process cancellation refund item ordered highly unreliable acceptance return cancelled cancellation refund request without intimation consumes time creative unfair atmosphere
5,keep
5,customer support good thank much
5,andarstand problem one call solve problem one call excellent good service like
5,good customer support
5,badiya bat kiya sar ji ne
5,great job
5,
5,nice well spoken
5,nice operator
5,sarthak quite helpful answering queries shopzilla take responsibility product deliveries no point selling products not deliver time
1,disconnected call
5,thank much
1,improve everything related customer
5,keep service best
4,many time delivered product got issue within 2 3 months manufacturing defects selecting product website first confirm product manufacturing
5,awesome
5,no
5,well done team shopzilla tnx support hope issue would resolved
5,nice response
5,provide genuine good quality items shopzilla
4,net speach high
5,nice
4,customer care immediately reaching
5,varigood
5,good service
5,thank guidance
1,haunted experience
5,ce nice easy understand
1,not supportive
5,good performance
5,good behavior
5,good nice problem solve
1,veruy bad response
5,good
5,nice behave
5,excellent job
5,agent really polite big appreciation customer handling communication
5,replacement happening 20 days worst
3,please resolve issues immediately soon possible
5,shopzilla need improve delivery service contact customer support report missing items delivery third time row last three orders got atleast one item missing truly not professional time ordered three 5kg atta executive attempted delivery 1 5kg atta instead 3
5,excellent
5,thank u shopzilla
5,cute give promotion
5,good
4,thank hota hai
1,would like inform service poor disappointing not suggesting one go buy product shopzilla facing issue related grocery product since one month still product not delivered amount stucked bad experiences either resolve issue immediate basis otherwise raise complain
1,poor service may call disconnect acceleration dex not agent
5,app keeps showing refund cancelled show proper status
5,excellent
1,issue connection 30 min using automaticly turn 10 15 sec turn issue phasing laptop also told executive know type case process knowledge
5,customer service representative gave good response gratitude shopzilla prompt response
5,nice
1,facing worst experience guys it闁肩儤甯 崺妞ゆ垼妫勬俊绌 4 days not able receive ordered item till no solution guys
1,
5,language customer support
5,best experience
5,satisfied
5,good service
4,thanks
5,speaking good
5,customer executive polite humble understand problem
1,not good
5,good work
1,bad service
5,bahut achcha say baat ki
5,thanks supporting n easily understand problems solution
5,
5,help properly
5,good taking shopzilla jo ki return phone lene nahi aya abhi 5 clock evening
5,firstly refund take order costomerbecause one payment get 2 months also
4,thank solve problem
5,delivery time seems team reduce comparison superbuy
5,nice
1,last 3 days parsel showing location thai god good delivery system
5,resolve problem earlier
5,nice
5,tq sar ji
5,please return products
5,good
5,good
5,bahut achha
5,nice service
5,got help call
5,good
5,coupon system didnot work properly
5,shopzilla product nd shopzilla service good
5,gud service customer
5,product received expired near expired not proper
5,good
5,luv shopzilla
5,thanks
5,feedback acha raha
4,good
1,2 31e 11
5,best
5,customer support good
5,good
5,not resolve complaint
4,delivery boy rejected without pickup item
1,sound problem
5,fake products increasing platform give powers customer support
5,im happy
5,want direct call customer care
5,solve issuethank customer support executive
5,thankas
5,wishmaster contact shall visible
1,madam se baat kar kar bahut achcha mere ko
5,kindly select genuine seller shopzilla
1,always not solve problem time delivery slow poor
5,good
4,actually experience good promised provided coupan delay delivery said cancel order got coupan 500 not received yet
5,ok
1,no one contacted us back accounts team fake promise made associate
5,great job
5,no
1,need add missing item option delivery helpful customer
1,not support team
5,good service
1,please solve issue otherwise cancel orders not order shopzilla anymore thank
5,good
5,regular customer shopzilla facing much problem purchase like manufacturing date problems etc try solve problem faced customer way faster customers placing order trust shopzilla
1,bad service
5,supporting person
1,time ordering clearly mentioned 10 days return receiving wanted return option not showing doglapan
4,good
5,thanks
4,thank mam
5,no
1,worst
5,customer service good
5,good job
5,something missing shopzilla
5,thank shopzilla csa superbuy csa
1,good nothing
4,okk
5,thank coustomer care executive
5,happy customer service
4,thanks shopzilla
5,please resolve problem soon possible
4,good
5,good
1,shopzilla seller fraud customer ordered wildcraft raincoat received wildcraft bag inside package time loss request shopzilla taking strongly action seller
1,sir order 4 men brief ka tha isme 2 pice hi nikhle hai kya ye frauds krne ap log bethe h ya apke support se ho raha hai ye sb
5,good
1,feedback improvement not reminder mistake
1,burden customers remember superbuy
5,good
5,good helpfull
1,please improve delivery service placing order demand customer like come collect product warehouse instead order location
1,consultant said one thing result far different promised irritating customer service speaking times every time contact customer support would getting useless answers
5,good
5,good
1,waste fellow
1,weak low poor slow services
5,ensure
5,nice work
5,nice guy supportive person
5,better gud
5,much helpfull information got
1,mera issue 2 months se solve nahi ho raha maine 20 bar call kiya koi help karne nahi apki sarvice speed post se bhi fast hai product dilever karne aur clamp karne ke liya sorry shopping shopzilla
5,good behaviour
1,order yet not delivered past 1 week
1,good parsan
1,bed
2,quality bad
5,need products mentioned specifications correct quantity order product name
5,good communication also helpful
5,best
5,good
5,good
5,jabardast customer solutions
5,good costumer service
5,nice
5,reason product return missing product option not available reason product return
5,kindly improve delivery
1,
1,improve delivery services
5,good sir
5,nothing good
1,trimmer not proper work send delivery time call return replace item customer care sent authorised service centre presently service centre 110 km not use time bad
1,bad sarvice
5,truly helpful
5,good
5,happy slovey problem
5,good
5,thanks
4,problem still resolved get refund calls communicate futile
5,bahat acha 5 rating
5,thank much
5,thr customer support executive addressed queries effective manner
5,thanks
1,worst service shopzilla
5,support system
5,thank much
5,take struct action hub incharges wishmasters committing criminal activities customers
5,good service
5,good
5,good consultant
5,thanku
5,good
5,every thing good customer support
5,supporting return problem thnkeww
5,please ensure sellers product qualities block seller giving low quality products like one
5,nyc talk network voice blurr issue
1,pay latter unlock please
5,thank much
1,help
1,not proper method solve us query vert disappointed
5,good
5,good service shopzilla
5,ok
5,customer support executive really helpful information really understand problem improvement connection call time call back support shopzilla
1,shopzilla cheated goods delivered 11 31 pm never seen company time not worth anything complain solution not done immediately
1,bad service
1,cancellation done side reinstated return request not expected track order updates everyday
1,executives stupid hell
5,good
5,problem order call customer care problem solved within 24 hr thank
5,good reason
5,thanks resolving issue
5,nice service customer support
5,please cross check delivering
5,good
5,good
1,uninstall shopzilla
3,time lot disappointment shopping shopzilla ordered laptop not turning totally damaged laptop shipped open box delivery delivery person brought took back said money refunded
5,everything good no issue
1,customer service not resolve not problem
5,gd person gd talk
5,observed issues exchange product like months back ordered gloves due small size exchange large size got right size product gloves damaged exchanged product damaged even exchange received damaged product may check previous order history proof attached photos damaged product point exchanged two times every time received damaged product think totally wasting time customer somehow decreases trust towards shopzilla image recently order track pant due size issue exchange one small size exchange got right perfect size time colour different order shows option refund showing 50rs deducted refund no exchange option per opinion shopzilla shoud improve atfer exchange service exchange experience kee
5,customer service solve solution
5,good customer support
5,nice talking
5,good
5,ek number miss
5,happy shopzilla
5,good services
5,thanks
5,experience explain problem thank much
5,good
5,good
5,good service executive
5,good
5,good
5,good
3,agent understood query maybe thats policies not clear
5,not yet
5,good
5,happy friendly solve concern
5,thik hai bhai achha se baat kiya
5,ok
5,good
4,nice
4,refund must provided immediately cancellation order takes much time reflect account
1,meaning less discussion customer service representative problem not solved
5,thank
5,good communication
1,bad website
1,worst experience cut call call
3,thanks shopzilla
4,led tv liya tha jo ki 2 3months se pda hain mere koi help nhi ki side not led tv remote im not switch tv tv android
5,stop fraud us
1,delevery late
1,guys worst not worth talk service worlds third class poorest shameless brand
5,no
5,professional wonderful way talking impressive least words solved problems gave right advice also assured no need worry really liked impressed words wonderful experience
5,customer support excellent service
4,great communication shopzilla service really genuine towards work hope best
5,
5,good
5,plz try fast delivery
5,no
1,yes
5,agent good way talking good professionally talking guys communication also good way understanding customer also good thank
4,good
5,nice
4,try make information easily available appdelivery time long delivery products soon possible
5,nice good
5,shopzilla good shoping aap coustomer care helpful
5,thank
5,5
5,good
5,please send time delevary
5,good
5,executive behaviour really great
1,junior executive polite senior executive rude unhelpful giving false misleading information giving fake details behaving rude things per opinion executives immediately fired workplaces disappointed service provided shopzilla extremely unsatisfied leading take legal action shopzilla
5,good service
5,good customer service
5,good support
5,osm
1,ground delivery staff needs lots improvement behaviour unprofessional
5,support krte ho
1,shopzilla mother ing bullshit solve customers issue right sell things
5,nice
4,nice
5,easily understand
5,price drop hone ke bad return karange acha hota
1,selling fake products given fake information 6 months warranty mentioned selling products executive said not warranty product
5,said earlier second complaint raised issue make resolve immediately
1,required proper customer support
5,excellent
5,excellent
5,lot background noise sometimes becomes difficult understand
1,issue explained one customer support need repeated time new executive frustrating
5,happy talk mam thankful resolving issues thanks
1,system not properly
5,good talk
5,good
5,cute
4,please try deliver time
5,nice
5,ankit helpful understanding solving issue pending long
5,behaviour good
4,good shopping app
5,call talk happy solve problem
5,please add missing items botton options shopzilla grocery orders
1,disappointed shopzilla customer support
1,return cancel
1,bad
5,good communication
5,na
5,kafi acche guide kiya acche helpline person hai yah mere ko
1,poor support given shopzilla services never shop site u dint resolve problem getting problem
5,thank support
5,h
5,please put options refund well exchange clothing products
5,good service
5,observing two times order booking payment debited account showing error payment pending every order booking discuss customer care executive executive told technical issues portal shopzilla requesting kindly resolve technical problem end earliest next time book product not repeat issue thank swift response customer care executives every time
5,nice
5,good
5,good
5,good customer support behaviour
1,worst experience shopzilla
5,check ur seller partners courier pack sending customers get thing n quantity u show site
5,good job
5,thank much
1,refund related issues not solved science 40 days
1,shopzilla bouther customer complaint
5,dilevery time fast
5,good service
5,supportive
1,issue not resolved
5,bring back email address call took 13 minutes email would taken 30 seconds going prioritise superbuy near future orders merely lack reachability customer service
5,thanks
5,customer service viry good helpfull thanks shopzilla team
5,thanks solving problem
5,good supportive behaviour
1,matter resolve nahi e aap log
1,bed saravish
5,bahut achha hai problem not solve
5,thank shopzilla support team
5,thanks
5,good
1,plz deliver product two product missing
3,issue not resolved
5,nice
5,no thanks
5,support given miss good polite ready answer questions without hesitation customer service no doubt fantastic would like bring notice lack communication part non deliverables items would much appreciated got mail regarding regards
5,nice day
1,zero ownership executives no information previous complaints also trying misguide asking contact service desk aarange replacement refund immediately undergoing traumatic experience purchasing shopzilla repeat mistake anymore
5,superb interaction executive
5,good
1,fired type worker
5,nije call
5,good voice
4,good issue please return
5,thank
3,happy
5,customer support executive solved problem thank give sir 10 10 stars
5,please change time period refund amount
5,thank
1,pathetic customer support no one helpful towards customer
5,customer care executive good shopzilla service pathetic
2,issue resolve
1,no positive response among orders
5,good
5,no proper feedback customer support
5,supportive exicutive good customer service also good connected till using app 2016
5,good
5,plus members k liye offer chhaiye
1,worste service ever
5,nice
5,good
5,good experience customer support awesome thank
5,bole hai sir 17 tak problem solve ok
5,good solving issues satisfied customer care
5,everything ok
5,nothingneed invoice warranty copy
5,goog
5,happy
5,wrong items delivered
5,thank help
5,nice
5,good
1,worst customer service
1,pathetic service
1,call cut gyi
5,try solve logistics issues second time order getting issues
4,try arrange language availablity interact customers
5,good customer support experience whole life thanks
5,thanks talking issues
5,solve problem soon possible
4,customer support services affective helpful
5,good support
5,good
5,best service
1,pathetic service
5,ok
5,good
5,good customer service
5,good
5,ok
5,nyc
5,customer care executive good listened query properly assured solving helped speaking skill manner good please say thanks side promote shopzilla
5,na
1,people ers mother ers month ers not resolving issue assholes disconnect calls people liars shits mother still shame left kindly take geyser return money bloody rascals
5,nothing
1,fake
1,poor services
4,ok
3,refund
4,damage got get refund no return policy please make products return policy availability atleast 2 days time not return policy
5,please give call back customer return request cancelling shopzilla team side explain details return cancellation thank
5,please reduce time take action regarding concern make easy connect customer support many attempt got call support
5,thank clearing doubt today
1,understand problem not take request complaint return order infinix hot 30 5g
5,please arrange time delivery product not good customer
4,good
1,received someone used order pathetic
5,thank much
5,thank much
5,
5,good man
4,call requested please imediately
4,thank
5,good
5,dispatch size colour quality item shoyld b done
1,care executive not help not create return even got dead item
1,good
1,poor
5,na
1,order tracking not showing updates
5,tried solve problem
5,good job
4,lose customer confidence
1,worst customer service
1,issue not resolved
5,happy
1,know shopzilla executive working 5th august unable resolve pay later issue
1,commitment not achieve shopzilla
1,services getting worse every passing day specially logistics services pathetic bother even respond customers call never share update delivery delay customer needs put effort reach customer service team deal dum people understand anything keep repeating lines improve services really want work service team listen last call
5,good
5,customer support good solve purchase products issues
5,make easier contact person ai not solve queries give option contact person ai let customer choose one choose kindly look may improve customer service greater extent
5,good conversationreally tike communicationthanks
5,nice
5,good experience
5,thank u mam
5,behaviour bahut achaa lga
1,make sure products orginal delivering customers please change policies return refund difficult customers time cusuming process
5,good mam
5,good
3,good
5,thanks
5,customer care service person well person easily resolve problem thanks
5,iam happy good customer care support
4,helpful customer service
1,binding term condition solely shopzilla deserve sop every seller attached end sometime getting harrassed different policies different sellers need assessed meticulously
4,good
5,thank costomer care
5,shopzilla sure offer offering like concern spotify premium
4,delivery system not good please improve
5,good
5,good
5,super
5,good experience
5,thank
1,issue solve hi woukd rate 5 star
1,not give review till problem resolved 3 days
1,good costumer service get shopzilla
1,bigger shopzilla thank
5,ok
5,fault shopzilla not agent
4,awesome
5,thanks
5,good
5,mail account no
5,gud work
5,thank mam suport ke liye
5,thank sir sir service good
5,reduce time solve issue
4,nill
5,good work
5,
1,ordered product two times beacause delay yr side everytime it闁肩儤甯 崺妞ゆ垼妫勬俊绌 rescheduled yr side end cancelled order yr side commenting refused take product door step tried contact 6 customer care executive issue shared tehm didn闁肩儤甯 崺妞ゆ垼妫勬俊绌 resolved issue without permission cut call teo times one name calling senior taled yesterday 13 th aug 2 clock another name cut call don闁肩儤甯 崺妞ゆ垼妫勬俊绌 remember name almost talked 3 hrs still didn闁肩儤甯 崺妞ゆ垼妫勬俊绌 resolved today talk almost 1 half hour still didn闁肩儤甯 崺妞ゆ垼妫勬俊绌 solved issue
5,good
1,please place order amount deducted order not placed yet no response shopzilla team
5,good service
1,query not resolved customer care disconnected call kindly resolve query asap
5,nice
5,thanks cosmar care
5,thank ji
1,expecting loot offer shopzilla feeling looted shopzilla bad frustrating experience time
5,nice
1,problem still pending return window 10 days gets shall not held responsible
5,nice talk
5,solve
5,love miss lots
5,good services
1,worst customer service
5,please promote customer care executive good potential capabilities
1,support customer solve issues
5,helpfull
3,mail carry details raised queryfor eg not received part delivery mail showing return request generated not not mentioning missing query
1,unhappy oder
5,plz always supporting costomer
5,kindly make customer support flexible convenient return policy extended effective thanks team shopzilla
5,
5,good
5,thank much
4,issue not yet resolved request cancel order mattress still it闁肩儤甯 崺妞ゆ垼妫勬俊绌 not cancelled unlike mentioned executive
4,order woo deke jao pehle
4,nice
3,nice
5,thanks
5,good support
5,good
1,want return product
5,thanks support
1,not resolved complement inssue
1,dont answers put hold cut call no call back received
4,good
5,good customer support team
5,thanks
5,good
5,ok
1,not properly tracking available delay order no reason properly tocking service not proper time time no delivery
2,issues phone forwarded customer care
5,good agent
5,thank much
3,mobile not working internet call not going voice clearly
5,many thanks customer care mam helped solve problem
1,haven闁肩儤甯 崺妞ゆ垼妫勬俊绌 got texts details company still
5,good
2,maximum customer care executives follows protocol not able solve exact problems customer
5,advice e time maners delivery
3,try solve issue far possible
5,issue not resolved
1,
5,good
5,executive humble
5,good
1,bad
1,call disconnected discussion receive call
5,good
1,not good
5,thanks shopzilla sarvice
5,thought havelost amount itna shopzilla pe trust thoda tha ki help krenge
5,nice bahaviar customer support executive
4,satisfied
5,nice
5,happy
5,tx
4,good job
5,need improve call audio unable hear customer service voice clearly
5,nice
1,become really frustating asked upload images return 4th time without reason apart saying images could not validated provided images best possible quality required format covering details requested quality service really sad say not using platform nor advice anyone close use quoting exact scenario images one last time though know still rejected without giving valid reason apart could not validated guys not intend return product also status saying product opened time delivery incorrect courier person delivered product brown sealed outer box opened afterwards camera installed gate video proof validate shared provide another medium not attached also opened time delivery please ask courier person show image proof sure mandate take transferring product not provide product delivered sealed box case ordering 1500 rupees product ever confidence ordering higher value product platform not want write harsh feedback compelled making go many calls explain thing atleast 6 7 people sending details platforms like superbuy tata clique way better regard
2,ok
5,good
5,thank shopzilla
5,nice
5,customer agents permissions view product location
1,calls get disconnected frequently think executives drop call dont answers shopzilla policies extremely pathetic not customer friendly beed learn lot superbuye wont make mistake buying shopzilla extreeeeeeeemly poor service customer orientation
5,good behaviour
4,watch display no show
4,wanted cancel order infotmed order not booked
1,staff speak however even 1 month issue not resolved nor refund made bad shopzilla
5,improve system felt bad exprience
1,shopzilla support team like robot understand human values
5,really like shopzilla product please make happy best quality products
5,make return replace policy mandatory sellers otherwise shipped product want sell not buyer ordered
5,good employee
5,thanks
5,job nice
1,no sultan problem
5,good
5,good
1,want return product customer executive told not possible product not necessary product till happened product plz resolved problem
5,best
1,happy
5,customer support good keep
5,waiting getting approval replacement request bad pathetic
1,seriously pathetic experience ever using shopzilla shopzilla app bugging im paying price seriously rude selfish behaviour really disappointed
1,bad experience
5,good
5,best luck brother r good men bro
5,backup team always delays
5,everything good please make sure products deliver customers okk
4,shopzilla losing trust public
4,non returnable products ordered knowing returnable please deliver order ordered gray color printed vest received plain black color vest totally different handle
5,5
5,good feedback sir
5,thanks sir
5,good job
5,thanks support
1,poor customer servicethey helpknowingly disconnect call
4,bengali language available may better
1,sure product delivery date
5,way talk good feel like problem solve soon
1,customers support like robot
5,please add return policy every product please maintain quality products trusting shopzilla long time
5,thank
4,thank
5,customers care service helpful
4,unprofessional delivery experience
5,ask supplier give customers ordered products rather give products per wish
5,custome excu good
1,worst customer service center frequent disconnecting callwasted 15 days one issue no manner talk no resolution
5,officers good talk resolved problem
5,great executive supporter
5,good
5,good support
5,good
5,thank
1,thanks
1,delivery boy hai hai
1,ugggu
4,no
5,ok
5,thank jii
5,good
5,nice
5,please make fast reach customer support
5,madam ne mera problem solve kar diya hai thanks madam
5,customer support good way talk interactive
5,ok
4,good
1,puka
5,customer care supportive
5,good
4,no
5,make policy faxible
5,kindly talk seller regarding improve quality product also tell assure right perfect items customer
1,pls look issues properly address relevant solution
4,customer care number website reach complaints query
5,na
5,good talk
5,no suggestion look awesome terms reaching quick assistance
5,customer care executive mature caring
5,good customer care executive problem resolved like company executives skills understanding good valuable guidlines understanding fully properly happy independence day shopzilla membership specialy company owner
5,delivery products
1,worst service ever seen entire life entire career worked e commerce support team know tat policies agent word paawan took 12 minutes understand concern u guys resolve anything tell directly waste time putting hold wasting customers time asked connect escalation team also not giving fake excuses technical issue u guys really humanity courtesy help customers worst e commerce support honest going escalate social media well make sure tag u guys
4,pls confirmation exchange products
5,thank
5,good
1,poor support senior teams
5,provide direct coustmer call
5,good talking experience ur customers care
5,shopzilla company good
5,behavior nice
1,extremely bad experience闁肩儤甯 崺妞 never order fruits veggies dal spices shopzilla 闁肩儤甯 崺妞ゆ垶绻嶅ú鏄絩st quality
5,thank
5,thanks
5,good
5,ok
5,sab thik par customer ke perspective se bhi dekh ke policy rakho seller
1,continuously raising complaints shopzilla regaridng issue not solved return item get pickedup 7th august today 14th august still no resolution
5,service good
5,good
5,good person good behavior
5,gud work keep
5,thanks shopzilla
5,good
5,good toking
5,nice
1,getting order delay no proper information
1,shopzilla not provide god service
5,order missing part want part delivered received option return packet lodge complaint compensation assisting person supportive patient
1,problem not solved
1,problam not solve
4,good
5,queries answered properly customer executive far best experience shopzilla customer agent great helping problem super polite well amazing communicationwish well whatever
1,good work
5,nice
5,great
5,customer service 1no
2,buying electronics plz provide demo installation please regret customer choosing shopzilla even choose superbuy good prices spending 14k printer saying no installation disgusting offer service shopzilla especially buying independence sale
5,thank shopzilla
4,thank shopzilla customer service
1,shopzilla logistics madinaguda hyderbad writting false statement undelivery without contacting also without receiving phone
5,good
5,ploite
5,good
4,thanks
5,nice talking
3,thank
4,satishfied
1,query not yet resolved call excutive told raised request never raised ticket shared totally wasted time call shopzilla support team
5,good
1,
1,please add malayalam language also
5,every thing good time u late
1,customer service good
5,delivery service 3rd class
5,q contact
5,best
5,good behavior
3,issue not resolved ordered something shopzilla anything comesup shopzilla take care instead telling contact bank not good
1,ing shit support pwople giving
5,5 star shopzilla
5,issue addressed mr no time really happy shopzilla wonderful professional team customer executive quick responding listened properly query resolved issue way suppose thank u best
5,worst service shopzilla
5,nice
5,already best
5,impress caustomer care promise expected delivery no response one request please expected delivery date delivery please
5,great job
5,good communication service
5,customer exicutive good satisfied answers
1,delivery experience bad
5,good experience shopzilla
5,good customer service problem slove quickly
5,good
5,overall good
5,thanks solve issue
5,no problem agent really good
5,customer executive good job
1,bad experience
5,thank shopzilla customer care agent mr shivparasant sir thank much happy shopzilla customer care good help thanks shopzilla customer team
5,excellent
5,online complain rease option not available
5,good
5,good
5,large products keep word home delivery it闁肩儤甯 崺妞ゆ垼妫勬俊绌 disappointing shopzilla guys not delivering products time intact no information also quite irritating not expected end
5,good
5,please provide exchange detail website mentioning return option web site exchange replace need call customer executive
5,need info products app website
5,thanks
5,products return policys many customer problem solved time not west
4,spoke executive explained well sorry remember name name start something sorry inconvenience solved problems spoke politely keep going
5,product diffected side least return policy gives 15 days return defected product
5,gud
1,extremely bad experience quality ur products
4,fast reply
5,one request please kindly solved shopzilla pay latter issueit takes 3 4 monththank
5,thanks
5,product delivered right product customer trustfull company
5,good
5,thanks polite behaviour
5,please provide product given description example description given pipe material steel metal actually plsstic
5,shopzilla brand not add fake brand online app
4,good appp
4,good
5,nice coustomer support
4,please solve issue replacement buy new shoes refund
4,fastest delivered products important
4,good
5,thankyou much mam
5,good
5,please refund getting returned product
5,nice
2,problem not short
2,need help
5,thanks
1,ok
4,hope trustable shop shopzilla
1,executive don闁肩儤甯 崺妞ゆ垼妫勬俊绌 know resolve issues
1,bad experience
4,customer executive talk good happy resolve issue
5,er
5,good communication
5,ok thank
5,shopzilla support guy deserves salary raise keep good work
5,nice voice gud communication skilss
1,stop shopping shopzilla
5,customer care representative polite addressed query well must option available application raise concerns
5,shopzilla always support customer proud family member shopzilla thanks shopzilla
5,good job
2,waiting time resolve issue
1,change policy better understanding call
5,awesome
5,nice girl voice sweet
5,best conversation
5,good
5,everything okay i闁肩儤甯 崺妞ゆ垼妫勬俊绌 fully satisfied customer executive
3,bad experience already one month ago problem not solve
1,disgusting customers support team time pass trying return incomplete order past one half month not listening problem
5,customer care awesome customer required type
5,hope deliver order today
5,good
5,try provide good service consistently
1,make trust foolish things like disappointed shopzilla
5,want issue solved thank
5,give correct product specifications item clearly
5,thank resolving issue happy shopzilla able resolved customers issue
1,sorry invite ur attention dispute three time replacement created right consignment not received habe booked said item 500 ml liew 250 ml repeatedly sending could not understand happening
5,good service
5,good nice
5,thank
5,talking executive buzzing sound makes comunication bit harder please take care issue
5,good
1,taking much time resolve issue
1,senior desk not able support anymore asked wait 24 hours giving reply daily 3rd july 13 august
1,future
5,
1,defective product delivery hurrasing customar
5,improve quality check system products delivered
5,happy
5,pickup delivery address changeable
5,nyc
5,good service
5,customer executive assistant feedback go
5,customer excutive service best
5,skills
5,helpful
4,consultant not reach enough knowledge
5,no
5,u taking much time refund
5,
5,good
5,ok
5,well behave team member
1,product delivery showing 9 00 pm it闁肩儤甯 崺妞ゆ垼妫勬俊绌 10 30 pm product not delivered闁肩儤甯 崺妞 called customer care said day not finished not help cal 12 00 date changes raise concern said闁肩儤甯 崺妞 ordered 1 week ago not delivered promised time shopzilla闁肩儤甯 崺妞 days many online sites delivering within 2 3 days time
1,site p material pocha nhi h delivered dhikha rha h
5,good
5,good
5,good behavior helping nature
5,supporting mujhe bahut hi aache se thankful
5,assistant
5,comstmer care agent nice handle costomer nicely
2,return related issue im applied return date not accepted product soo complaint request things customers tq
5,excilent
5,nyc
1,poor answer given customer support team
1,issue not resolve
5,good service
5,good
5,done
5,customer care ankit sir good man help
1,less role customer care executive improving service company
5,pls make sure product dispatched matches size originally ordered customer rest good fk thanks
1,worst service ever since last 15 days query unresolved pathetic experience shopzilla goin escalate issue consumer forum
5,happy coustomer support
5,nice helpful
5,batter
5,thanks
5,niche
3,still waiting solution product return period return page directing product technical support
5,nice pleas want oder supar fast oder
5,products showing available place hold stock solved customers support good
5,already good
1,not fake promisses fake information
5,good service
5,executive professionally explained worried morning self extra charge delivery agent exceutive explained managed well morning thank much muje apka naam pata thank much solving isuue
5,nothing say
1,not getting solution shopzilla order day day helpless going legal action
1,order not delivered executive keep changing date
1,call purposely disconnected
4,easily reach customer representative
4,please try decrease time resolve simple issues
5,good
4,please put option key reorder cancelled order
5,good exoerience talk executive
5,good talking
5,feedback form inconvenient
1,no
2,shared contact info delivery executive try connect says invalid pin make sure shared contact details item assigned delivery person share status accordingly
5,good job
5,service good
5,please give option bangla also
5,best madam
5,satisfied support
5,nice
5,customer care services courier agents r irresponsible sometimes sale
5,think
5,customer service nice
5,really nice guy called back regarding issue really satisfied lot
5,good customer
1,please sure answering quries
5,app number available fastest response
5,thank
5,dhanyavaad
5,polite person
2,get product related information orginal equipment manufacturer
5,super
5,good customer executive
1,please make representative talk think like robots make understand concern customer know useless shopzilla even bother
5,na
5,thank
5,services almost good first time disappoint order delay cancelled today book another bag might confirmed payment already detected side request please fast time flight first september please take mind busy person doctor
4,thank
5,nothing deliver product right time atleast plus premium member
5,good behaviour skills love
5,shopzilla superb
5,nice
5,resolve issue much fast
4,antivirus not delivered timely per committed schedule not able cancel products shopzilla polices not happy service
5,good
5,appreciate helpful nature executive
5,coustomer executive helpful
4,happy
1,please information provide customer care interaction seller
1,delivery service policy poor
5,good support customer care service
5,nice super
3,led tv bought 5 month problem 3 month still problem resolved bought shopzilla online shopping not tv store response side put mail resolved issue
5,good
5,gud
5,customer care nice
1,bad experience
5,good
5,good
5,no
5,good
5,nice
5,ensure product deliver tomorrow
5,no thanks
5,thank
5,happy
4,customer support quick responce polite
5,nice met solved problem
5,behaviour skills good
4,nyc job
5,thanks
1,aa best app
5,tq information
1,issue not resolved please look
2,not good product different product received many times
5,nice
5,good
1,useless customer platform
1,bad experience
5,taking time resolve issue
4,issue still not resolved look plzzi not able return product want return
5,executive polite helpful helped throughout whole process creating new return thank much
5,good person
5,excellent
5,good thing happened
5,executive good
5,customer executives bad
5,good
5,good service mam sweet
1,never use shopzilla
1,issue marked solved provided non working number pathetic service
4,still issue not resolved received washing machine cleaner earlier received ordered product due delivery agent dispute not delivered
1,bakvaas support hai abhi tak ke experience
5,nice solve problem minimum time
5,communication skills customer executive excellent
5,shopzilla costomer service good
4,good
5,buys products much need give extra discount till much buy shopzilla app
1,improve delivery service
5,meri baat accha se kar ka meri problem
5,excellent behaviour
5,thanks shopzilla
5,good support help
5,helpful
5,mera power bank kharab hai
3,na eed bengali coustomer executive
5,employee good talking resolving issues thanks person helped wonderful day
5,bring back email chat support
4,mam happy service
4,please provide invoice copy
1,bad product quality shopzilla
5,good person
1,not resolved issue
1,last one week calling getting answers no resolution better review support system
5,nice
5,good service
4,happy
5,need improve call immediately
1,2300 supercoins credit per offer kindly credit supercoins instead 100 supercoins
5,good person good behavior
4,make sure u delivery plants good condition
5,thanks
1,poor company
4,no
3,returned courier courier partner still not showing picked trust service courier expensive still showing not picked delivered courier 2hrs ago service
5,nyc
5,customer service good product issue plzz resolve return product
1,not customer care resolve provide solution auto recorded manual voice instructor see comment order status comment repeat no use customer care also pathetic delivery update
4,esa hi sweet voice wali executive rakha kro
5,customer care verry good
5,thank filipcad
5,query solve politely
5,good
5,great communication skills
5,wonderful wonderful bodybuilder full wonderful madam ne bhi ful kam kiya
5,thanks
5,ok
1,waste
2,customer executive interacted completely confused say give proper solutions neither connected executive higher authority issue serious helpless help way
5,umesh customer care executive helpful satisfied
4,good
5,ok
5,thanks
5,good
5,guys lack chat like superbuy cc
4,shopzilla fake go consumer court
5,good
5,sort time regulations
5,nyc experience talk mr way deals problem shows dedication toward job
5,thanks shopzilla
5,good
3,shopzilla needs customer support need ensure someone ordered card machine executive delivers ease transactions
4,good job
3,allow return no return items clothing
5,good
5,good
5,shopzilla good
5,ok good
1,fire executives tgey dumb
5,thank
5,good
5,gud service
1,excellent
1,delivery nanhi de paya feedback hey
5,good behaviour
1,please try resolve customer queries call not take time 24hrs providing simple resolution
5,thank much
5,nice
5,vvv nice
5,nice
5,10
1,return policy not customer friendly shopzilla profit policy
1,sound quality poor
1,bad experience
1,resegination
5,executive excellently handled query happy service much appreciated keep tempo
5,good
4,pls request improve system ok delivery process
5,please make sure delivery boy delivering parcel time shoid right product packing
1,time jada log
5,exllent
1,shopzilla not ownership take action logistics team worest thing
5,good person
5,happy shopzilla customer executive resolve problem
5,good support good person
5,good
1,service not good frauds
5,two days got good person know work proceeding dealing customer
5,good
5,plz take time exchange order
5,good men
1,disgusting purchased product paid order product delivery wrong place call shopzilla customer care told worry not first second continue order product delivering wrong place never trust
5,good
1,company worst
1,appalling service called twice today disconnected call never received call back not know happening incident number awaiting response
1,representative not resolved query
1,shopzilla excutive no anybody responsible person issues not resolved like shopzilla
5,no thanks
1,sare murkh shopzilla mein hue hain
5,bheru lohiya
5,riya mam excellent approach
1,meri samsya ka samadhan nhi kiya gya
5,good
5,customer executive good conversation stifited
5,good
4,cancel order please order wrong adress
1,advised shut company shopzilla not able serve earlier 1 poor communication skills2 pathetic services3 time wasting4 providing false information impose customers5 selling duplicate products
1,make sure product faulty must taken back issue full refund without question
1,vary worst service proving shopzilla
5,good
5,good
4,resolve issue soon possible issue not resolved
4,good
5,good
4,introduce chat support
5,good
1,calling
5,good employee helpful
5,thanks
5,best behaviour girl
5,good
5,problem easily solve thank
1,norml
5,support team shopzilla customer service
5,good
5,good support
5,thank
5,add new phone number
5,best
1,refunded money lost 700 policies
5,good
1,coustmer exicutive rude coustmer
5,good
4,language service quickly
5,good
1,pathetic customer support not solve one useless issue
1,issue resolved
1,service quality shame
4,thanks
5,try give self complain registration method
4,customer good communicate
5,nice
5,best
5,good parson
1,guys hold 10min 15 min pathetic experience
5,good
5,nice
3,bed
5,thanks adding need product anymore
1,close shopzilla
1,poor resolving issues
5,good
5,executive assisted proper resolution queries asked related return product also guided steps create return product
1,bad
5,happy costomer care agent
5,good
5,nikalo
5,good
5,please improve audio call quality
5,please understand delivery related problem short strongly
5,nice
5,app good
3,
1,bad service
1,technical issue
5,playing per wish make policies counter
5,good
5,customer executive intellect understood issue helped alot resolve issue thank shopzilla
1,nice job
5,good service
5,good
5,thank
5,thanks support
1,worst policy
1,wasted 10 hrs precious time bcoz useles online shopping apps
1,customer ready buy product worth 1 5 lakhs shopzilla not ready help payment options pathetic disappointing customer service
5,good
4,ensure ease reaching coustomer support
5,good product time delivery bt last purchase order damaged
2,call support us disabled account
5,good boy
1,keep promise break every day
5,good
5,good service
5,delivery boy pick phone immediately connect customer support delivery boy rejected phone without reason facing problem pick new phone return old phone ex currently buy 32999 oppo reno 10 5 g 4turn old realme phone mentioned body damage return cost given 4000 special 4200 phone value delivery boy rejected paid 8001 pickup phone purchasing oppo reno 10 5 g due old phone value 8200
5,good talking customer care fast service shopzilla
5,super
5,
5,thank
3,conversation good issue not resolved
5,good service
5,find email address gives flexibility attach file want otherwise interaction support team cordial resolving issue thank
5,thank
5,bahut bahut dhanyawad
5,everything good
5,good service
5,shopzilla ki customer care service bahut best hai bahut baat customer care per aur problem bhi bahut thank shopzilla itni acchi service dene
1,agent knowledge resolve issue information
5,customer satisfaction valuable try deliver quality products
5,good
5,best
3,response liya achha
5,happy
5,good customer support
5,
5,make sure resolve query soon possible
5,good
5,thanks
5,good
5,good
5,extremely prompt professional polite regarding issue showed product delivered tomorrow placing order changed date day tomorrow cheating strict terms anyways customer support executive resolved issue thanks
3,work not resolved
5,good
5,love
5,shopzilla provide good equipments faculty material may cause tension customer mind like mixer grinder
5,getting issue use super coins
1,maine oneplus ka bluetooth diya jo tuta hua hai replacement apply kiya aur replacement bata raha hai
5,isme product galat h
5,excellent customer support
5,v good
5,nice
1,worst ever service worst shopzilla looks like chor bazar hai
4,customer care service good
5,return period 7 days less product got issue 8th day difficult diagnose issue
1,hello pathetic service shopzilla recieved different item booked item second time month active customer shopzilla long time time totally fed shopzilla service booked said item two pieces 100 tablet one already listed thing till paid received 3 quantity 40 tablet one last order also got defective item already lodge complaint resolved item unnecessarily lodging complaint waiting resolution disgusting need product quantity price completely unsatisfied shopzilla service time please look matter needful earliest prevent consequences matter thanks regards
5,super
5,nice
5,happy speech madam
5,easy option choose call customer support executive
5,tnx
5,great speak shopzilla customer care got issues resolved easily thank
1,not satisfied sirf bolte hai par jab customer ka koi v problem ho wo sirf apko dilasa denge par problem ka solution nhi dete h shopzilla ka agents sab bahut slow work e h shopzilla bahut bekar company hai
5,person addressed liked way talking interested solve problem
1,customer care team seller misguided customers badtameez no attentive person unknowledge person no manner overall overall badtameez mentally ill person
5,thankyou customer care
5,nice
5,no
5,good
5,ok
5,
5,good contact
1,refond money
1,customers support executives unhelpful
1,poor service
1,need improve service
5,good
5,customer exclusive gold response thank much
1,need hire new customer support team change model second experience year
5,best
3,shopzilla delivery boy not answering call
5,good
5,help
4,good
5,quite
5,coustomer support good
1,disappointed shopzilla
1,resolution date 14 08 2023 not solved yet
5,nice
5,good shoping platforms shopzilla
1,customers care bad behavior
4,please sanitized delivery person
5,nice
5,good
5,good problem 2tan ac stepliger not resolve
5,nice
5,good
1,support team helpless
2,good understanding
5,need improve overall customer service leaps bounds starting loose confidence service
1,product installation still not done
3,product return policies supposed customer received defective product reason mentioned policies
5,good person
5,happy problem solved fast thank much
4,good
5,liked service th
1,concern team bad please communicate concern team respond complaint resolve problem customers
5,customer service executive polite honest person order recieved local product whereas ordered brand product totem please send product soon possible
5,zeher
4,good service problem resolve fastly
5,ok
1,bad
4,policies not feasible
5,concern not resolved yet contacting continuously return getting canceled without genuine reasons customer suffering due
5,ok
5,executiev helpful
5,good
5,excellent
5,costumer
5,excellent
1,order not received
3,don闁肩儤甯 崺妞ゆ垼妫勬俊绌 defraud consumers
5,im satisfied
5,good communication skill
5,awesome experience glad talk pleasure
5,shopzilla service good
5,good
5,time taking long
5,nice
5,thanks mam good day
5,good
5,tracking not accurate
1,dustbin daal apne delivery partners
5,good
5,good
1,bad
5,good
5,person spoke explained everything well
5,good
1,bad problem not resolved
1,improve customer service
5,nice thank
5,good
1,bad service shopzilla
5,prompt reply support executive
1,support really sucks
5,super
5,good person happy talking
4,no tnx
5,customer support requirement got minimum online shopping portal like shopzilla unfortunately almost mandatory shopzilla business since deliver wrong items
5,always ready solve query understand problem thsnks
5,teach delivery pickup person manners talk customer
4,nice work perfect timing solve problem
4,thnks
5,arunima thanks
1,bad
5,good
5,good
1,customer care executive understand complaint
5,good
5,nice
5,heappy
4,pls update status delays return tracker
5,happy
5,sudhar ki avashyakta hai
5,good
5,thanks
5,no
5,good supporting
1,26 rupees not refund till date
1,taking much time resolve problem please reduce time resolving problem
5,overall good
1,return police
1,shopzilla worst thing thats happening right refunds returns easy superbuy dont know really difficult shopzilla ask proofs even share proofs also not willing accept refund process already told bought product going intiating replacement process not refund process worst thing opted shopzilla pay later recently regretting cancel soon willnot use shopzilla place orders worst deluvery time estimations worst refund policies bought shopzilla problem initiate refund immediately routers seal opened scartches router shopzilla dening refund dont understand saying replacement see already bought product seller good send replacement old product 2 products still regret buying guys really difficult task not going recommend frnds sorry
5,good
5,good costumer support services
4,
5,wanted cancel order not yet dispatched shipped not able
5,good person
5,seller strongly advised deliver parcel ordered customer
5,good
5,bahut accha karke thanks support ke liye
5,good
5,thanks support shopzilla customer executive
5,excellent customer care service
1,customer survive support helpful
5,good
5,good
5,good person
5,good
5,great communication skills obedient
5,online chat available customer support
5,thanks customer care support
5,bery friendly
5,good
5,thank
5,increase customer care executives
5,achchhe se bat
5,happy check products well advance deliver delivery time hope delivery boy behavior good thank
5,improve delivery care n services
1,poor shopzilla service logistics also not good avoid shopping shopzilla much possible
5,improve site refund directly
1,cheat
5,good
5,good service
5,good
5,please remove third party sellers selling wrong products shopzilla
5,non return products add one option incorrect product delivery safeguard customer interests well sellers not escape sending anything no return policy
4,good exilent
5,best service
5,good problem solver
1,time pass hai
4,take much time solving costume problems order product boat bluetooth speaker got different brand box noo model number imei number soo keep
5,take action seller
5,clarity no return policy products part return ssmall parts products may permitted
5,happy customer
5,thanku sir chat
5,thanks help
5,thanks understand helping
5,work quality product
5,good
5,make easy reach customer care center
1,last soping shopzilla good bay sorry
5,good
4,thankful
4,please resolve issue fast
5,ok
4,good behaviour
5,nice
5,well done
5,executive person helpful coordinative
5,excellent
1,ganda khel h bawakuf banana
1,e commerce crucial ensure sellers listed platform offer non defective products
5,good
5,good service
5,thanks
5,good vehaviour
5,calling option available help support
1,good
5,great
5,fast resolution
5,thankyou much
5,sensable person easly solve problem
5,nice
4,good
5,excellent performance
5,gyd
5,good
5,good
5,resolve problem soon possible
1,poor customer support
5,great
5,nuce
5,good
5,good work
1,customer care executive hold call never get back call ended 10 minutes not end
3,problem still existing please resolve
4,nice talking gave valuable information good response thank
5,good response
5,deepak good man
5,good
4,customers service good
5,costumer care like 10 10
5,good work
5,good
5,deal fraud sellers
5,thank information
4,appreciate resolve issue
5,thanks
1,bad facilities complaint not resolved
5,everything nice effortless experience
4,good service
5,shopzilla girls best quality language good best communication skill shopzilla girl thankyou mach shopzilla
1,poor service
3,purchase enter led monitor shopzilla problem monitor purchased shopzilla dont information service center
5,good service
5,till goog
4,first time received bad product please let happen
2,good
1,worst payment gateway u using always payment not getting reflected order better purchase superbuy
5,excellent conversation
4,shopzilla logistics services not good days
5,sir resolve issue soon possible thank
5,good
5,sir ne bilkul politely bat ki mere issue resolve kiya
5,thanks
1,excavator bad language problem not solve
1,
5,nice
4,thanku hoping favourable solution
5,delivered problem
1,received call shopzilla customer care executive asked share bank details scheduling technician visit share bank details scheduling technician visit canceled return request pathetic staff shopzilla call reopen rejected request customer executive open request
5,please decrease delivery time
5,custumer product nahi chaiye use turant refund kiya jaye postal chargeg kaat kar
1,callback
4,great speak
5,good
1,executive says put notes request issue note not shows
5,thank
5,add chat agent option along call option option chat bot either tell end chat connect call sometimes not possible call prefer chat agent talked call efficient nice
5,good work
5,happy
1,bad shopzilla policy
5,good
5,good information
1,last time order anything shopzilla
5,good
4,shopzilla level control delivery goods time not delivered extend extra discount customer suffering inability fulfill order
5,please dont doubt atleast old customers bought maybe lakhs prime customer taken 4 calls one whole day resolve finally resolved thank u
5,good person
5,nicely understood problem solved problem
5,corporate
1,no proper resolution delayed deliveries poor customer support
4,worried future grocery orders executed not
5,good girl
5,great customer executive thanks
4,good
5,kindly asked seller provide correct item shown order
1,delivery partner delivery delivered tv door step spent rs500 vehicle pick tv officei want rs500 compensation
5,good help
3,no quantity assurance shopzilla sellers sending items without inspection causing wastage time peace mind
4,good help
5,good
5,well
1,please exchange mochi loafers number 11 delivered number 10
5,customer agent way talking nice
5,great experience solving issue
5,nice
5,nice
5,please share information partner shopzilla logistics
5,pay little attention sellers harass customers
5,
3,like support not like delivery time system
5,add extra charge cod
5,good
1,bed service shopzilla no solution
1,strongly disappointed shopzilla delivery waiting since 13th aug still counting
1,take ownership give resolution
5,simply great
1,no
5,helpful service
5,thnx
5,excellent
5,good
2,understand clear issue no proper solution given getting ordered phone reach
5,good comunicating
5,nice service
4,not sent warranty card
1,thought cheeting customer used online shopping received wrong product
4,without receiving item mentioned delivered really got dissatisfied could better not repeated
5,
5,delivery person rating system also started
4,nice
5,happy
5,
5,best sarvice please resolve issue thankyou
5,good
5,fine
2,service better time not warking others people 9 6 pm job warking time
5,good service
5,requesting every order deliver within 2 3 days
5,team
5,nice
5,fast resolving issues good communication customers
5,nice behaviour
5,thank valuable information
1,even taking lot time problem could not solved ordered torch light received 9th product not working request returns till not return
1,call got disconnected please call back
5,thankyou
5,smooth dealing excutive
5,gud job
1,sch bed service side personally courier side
5,product incompatible enable return option instead replacement
5,tq
5,amazing wonderful friendly
5,good
5,good
5,helpful service
5,clam humble spoked queries thanks giving best customer support
5,timely delivery need fir last 3 months getting repeated delay
3,customer support ok customer issue not resolveda timeline
5,baat krne ka tarika
1,shopzilla logistic person not cooperative coordinating even requesting delivery product already reached town since last 3 days vapi town small town within 3 km radius still product not reaching literally bagging delivery agent deliver not responding information cancelled previous order due delay delivery writing review finally delivery person came got product delivered thanks lot
5,good
4,wanted continental speciale coffee ordered delivery boy tried deliver different product insisted correct product cooly left place spoke customer care executive arrange delivery product since price product gone suggested ordering product not feel correct
5,satisfied
5,everything okay
5,good
5,good
5,kindly add n schedule languages
5,customer support good
5,good person
1,issue not resolved company
5,yes
5,execuitive good experienced well mannered no service shopzilla since 01 08 2023 shopzilla go hell destroy immediately stop fraud business
5,list cheap quality products clothing harms rempotation band value waste buyers time money
5,gentlemen
1,angrly service
5,thanks help support
4,provide good quality productsin reasonable price happy no delivery charges products thank
1,no comments
5,good understanding
4,satisfied service
5,ok
1,non practical officer
5,please solve free delivery rs 250 300 00
1,problem not solved
5,kindly arrange product customers ordered
5,sometimes customer call right wrong item delivered takes sometime update delivery confirmation shopzilla option customer execs call customers back basically schedule call back customers rather asking call next business day
1,bad services
1,bad
1,useless support
5,good
5,
5,good customer care support
5,happy proper response shopzilla tram
4,nice voice
5,good
5,time customer support eritete last time customer support talk goodly behavior happy see type staaff connected shopzilla outstanding communication skills thankyou
5,good overall
1,fraud freated customers sellng duplicate products
5,problem solved perfectly issue get information product bad experience whole thing properly gone
5,please make regulation part third party companies insure not push customer take advantage
5,good support please give messaging updating option time delivery must visible delivery end
5,nothing thanks shopzilla
2,agent doesnt updated information delivery product
1,trying actually resolve issue instead saying understand concern
5,great
5,hi baat aap ne achhe se ki ab muje pc number se bi call krlo frd kabi ya abhi wp kr skte ho like frdship hindi bharat happy 77th independence day
5,no
5,overall good
5,sellers miss use no return policy sending different products
1,issue not resolved one month taking time required two times payment taken one order
1,shopzilla not give solution earlier
4,installation team contact details available particular order
4,product na bheje
5,issue resolved
5,love
5,please
5,nice costamar support
1,puta call option help center
1,customer service best lkin delevery product mising
5,gd person helpful
4,understanding problem
5,good service
5,good
1,good
5,good
5,sometimes app not showing refund option showing replacement instead refund
5,change voice quality
5,no comments overall good experience
5,good information
1,disappointed
5,happy
5,please add tags products
5,nice
5,good
1,take consent
1,quality support bad need work
5,good customer service
5,good
1,bad
5,good
5,thanks
5,shopzilla care happy
5,good person
5,hood
1,please return money otherwise
5,address fast updated thankyou costmer care
1,customer care executive want raised complaint delivery partner logistics team compensation related penalty related customer care executive respond
4,provide alternative number support team reach meed mail shopzilla com along government document proof policy customer support call would able make edits add alternate number end
5,na
5,nice behaviour
1,not proper information repeat thing againn
5,representative speaking well coperate excellent
5,good
5,sweet polite
5,hame bahut mam se bat karke meri se samjha mam ne mere hisab se mam ko bahut field mai thank mam meri help karne ke lie
5,good
5,good
5,supportive thank
1,stop wasting customers time
5,excellent
1,action needs taken seller unfair cancellation order
1,thanks shopzilla member problem
5,good
5,retain employees like guy short simple conversation
5,ok
4,thank
1,provide resolution
3,bohut acha customer service
5,great
5,customer support good shopzilla also good
5,thankyou taking initiative issue
1,bed service never use shopzilla
3,customer service excellent
5,good
1,customer executive not good communication skills bad behaviour
1,no
5,thanks
5,excellent
5,proper services delivery genuine products please
5,good
5,thank customer service
5,nice performance
5,excellent support recieved thank
2,washing machine not working 10 days no solution provided defective want refund replacement
5,good
1,customer support executive always supportive not arguable
5,nyc
4,
5,demage item
5,seller canceled exchange without contacting
5,customer care executive politely understand query resolved time
5,resolution quick efficient
5,good
1,worst customer service executive not minimal knowledge address issue got careless irresponsible response
1,need proper information
5,good
5,nothing
1,sirvic bad
3,aaj humko support kiye customer care ji ne humko har chij ke mamle mein santusht kiya ham unki sahmat hai dhanyvad customer care
1,bad service
1,item missing boxand item not returned image issueand issue not resolved till 27 july
5,happy coustmer support agent
5,good
1,sabse jyada ghatiya service
5,thanks shopzilla castmare care
5,nice
5,good service
5,good person
4,disroy watch
5,not bad
5,service usual
5,nothing
1,main jab bhi oder hu muzaffarnagar aate reject ho jaata hai 2 bar aasa ho chuka hai mere sath please help
5,happy
5,good
1,people fraud
5,communication polite professional
5,nice product thankyou shopzilla
5,best
5,executive polite nature communication good
5,shopzilla team pls entertain sending floor toilet cleaner eatables leakage eatables sticky really poisonous consume also thorough recheck items sending shopzilla plus customer worse experience altogether
5,good
5,delivery person responsible open box delivery feature
2,asked not close open ticket mr closed find impolite side
5,app nice product good
5,call
1,bahut hi bakwas service koi fayda hi nhi hai logo se baat kar ke logo ke pass itna power hai ki ek delivery agent inko inka aukat bata aur ye bs sorry sir sorry sir jate
5,spprrbbbbb
5,thanks mem
5,good
5,excellent service employees deserves raise
4,4
5,good
5,good conversation
5,good behavior
5,good
4,shopzilla helpful customer care
1,not spoke triggerred
5,agent try understand issue hope shopzilla team try resolve issue
5,good interaction
5,good sir
5,good experience want refund
5,exlent work
5,good
5,good service
3,awesome
4,good
5,good
5,thanks understanding problem
5,customer care maam saport query thanks customer care maam
5,ok thanks
5,solve costumers problems soon possible fastly
5,imporve quality products
5,adviser good manner hope issue resolved within 4 5 days
4,thanks
1,person addressed query labelled resolved highly unprofessional callous didint ecen cared call back
5,every thing fine
5,good service
1,bad
5,make quick
5,good
5,well
4,
5,thank
3,ask not make us wait hold longer time
1,poor bad
5,supper
1,not good
5,make return policy flexible
3,refund late
5,good
5,good
5,great experience
5,sar se baat karke good experience
1,delivery not expected perfect
5,good
5,thank
1,not satisfied delivery service
5,thankyou
1,product not delivered nobody information
1,10 days passed no resolution provided yet
5,nice
5,happy resolution闁肩儤甯 崺妞 gud agent
5,everything fine
5,possible would better could talk customer care representative make repeated call grievance
5,excellent
5,satisfied talk executive
5,executive nice solve query
5,improve immediately response
1,pathetic
1,worst experience customer care executive
5,dilyed product
4,thank sakhsi
5,thank dear
4,conversation language bengali
4,good
5,h tv
5,thank much
4,provide contact number
5,good
5,good
5,excellent
5,good
5,fastest service shopzilla
5,thank
5,good bhaiya
5,happy costumer service
5,normally refund initiated amount reaches source account within 2to3 days account not credited yet refund initiated 12th august 2023 today 16 august 23
4,refund money immediately good shopzilla service order delivery late
1,unprofessional
1,fast reslov issues ok
4,ok
5,no
1,refund not available
5,facing difficulties contacting support
5,good
5,naic
5,good job
2,headphone kharab hai
5,thanks
5,good service
4,
5,please quick solved problem dammeged poor quality products
5,control sellers policy like boat
5,good
5,awesome
5,need change open box delivery policy
5,good
1,bad experience not happy
5,no suggestions
5,good coordination
5,good helpful thanks
5,good
5,ok
5,associate good polite
4,happy customer care executive behaviour
1,received sub standard product paying amount better product
5,customer support called back within 5 10 minutes raising need help else working hours n people opinion not 10pm nor 07am
1,worst customer service agent kept hold long time never replied back
5,good service
5,nice services
5,good
5,good
5,thank
5,good
5,not happy product not cosmetic let us atleast apply return quality check
5,good
5,ok
1,shopzilla fraud company shopzilla customers support also fraud
4,sealer quality improve
5,great support
5,talking language superb
1,provide delivery asap
5,non refundable items must open box delivery
5,super
5,handling customers well
5,
5,return policy clearly shown submitting saving order
1,bad service gift card not credited ac
5,felt happy
4,provide proper knowledge delivery agent regarding shopzilla products
1,pathetic service shopzilla
1,worst app purchasing anything definitely disappoint worst delivery system totally lier done fraud definitely uninstall app
5,customer care number call disgusting no phone no call
4,return policy bad
5,good
4,please exchange product know money not free
1,product fake return product due no return policy shopzilla sent fake product
5,ok well conversation e cust executive satisfactory
5,okay good
5,please control sellers cheat harass customers logistics deptt well
5,vary good
1,concentrated rating
3,problem not resolve
5,
3,ensure quick resolution
1,professional clear
1,shopzilla system mi 4 pro tv warrant expire july 2024and jeeves addition warranty expire no support jeeves person loss purchase 3year warrants expire mi one year warrants next time no purchase product shopzilla
5,good
2,company ordered not reached customers replacement company not matched taking much time delivery not easy contact customers care help
5,good call support nice batchit thank shopzilla
1,give refund please
1,poor shopzilla
5,vvv good
5,thanku
5,suparb agent
1,highly disappointed
4,good
2,bad delivery service
5,products delivered 14 august agent area want delivered products hardly request shopzilla please give exact mobile number agent actually delivered product customers thank
1,poor shopzilla
1,logistics problem hand
4,good job
1,plz consume time resolution
5,good
5,good
5,honesty best policy make team self motivated honest giving handsome money incentives initiatives
1,no solution aur call cut kar rahe hain customer ko response rahe
1,ing irresponsible seller mother er times happen last time jan ed 2 expensive mobiles ing stok waiting 4 days scammer
5,thanks concern
5,good
4,product order kiya tha uska instalation tha fan installed karke gaye regulater pass nahi kiya mene unse regulater bypass ka instruction fir bhi unhone kaha koi bat nahi usse koi firk jab ki product k instructions menual inatalation sabse pehle mandatory step bypass eliminate regulator connection installing atomberg fan optimal performance unke jaane ke 1 hour hi apne aap vajah se fan ka speed chalu kam lights flash home laagti mene vapis call karke kaha tohh excicutive bolte humko karna hota switch board hota instalation instructions bldc fan regulator bypass karna tohh bolte hamara kaam nahi hi karna hota humko koi instructions nahi diya apko complain karna tohh kar lijiye vajah se product damage hua varranty clear mention kiya ki install karne product damage huva tohh iski koi varranty nahi isiliye humne instalation charge bhi diya fir bhi ye problem karke gaye vajah se product damage hua toh iske liye kon responsible hoga
1,warrenty period issue
5,nice talking thank
1,customers issues resolved time period late time wasted service
5,good
5,good
1,not find shopzilla position resolve customer issue cancelling order wrong reason make profit increasing product price customer buy product less price seller first take order later use cancel product saying delivery failed wrong reason blaming customer made delivery attempt not delivered increase product price force customer reorder product higher price shopzilla always say don闁肩儤甯 崺妞ゆ垼妫勬俊绌 control not anything case always solution customer care needed
5,thanks
1,concentrated rating not issues customers got rating mail side not complaint mail issues mail
5,good experience conversation
5,na
5,executive called voice charming liked conversation
5,nice
5,nice
5,make sure info related country origin product correct
1,not certified
1,poor
5,good manthank beautiful
5,nothing say
5,good job keep
5,nice talk
5,good
1,worst customer service shopzilla
4,person nice giving quick resolutions
5,nice talking customer executive
5,good
5,please make reliability delivering product
5,good support
5,thank much
5,thanks
5,good
5,nice shopzilla talking
1,bad poorcustomer executive issue solution one month 15 time customer ececutive contract issue not resolve
5,thank
5,understand problem help get refund
1,refund still not received bank account
5,open box delivery area bargarh talsrigida ask pincode even mention check home bad condition delivery boy take bcz mention open box cant return reason broken category immediately resign person area otherwise cant buy shopzilla
1,missing product
5,10
1,plz help refund payment
3,backup nahin de raha hai
1,bad service
5,nice
1,make delivery times correct
5,good job bro ashe ki help kiya karo bhout acche se help ki bhai ne great work bro happy
5,good understanding queries
5,good
5,understand customer problem resolve soon thanks everything good shopzilla
5,overall excellent
5,executive polite understand exact concern help get resolution quickly much appreciated
1,order cancelled without concent
5,good
1,ritun
1,disappointed shopzilla service
5,easy availability customer care number would nice gesture
4,oh nice
5,wait 24 hours pick update
3,good
5,good service
5,things good
4,please put one number complete
5,excellent work
5,good saport
4,still no resolution
5,perfect
1,please improve product exchange policy specially phone listen shopzilla executive well
5,good service
5,customer service good kindly grocery items carefully delivered customers
1,poor
5,reduce time
5,good
5,representative good please solve problem timely taking unnecessarily time
1,thanks
5,everything better shopzilla time order boat alpha
5,nice coustmer care
4,good
4,good
5,nyc guy
5,thanks cooperation
5,thanks
1,query not resolved
5,good
4,thanks
5,service well
1,not slove problem
4,good conversation
5,thank
5,happy
5,issue solved
5,thanks
5,thank shopzilla
1,worst thing not able give resolution extending timeline
5,thanks
5,please try send specific product got issues shopzilla past still beware responsible skin care products costly might harm someone bad
5,costumber support resolve problem
5,good
5,customer executive helpful sincere well mannered good job
5,verry shopzilla thanks
5,good
1,im not happy
1,thanks shopzilla
1,associate make fool cut call never try call back
1,customer care executive not polite no able help customer ready lose customer
1,
5,job well keep best like today clearing particular issue looking career change feel free contact anytime thank much
4,problem not solve
1,tried changeing dilivery adress within 10 minute order place still anable change delivery address customer support cant help not good service
5,good
5,nil
5,good
5,good
5,good
5,customercare supportable
5,good
4,wrong product delivered product delivered not per item shown product page
5,greate
5,happy thanks shopzilla
5,thanks lot providing support
5,deliver product time
5,vary vary good
5,thank
5,awesome done good job
1,penalize seller sending wrong product
5,good
3,vey much query resolve request packet time delivery good service
1,fire rider liar furad
5,thank
5,good
5,nice coustomer
5,outstanding
5,response good
2,happy
5,try make service perfect no need complain ask help
4,ok
1,good feedback thanks
5,thank u shopzilla giving advice
5,
5,reduce time solve issue rest gd
5,polite behaviour
5,good communication
5,make every issue resolve earlier 2 3 days
5,good conversation customer care support
5,good
5,good
1,issue not solved even contacting customer care
1,bad service shopzilla service no replacement issue like
5,satisfied customer suporrt staff good well
4,policies work eg ordered chopper working neither refunded nor exchanged
4,ntk
1,call call back service since 10 082028 still issue not solved still delivery not possible 10 time call call back request no result
1,no solution bad experience
5,product open box delivery inform us vis call
1,worst support worst system
5,good
4,time get invoice mail creates problem time request solve issue
5,executive sitting centre resolved problem polite calm good behaviour like efforts put help regarding order query
5,good customer service
5,alternate mobile numbers
1,mera gift card number kya hai
5,using shopzilla past 4 years much happy website genuineness service quality thankyou shopzilla nd member
1,ordered new phone using exchange offer old phone given better exchange price sites hence ordered shopzilla day exchange figured scam shopzilla using sell products old phone went rigorous inspection delivery agent first damaged removed costly screen guard checked phone every minute area no issue expecting phone year old surprise said phone bent no hard accept straight away said amount deducted defect want still exchange new phone video also checked phone bent escalating ultimately got amount sites giving shopzilla running scam boost sales sure no one would able get full exchange amount way exchange policy completely fooled
5,please help
5,really appreciate shopzilla agent kind help lot keep ensure ur work best
1,make customer feel satisfied
1,bad day day disappointed shopzilla
4,return
5,good person
4,product change aaya hai
1,service response early
4,service good little fast
1,reason not listed
4,still order pending delievery person u assigned yesterday much bad
5,nice
5,good resolve problem
5,nice talking
5,nice customer care person satisfied talk thanks dear
5,good
5,124501 pincode par jyda se jyda products ki delivery nhi h vjh se order krne h
1,exchange order
5,good job
4,thenks
5,great service kaushlendra sir
5,good services
5,good
5,everything good ai option poor
5,good
5,thanks team
5,good
1,please solve issue
5,ji nice talk nice person
1,total time waste man u shame
5,helpful language includes list
1,attending customer person well informed information handy get problem resolved
5,nice
5,good
5,good
5,good expert customer support agent good skills
5,good
5,nice
5,
5,good
5,good sarvice
5,good
5,best
2,customer relationship call back call gets disconnected
1,bad experience order washing machine shopzilla not big order
1,horrible lady hang call putting call hold wonna help deserve work work shopzilla
5,good
1,please focus customer support customer satisfaction
5,add option idr
5,spoken two executives aparna vivek listened concern given proper answer also apologized inconvenience caused although need apologize not fault want shopzilla improve delivery service seller end rest support executives awesome able rate aparna email not updated else also 10 10
1,please solve problem
5,excutive helpful
5,good
5,email bills details purchase time order purchased emi share bill emi including product details payment details
1,product aane par response time lagata h
5,good experience
4,please customer service call please try telugu lagenge
5,thanks shopzilla
5,good
1,9 08 2023 order not deliver hai batay
5,good
5,coustomer care polite helpful thank shopzilla
5,good communication team
4,thank
3,delivery process bad n poor
5,good service
1,ghatiya company bad company
5,good
5,cancel ok
1,bad
5,happy
5,thanks
5,good
5,thanks resolve issue
5,well
5,good nature sole problem
5,please add not delivered
5,good person keep maintain
5,thnx
4,voice echoing kindly take care otherwise customer care executive good understanding resolving issue
5,thank solved problem
4,customer support mam good support
1,problem not solved
5,yes
5,well
1,give refund please
4,good
5,good
5,good
5,happy
5,sweet supportive
5,awesome excellent job
5,good communication skills happy customer support executive good communication skills humble person
5,poor service
5,nice
5,nice gyes
1,worst product recieved
1,site
5,no need
1,ritten
1,technician not professional use one app say issue resolved
5,helpful person
1,fake order delivered not advice buy product site
5,nice talk helped lot got lot information got product refund replacement good information hope get information behavior good
5,delivery service bad auto cancelled orders please improve
5,good
3,issue not resolved yet
5,good job
4,ishu fast solve
4,good
1,bad service shopzilla logistic intentionally lost order expensive wait watch
5,keep good work
5,helpful solve discussion thank
3,wanted redial executive side interruption call
5,please make sure right product shipped delivered
5,best caller ever seen shopzilla
5,nisse
5,good
5,good supporting
5,someone rising return request customer care contact person resolve issue customer care end
1,customer care executive abruptly disconnected call marked issue resolved issue not resolved unprofessional
1,bad experience
5,nice talk
2,able return order
5,nice talking customer care thank helpful
3,details delivery persons
5,ache
5,good
1,please refund noise smartwatch
2,customer complaint executive shall take complaint items ordered not 1 item discussion customer
5,customer executive kind helpful fully satisfied thankyou much
5,good concern
1,customer support cut phone
1,lack information knowledge able understand problem
1,no response
5,ygbhygv
5,nice
4,good
5,no
5,please don闁肩儤甯 崺妞ゆ垼妫勬俊绌 send type duplicate product
5,gog
3,quality effect
5,nice
2,provide correct information least
1,bad
5,gud costomer
4,material product messing good
1,everything going wrong shopzilla days total fraud happening
5,impressive nature
5,good experience
5,resolved problem
3,nice
5,good service
5,thank raj sir
3,no resolution query
5,please mera phone mujhe de dijiye
5,good
5,great understanding customer support
5,awesome service
5,good
5,good behaviour
5,na
1,problem still not resolve also warranty not provided company seller please blacklisted company
5,good behaviour
4,guide proper way get solution fast
5,good information satisfied
5,please always ensure product quality quantity invoice
5,good service
1,prodect damege
5,good speaking well service
5,plese make sure gte evry one else get orders
5,good services
5,thanks
5,bat karkar bahut achha
1,shut shopzilla
5,nice great work
5,customer support person really polite helpful thank shopzilla always caring customers
5,bengali language
5,thanks
4,ok
5,thanku
5,no information provided order delay unforeseen issue
5,voice quality poor please improve upon call connectivity issues
4,good
5,coustomer service agent polite helpful
5,nothing
5,ok
5,good
5,thanks plant order
5,good work
1,shopzilla
5,thank shopzilla costumer service
5,good
5,excellent
5,customer support awesome
5,ex
4,good
5,good bat krne ka trika sport
5,good experience
5,good
1,feak shopzilla
5,thank
1,not happy
1,mera order confirmation hai
5,think solve problem
5,atleast provide direct no reach customer representative
5,order showing pending status even payment per policy certain products
1,didn闁肩儤甯 崺妞ゆ垼妫勬俊绌 even listen complaint disconnected call worst customer support ever
1,not resolved issue
4,good
5,nice intraction problem resolved thanks
1,issue not resolved
5,person helpful
5,nice work
5,good
1,resolution provided support team
5,
5,please make return policy better wait months u cancel return request defective product please try issue refund long time wait
1,u sell purchase u must give service supplier
5,radhika
1,poor communication executive neither understood query nor want listen query frausted type services please shopzilla improve executive communication skills
1,disconnected call
5,good support
5,nice
1,bad
5,good
1,good
1,pls improve correct information customers
5,no complain
5,use different network executive not audible seconds manage solve issue
1,sir boy picup karna nahi aata ha
5,make sure deliver good condition products
5,good work agent
1,ok
5,thank information
5,good
4,nice service
5,make sure products comes return policy ensure products original brand
5,ok
5,good
3,improve product accuracy delivery time
5,item inside damage kindly change item
5,good costomer service centre support
1,worsted service
2,making issue 3 day ago not resolved not provided product status update still waiting updates not update product showing near house like 10 15 km not delivery person take order suprise shopzilla big company not delivery boy warst conditions like
5,awesome service
5,good support
5,support good
5,nice
5,thats
3,hard copy invoice not received item incomplete delivered
5,certainly need improve currier services poor kind service facing not appreciated
5,good
1,delay happing deliver product time shopzilla need provide next delivery date immediately instead customer calling delivery date
5,thank
5,happy happy
1,worst experience ever not using shopzilla anymore
1,want justice done
3,delivery agent responsible call customer not available delivery address
5,please send wrong product
4,good
4,thank resolve issue
4,referred solve problem washing machine far nobody came attended service person call ask send photos not contact pick call also
5,placing order good customer option opt obd not delivering product customers not aware obd wishmasters also not unboxing product infront customer wishmasters busy deliverying products customers may not unbox products within stipulated time lot products deliver customer received expected product well good product damaged customer face lot issues returning damaged product wishmaster not done obd infront customer customer unboxing product capturing video receives damaged product please accept return replacement taking video proof whatever needful customer
1,executive know rvp seal tag pickup master saying rvp seal tag not available one rvp seal tag house help
4,thanks information
5,pick done according customer convenience
5,nice
5,good
5,excellent
1,poor delivery condition delivery agent local area
4,awesome
5,kindly ensure companies promoting case tcl tablet adequate customer service bought tablet trusting shopzilla please ensure companies app atleast customer support number lacking case tcl mobile tablet
5,good
5,used product
5,
1,executive disconnected call
5,nice
5,good customer service
5,request please trained packing staff grocery pack properly number items ordered cross checked done also final packing many times grocery packing staff making mistakes packing
5,thank
5,help tge solution
1,expected better assistance shopzilla monitor vendor ensure job completed little speedily enhance trust respect shopzilla
5,try resolve problems soon possible thank
5,good
5,
5,excellent customer service executive behaviour service thank
5,customer support greatlyvery good
5,happy talk excellent job
5,good job
5,delevari ishu
5,nice way talking customer support executive want customer support executive help us every time
5,overall good
5,thanks
5,good
5,good
1,
5,good service
4,good
5,good
5,excellent customer care service
1,guys fire executives none solve issues
5,thankyou much
5,nothing
5,charging problem
5,im happy ur exicutive response
5,handling customer well
5,thank sir
5,really felt good communication
4,nice work
5,delivery time issue tha solve
5,not solved really help
4,reducing time issue clearly
1,poor service
5,voice executive cracking difficult follow placed hold voice absolutely fine probably something wrong calling system please improve
5,nice costomer service executive solved issue
4,no resolution
5,thanks customer care
5,happy
5,helpful
1,time call back ring simply continues without executive coming line sheer irritating time waste exercise
5,thanks customer support
5,good job
5,no
5,
1,wasting time much not response properlyproduct much delay
5,nice talk problem process solve
4,ok
4,enquire something u r not allowing us type sentence automated message displays allow us type query
5,good service
1,5 star
5,good vehbear
5,u r good job tq
5,nice
1,hello shopzilla executive ordered size product however every time size perfect sassafras gown size sleeve long loose wearing get knw exchange product xs size delivery man change product left check xs size fit well tight call delivery agent take product return size product gave u today said talk customer executive customer executive said sorry anything since item already exchanged u want size product u need place fresh order since no option change size u already use option customer executive confused said want exchange product size returned today delivery person know understood hang phone shopzilla manager team plz let know sometimes product size not okay per given chart shopzilla website plz provide authorization customer executive deal delivery hub delivery vendor literally took nearly month get exact size product try understand customer buy 2 different size product time order check one gon na fit order right size according chart still face issue thn think might one smaller size would best us unfortunately small us testing want original product back bcz love design clothes somehow no option shopzilla website exchange size return product afternoon somehow came know not fit product returned want product plz make comfortable customer placing option return size also no connection delivery man customer worst customer satisfaction get product place order gon na take time 6 day harassment shopzilla customer big called shopzilla brand shopzilla plus customer fan shopzilla quality products plz changes per thousands customer requirements u r running business keep ur website ideas updated hope u understand else call
5,good
5,good service shopzilla support
5,waiting assured assurances effective action
5,plz send item demanded
5,good
5,good work
1,
5,provide policies exchange products size non refundable dress
5,nothing else
5,good behavior
1,give contact information logistics customer executive
5,good
5,good
5,connection not clear supports voice breaking
5,5 start
5,try slove problem soon possible
5,good job done customer care
1,service not good
1,worst service
5,plus member shopzilla ordered one bycycle son birthday gift delivered one day cycle handle not working due handel nut threads problem loss commitment son not fullfill birthday gift replace order deliver 25th aug23 son also told ordered shopzilla suggestion send prodict seller must final check product send customer otherwise material return replacement back pickup ordered unnecessary wastage time really not satisfy one friend advised purchase shopzilla also problem returned orders plz look matter solve
5,make policy flexible
5,good behaviour
1,struggling make refund past 5 days shopzilla shopzilla
4,super nice approach
5,thanks shopzilla
5,nice
5,better
5,
5,best
1,satisfied sweet words thanks shopzilla support team
5,thankyou customer solve problem
1,terrible experience order delayed no one clue whereabouts review social media follow
5,bothere costumer
5,work feel free contact number thinking career change looking job optional consider growth invitation work excellence
5,communication grateful kindness customer supportive agent
5,good
5,quite nice supportive behaviour
5,good shopzilla
4,please provide option billing address
5,expect quality overall service currently provided maintained future also
5,also reach village uttarakhand
1,call disconnected not respond anything
1,wrost service
5,good
5,thanks shopzilla
5,good
4,still waiting issue resolved
5,good behaviour
5,
1,no one idea raised concern within replacement period intentionally shopzilla taking extra time pass return period raising complaint consumer forum needed go legally
1,solve problem not repeat word like sir hm kuch nhi kr payenge
5,happy
5,done
1,poor folks ever dealt no seriousness damn good saying sorry pls understand not useful providing solution adequate reasons
5,provide control customer care agent resolve issues save time form customer shopzilla thanks
5,dokha baje hai customer name
1,delivery not pickup pickup
5,please improve process brand related return replacement policy no clear response brand replacement
5,good
5,good
5,please add option shopzilla app missing product grocery
1,executive say send service center number address till time not received call 2 time shopzilla no massage received till time
1,pathetic service office chair got delivered without nut bolt support team not able solve problem
4,easy ways resolve customer problems taking much process time
1,no
1,band kardo ye froud app apki bavkhop mat banavo bad product apki customer service bhi bakwas apki chutiya mat banavo
1,not helpfull pathetic
5,good
1,no idea discrimination orders replacement order new order
5,good
5,
1,wrong info defected products delivered
5,vary good talking skill
4,agents much information
5,even still confused bcz know bank still charge interest no cost emi per notes product good job far expertise gud luck boy shopzilla plz make easy contact
5,good
4,good behaviour
5,good
5,good
1,unexpected support shopzilla team support team not update product delivery morons support senior support engineer always break even moron time listen customer query
5,no need
5,good
5,add language talk e gujarati otherwise perfect
5,fault product not allow sell
5,good
5,good
5,good
5,good sir solution problemtq
1,product received not satisfying
4,good
5,good
5,nice
4,good
5,actually helpful thanku
5,good
5,awesome
4,good
5,thank
5,good
5,good
5,good
5,small gifts
1,bad services
5,happy work
1,not happy
5,nothing
5,customer care executive prompt helpfuk
5,fast problem ka
5,good
5,thanks helping plz waiting refund hav order something else
5,good costume service
5,good
5,thank
4,good
5,good nice person
5,thank
3,good
5,thanks
5,thank much sir
5,poor apk
1,associate not willing help coached speak consumer worst service ever received
5,ty support today
5,good
4,good contact
5,good
5,nothing
5,excellent help
5,thank
1,3rd class policy
5,order wiil late
4,customer care executive good helped lot
5,good person
5,good
4,yes
5,good
1,please return money take product
5,nothing bad shopzilla product thing made unhappy that闁肩儤甯 崺妞ゆ垼妫勬俊绌
3,issue pending long
5,nice
5,please send invoice grocery order really hectic find anything missingthe customer service executive helpfull quickly gave resolution appreciate good job
5,problem solved time im happy thank customer care
5,good super
3,ok
1,issue not resolve
5,support executive decent person n understand problem
5,impress
5,bahut acha
1,call getting drop shopzilla every time without providing appropriate information
5,thanks
5,good
1,not good service
5,delivery boy bad performance
5,good customer support
1,zero support not even picking return no person came yet blackmailing client please help
4,call user friendly
5,thanks resolve problem
5,good
5,good customer care
5,please return product asap refunds
5,nothing
5,thank
5,person spoke understood problem well removed problem thanks mam whose voice like cuckoo
5,nice
1,false promises made cust care executive arun no one tried reach call neither actions taken da rude still nothing done finally order got cancelled
5,everything good
1,rate within mrp case 100 charged product no return policy available
5,way explaining good problems solved no problem think sir 20 years experience understand
5,thanks
5,nice
5,custom ki help kijye dhyn se
5,delivery related issues not rich time time delivery boy cancel
3,good job
5,good
5,nice behaviour calling person
1,stop scam people
1,maintain good quality products
5,thanks conversion solved problem strongly happy
5,good response
2,ok
1,plz retrun product alredy used
5,nice polite representive
5,nich
1,no comments
4,good behavior
5,professional customer support
5,no
5,please check whether electronics working condition dispatching customer thank
5,good working
4,give direct option call rather explaining automated replies
5,n enterprises ko black list kijiye
5,thanks support
4,time issue problem could solved two days ago also not done third call accepted return
1,please refund
4,hsh
5,good talk issue late night thanks
5,really helpful level
1,problem not resolved yet called two tym got disconnected shopzilla want resolve problem
5,nice
1,12th se deliver hi kar raha hai bechara driver use koi address bata
1,order
4,ji
5,yes
5,sell fake products make fraud
5,customer care supporting good
5,good
5,improvement resolving problems
1,team aware process
4,please try deliver product faster
5,nice
3,nice
5,pizz dilevery past sir
5,customer support executive nicely helps resolve issue
5,good
5,thanks
5,need improve information app
5,thank much riya mam tried best help solve problem
4,please keep quality products site reduce time effort shopzilla customer
1,bad experience wt service
1,waste time
5,5
5,good
5,coll senior customer service
5,good
4,good
5,good service
5,nice talk
5,no
5,good
5,sometimes no e mails comes end regarding conversation sometimes many executives tell us waite 2 3 days resolved no emails updates even receive mails conversation rating
5,everything good
5,super
5,awesome
5,good sevice bad pick boy responsibility
1,resolution not received
5,nice
4,nothing
5,good
5,good person
1,item shows delivered website customer care tell not delivered according system kind bulls
5,delivered time not
5,helpful costmer care
4,l
5,good
5,good
4,good
5,helpful provide support language especially
1,get refund delivery man scamed delivery man rude
2,communication quality content speak awful
5,interaction good hope issue resolved wish
5,thank
5,thank
1,customer support visibility means support
1,nothing difference contacting customer care whatever information available app providing human need information human
5,talking mam listens problem well said raise ticket soon problem solved
5,
4,good work done executive
4,good
4,no
5,good
1,problem not shole
4,good
5,good service
1,negative feedback shopzilla seller even
5,good
5,good
3,thanku
5,plz time customer want punctuality
5,try understand customer delydete samay open kark hin diya jay
5,im happy shopzilla
4,good
3,no
5,thanks sir
5,great manners customer executive policy bad shopzilla offered protection plan worst
5,good
5,good
1,not help bad searvice spamer
5,well needless say shopzilla support team helpful still would like say helpful compared ecommerce sites
5,good
1,dont even know english not understanding customer voice
5,communication agent good hope resolution
4,requested return per return policy no one picked pick got auto cancelled
5,good
1,simple ask updating billing address could hear executive rehearsed answers
4,poor ex
5,thank helping
4,good
5,product pickup service slow
1,mere pass product damage use replace bhi nhi kiya bad shopzilla not e issue
1,worst service shopzilla
5,reduce time resolving problem
5,no
5,resolve issue soon possible
1,
1,never helped
1,not good
5,good talking
5,customer care solved problem well explained
4,time taken much process
5,thanks support help please humble request get refund fast
5,good
5,no
5,good
5,no cancel delivery
5,mast app
4,try solve problem
5,helpful given good customer support
5,good per opinion
1,not good working
5,good nice communication ms shivani
5,happy
5,5star
5,that闁肩儤甯 崺妞ゆ垼妫勬俊绌 sir great闁肩儤甯 崺妞 nice supporting
4,godddd
4,nice
1,wrost
5,5 start
5,good behaviour quick response thanks flifcard team
5,good
5,good
5,shopping shopzilla best app good quality products good vealu money thanku much shopzilla
5,good
5,good support
5,good customer care experience
5,thank much
1,today solved
1,coustmer care adequate information follow sop
1,ordered moto edge 40 22 july 2023 concern product defective rear camera return phone day delivery return request rejected problem not solved customer service executive provide wrong information today date 16 aug 23 problem not solved phone not replacement plz help
5,excellent
5,add languages like telugu etcc
1,not resolve
3,ok
4,description cp plus cp e34a 3mp wifi provided website nowhere mentioned compatibility 2 4ghz 5ghz not able use item fault shopzilla
5,good
4,good
5,behaviour good
5,difficult return replace product need run smoothly
1,waste
1,issues product contacted shopzilla provided toll free number not getting connected
2,bad policies
5,interaction telephonically good experience talk nyc n solve problem thanx dear
1,fire girl no idea problem no effort solve problems arrogance rude pathetic experience
5,good
5,return refund p policy trust worthy transparent best police net marketing business
1,worst third class
1,worst experience delivery side
5,small issue taking time resolve
1,mere pass product 3 july missing mein return dala koi pickup lene aaya uske bad aaj tak na mujhe complete product mila na mera refund mila please sir refund ya product vapas kr dijiye
5,thank shopzilla
5,highly unsatisfied installation demo
5,
5,excellent
5,good job
5,available mail calling facilities
5,response good
5,thanks miss geethansi speak nicely politely understand problem giving correct information humbly lightly good shopzilla help care customer communication nice star thank
5,pickup nhi hua
5,problem still not solved shopzilla cancelled request u2019m disappointed u2019t expect types problems
5,miss forwarded query concerned department guided regarding issue
5,good
5,please refund
5,customer support understood problem resolved problem thank much customer support service
5,problem solved madam ji happy customer help thanks given help
5,still problem not solved
4,include change bank account return please
5,good
5,executive talked helpful
3,good
5,thank
1,order id
1,still order not delivered know right
1,good
1,chutiya app koi bi isse order mat karo
5,good
5,good
5,awesome thank u shopzilla
3,
5,thank much help
5,customer care executive issue resolved short time great work
5,best
5,really helpful resolved issue quickly
5,helpfully supportive agent
5,good
5,good
1,shopzilla chor company
5,educate callcenter employee regarding sell sevice policies
5,every thing good interaction costumer good caring costumer thank much
5,good
5,support agent helpful
5,good
1,issue not resolved no point asking review
4,good
5,satisfied
5,thanku much mam
5,good
1,getting worst day day
4,customer support team easy accessible not like kept waiting
5,thanks smooth cooperation specially customer support executive nice lady happy behaviour
4,good
5,good
5,good
5,chek refund policy
1,shopzilla bad service
1,time not happy
5,sir baat kar ka bahut thanks shopzilla thank sir
1,money nd product
5,good employee
5,good
5,please deliver orders dates tell day ordering
1,worst experience ever
5,issue resolved
5,excellent
1,gave wrong information
5,goid
1,knowing service executive parcel customer exact location contact delivery boy hub location number know information asking parcel
5,good way
5,good communication skill resolve query
5,conversation good better fil
4,think best customer support delivery no issues
5,satisfying
5,nyc talk
5,thank
5,nice shopzilla customer service
5,good
1,auto disconnected call executive
5,good services
4,good
5,thank shopzilla
5,good
5,please take watch seller
5,good resolve
5,awesome customer support
5,no comments
5,good talking friendly behavior
1,delivered problem not accurate shopzilla shopzilla
5,no
5,polite helpful executive
5,good skills
5,happy
5,provide customer support no
1,please provide proper services cusyomers customers giving money product still not receiving good service poor service shopzilla not satisfiedat
1,bad service shopzilla
5,achha lga baat kr ke
4,thank u
5,good
1,not good service
1,worst experience shopzilla
5,godf
1,listening issues executive u2019t able listen voice mor 3 time happens every time
5,good
5,everything good
5,thanks
5,great
5,last conversation shopzilla senior executive impressive respect knowledge dealing customer really appreciated thanks maam
4,happy
1,hi
5,good
2,sahi
1,customer executive not resolved problem
5,thnk
1,packet missing shopzilla customer care no ans poor service
1,make members well trained first
5,delivery boy contact number sending costomer
5,nothing good
5,difficult reach customer care
1,nil
5,helpful
5,goodbehaviour
4,good
5,thanks bro
5,good srvice
5,thanks
4,take much time requestread resolve
5,trusted
5,bauhat kamiya hai abhi
5,thank much help karne
5,bast
5,good castomar sport friendly relationship
5,good
5,exllent
5,decrease wait time standing queue 2 3 minutes
5,nice support customer support executive shopzilla
1,anusha worst customer representative ever faced entire life
5,good
5,thank
5,u r product amazing
1,poco m5
1,return money not delivered item eta 3 days simply unacceptable
5,nothing
5,thanks customer support helpful
4,nice
1,hello team ordered men slim fit printed spread collar casual shirt 05 07 2023 09 06 pmand product delivered address 12th july two days order not show delivered shopzilla app call made exchange request larger size xxl customer care representative said 18th july product exchanged exchange processing exchange id product not picked exchanged larger size xxl shirt one representatives said issue coming delivery agent delivered product address not put product delivered system exchanged within 48 hours time app showing resolved issue not resolved yet end none representatives contacted contacted phone called multiple times customer care issue not resolved yet much frustrating pathetic one month one product not exchanged yet not resolve issue exchange product size xxl please refund money inr 399 00 take back product size xl phone number
3,pls send new item get item name giving item please confirm identity person booked item shopzilla
5,hf
1,nothing
5,super
5,super
5,good
5,issue still open
5,shopzilla staff helpful staff
5,polite excutive
1,order packaging not good no tag brand quality low order parts missing shopzilla froud
5,solution required time within 08 hours
1,flif wale lutere hai refund pura nahi e choor hai
5,good
5,talk customer support easy
5,executive understood query well request resolve quickly
5,
5,good
5,customer support recent call fabulous
5,inform action taken delivery personal rude behaviour
5,shopping easy customer service good hope query resolved time
4,good
1,cheat people
1,need take charge product delivered rather customer
5,good thank much
5,understood concern least done everything possible side resolve issue
5,thank
5,good service
4,no returns add replacement exchange policy saw first time no replacement no returns damn product totally unfair side policies going wrong please update policies
2,shopzilla worst services user get time slot recieve delivery day gets waste replacement order cancelled
5,good
5,well done
1,company
5,good
1,good
5,plz make responsible ur sellers must take care packing right product
5,packaging horrid needs total revamp
1,please hire educated staff
5,good
4,good
5,good
5,nice
5,95 problem resolve thanks shopzilla customer care
3,change policies worst atleast bad level
5,5
5,ok
5,sir mast se bat rhe
5,done
5,hi really appreciate agent response resolution given
1,disappointed disconnect tlaking
5,happy
1,bad experience
4,u
3,issue not resolved solution given customer executive instead increased following instructions
5,ok
4,taught good given long time solve issue
5,mukher product ke bareme bat ke batu acha lag costember se bat ke jo bat 1 1 wad se hota gaya vi batu se soping kana chaiy happy thanks sir jjjj kiran happy
5,bot acha rha
4,shopzilla need controlle sellers make policy flexible regarding cancellation order seller side
5,good
5,satisfied
4,customer care executive good wm not good
5,excellent
5,thanks u
5,advisor handled case calmly resolved soon happy shopzilla always
1,battery not box
5,shopzilla shopping always best
5,good
5,happy
5,good
1,no
1,best way confirm costomer account quarry app local help phone number concerned person name ad simple
2,charged extra amount product purchased no cost emi option bad experience unhappy hidden charges dealing shopzilla not agencies diverted issue idfc bank idfc already told offers shown time purchase shopzilla whole responsibility shopzilla diverted please resolve issue
5,
5,consultant talk nicly
5,v da ss
1,dissatisfied
5,good
1,customer support executives dealing issues information issue needs seriously look
5,thanks
5,good help
5,thanx customer support
5,please check electric gadgets send product thanks otherwise every serives excellent
5,good
5,nice
5,customer care number shown help desk direct intaract executives
5,always feel shopzilla digital door step services thanks
5,customer care manage super talking nice properly voice also nice good talk everyone shopzilla thank help best happy man help customer care man customer care 5 5 star thanks
5,good
5,nice service
5,thanks helping
5,everything excellent
5,good
1,nothing
1,
5,good
5,good
5,nice talk problem also resolved thanks shopzilla
5,good
4,good
4,executive continuously talking stay quiet looking information confirming information 10 times
5,fine
5,thanks shopzilla excutive im happy tolking satisfied thanks
5,thank u much help kiye
5,thankyou much
5,excellent
5,no
5,fully certified
4,always good
5,good
5,good
5,trap people name shopzilla wallet make easy transfer money payments eg bill payments recharges etc
5,good
5,well plzz always like
1,problem not solved
3,poor n worthless policies experience got multiple time damage priduct wrong product missing product secondly shopzilla didnt provide sellers contact detail share address come posdible contact irritating return policy 50 rs penulty reason n howcome customers satisfaction no value shopzilla time order product recieve n anything wrong return messy n irritating no flexibility want say improve custome relationship shopzilla n better u go tired service
5,supportive
5,good service
5,good
5,everything good
1,improve
5,thanks communication helpful
1,maine 11 august ko shopzilla basket order ki thi 14 august ko recive hui thi aur uska total payment 901rs tha maine jo item order kiya vo 7 item lekin mujhe sirf 5 item hi recive hui hain aur mujhe delivery boy ne bill receipt bhi nhi maine kitni baar help center main bhi baat ki waha se bhi koi jawab nhi aa raha na hi koi coll mujhe bola gaya ki apko humre higher officer ka coll aye gaya ke regurding pr koi coll nhi aya
1,no thanks
1,wrong
5,not received mail sms issue
5,bahut acha
5,person nice
4,
5,good support
5,replacement product
5,thank
5,good
5,nicee
2,shopzilla functioning like goverment organisation please understand problem customer point view
5,happy
4,make effective policy customer seller make easy policy contact customer cares
1,bad sarvice experience not good not good every time guide
1,disappointed shopzilla
5,ok
3,plz tv replece
1,ms deepa call disconnected not complete sentence mis behaviour
4,1st 2 call didnt get response two female candidate 3rd call get nice response excutive
5,please arrange customer support regional language
5,hii
4,thank
5,thank
5,good nice
5,good
5,shopzilla good workand good worker also
2,not approve sale food items going sell like dryfoot without checking complete quality product received not complete quality
5,ok
5,cust sup rep could understand resolve issue quickly first time last 12 yrs shopzilla customer rep could help resolve customer issue employ kind reps show ownership
1,ecilent
5,happy
5,arpit handalled issue smartly executives big assets company thanks arpit
5,waiting solution due lag showing delivery status
1,delivery agent not good
5,good
5,product worst money cheating
5,good
5,customers service good
5,nice
5,complaint raised take time solve issue
5,packing original product bad delivery exchange not helpful
1,missing packaging
5,flexibility company regarding goods
1,sorry not suggested
3,app website not written delivery product filmora 12 e mail else would not ordered product
5,good
5,ni working
1,missing product
5,nice
5,good surpport
4,contact supplier make strong
4,need faster approach towards refund
1,mera item mughe nhe mila
5,thank shopzilla
5,good job
5,helpful good communication
4,good
4,keep waiting hold connect customer agent
1,worst mentaince
5,fu8fdu
5,bro solved problem
5,helpful support
4,good
5,speedy response
5,thank
5,please solve problem
5,happy
5,thank much help please refund complete digiye
5,good conversation
4,experience goodbut kindly process return request
5,good
5,polite person
5,good
5,good
5,good support
5,good
5,service good nothing changes
5,nice meet
5,customer support helped well
5,please make sure u help customer soon possible waited lot order not picked disappointed
4,good
5,good customer care service
4,thank
5,customer care executive helpful
1,product not pick exucative behaviour bad
5,nothing improve well behaved well mannered gentlemen assist well
5,everything fine
5,nice
5,thanks
1,bad shopzilla trouble kindly contact
5,im talking executive person mature understands problems im facing
5,open box delivery product showed customer also responsibility delivery boy
5,nice customer service team
5,good
5,gg
5,thank
5,rihgt inf
5,super
5,good
5,customer support executive behaviour good
1,complain money not refund
5,customer support executive good cumunication thanks helpful executive
1,problem resolved
5,se baat karne solve kardenge
5,good experienced employee
5,good service boss
5,good support help center
5,talked shopzilla customer care executive named shruti overal good polite regarding issue hope complain raised soon resolved
5,need carefull order placed customer
3,kept waited connect senior connect
1,support executive failed help
3,nothing
4,available
5,well done
5,agent well knowledgeable hope issue get resolved asap thank
5,nice
5,let know contact number delivery person
5,good
5,thank much anand resolving issue reaching multiple times talking multiple agents resolved issue patience knowledgeable professional
1,shopzilla executives understood well suffering loss delivered insufficient item still not tried help u2026 one go box adjustment customer satisfaction shopzilla u2019t care bit customers poor bad platform
1,discuss ms not given proper answer said talk service center center person talk brand
5,nice
3,poor delivery pickup service
1,transfer gift balance account
5,nice
5,ok
5,nice talking easily understand
5,excellent talk nice
5,customer good buyers
5,please make sure sellers selling good products not used products pay products buy
5,good happy
5,nice
4,pleasant experience talking prity
5,no good job keep
5,time dihlervy agent not good manner pleaseimpove
5,good behavior good language imploi good feedback
5,kindly mention reason cancelation
5,good
1,received used product not able use since placed order jacket also stained jacket dirty
4,good
5,good goodluck
1,
5,thanks helping
5,good
5,annoying return since 29 july please help
5,great
5,ok
5,salve problem soon possible thanks
5,good
1,customer support guy even know information properly
1,poor
5,itna kiye thank sir
5,good one
5,good
1,worst service ever take money u2019t even care reply back customer fraud company
5,ok
4,ok
4,thank
4,reduce time support
1,follow script information apart information given app l calling last 8 days nothing improvements
5,good
5,good
5,seller take action not delivered item timely delay no information regarding one item 8 days
1,match prices resend product fresh order case old order cancelled seller non delivery
1,bad conversationthank want lot got
5,exilent
4,good
1,no resolution till 23 days
5,good results
5,nice person
4,service good
5,nice
3,please work solve issue
1,shopzilla delivery info not updated customer service not able resolve delivery man not responding saying collect order fro warehouse hours
5,good communication
5,good
1,not happy
1,transparancy zero
4,not supported mothertoungue
5,thanks
5,solve problems
5,nace
1,completely unprofessional much noisy surroundings children shouting customer support calland not able resolve issue no knowledge next call problem resolved
5,good
5,good customer supporter u2019m happy
5,thank shopzilla really helpful
1,bangar poor language tonking costumer
5,good
5,refund
1,bad customer service
5,good thing
5,nice work u great
5,nice
5,good conversation
5,shure return replacement policy
5,quick solve
3,problem not getting resolved quickly
4,thank
5,hii
2,happy shopzilla se shopping karke feel good
5,azhad sir aapne mere se politely baat kar ke dil khush krdiya luv u sir
5,good
5,nice
5,satisfied
5,please provide easy contact customer executive
5,thank much mam help
5,good job
5,
5,kindly send updates quickly parcel not reaching time
1,issue not resolving last 12 days
5,thanks shopzilla
1,nice app shoping
5,good
1,bakwas
4,good
5,customer executive good cooperative love way execution make problem easy
4,try solve query minimum time
5,good service farhan
1,pathetic customer support word heena vain
4,please update information product time given shopzilla expired not resolved
5,excellent
5,plz check product delivered
5,good
1,pleasure talking shopzilla costomer care sir pls solved problem
5,helpful man
1,service
5,boat support not pic phonebut shopzilla work good
5,improve information status complain like status delivery product shown correctly
5,good
4,customer support nice butthis type agent must fired try make wrong information customer
5,good person
5,no
5,got good behaviour customer service executive happy also resolved issue helpful
5,mr interacted well understand problem company senior team nothing simply passing balls
5,agent good service shopzilla providing not upto mark ordered product nearly 2 weeks delivered yet no proper update given product well second time facing issue delivery would request please look resolve
5,good consecration customer care
5,thank receive money request ans resalve immediately
5,good
5,no trust shopzilla totally froud company say use shopzilla senior authorities illiterate bulsit problem not solved last 2 months shopzilla authorities waiting next 48 hours daily leave shopzilla app no trust instagram facebook share total froud ecommerce sites directly contact seller action seller complete pickup 10 days condition not complete pickup 10 days shopzilla directly initiate please create new policy customer help customer king okay not illiterate begger help many customers shopzilla ecommerce sites losses future bankrupt
5,best
5,solved
1,always happy service time not received wrong order problem not slowed
5,issue solve
1,coustomer service delivery agent pathetic service dilvery agent not receive call not professional behaviour timming delay pathetic services shopzilla
4,ok
4,actual ordered product not delivered wrong color wrong model delivered please look martter
5,nice
1,customer support
5,good person thanku
1,worst experience 2 timeswhile complaint phone not taken serious issuesvery worst delivery person
1,suffering last 15 days replacement tv without technician visit two times replacement cancelledi would like know rejected replacement
5,conversation made major languages
5,please reduce shift timing executives
5,good
1,good
5,please help thank much
5,good
5,customer executive good behavior soft spoken istant problem resolving
5,
5,need clarity order quantity order placement quantity
5,good person
5,
5,mr solved problem kindly gives appreciation preet good job
5,carry
4,ok
4,please give refund
1,issue not resolved even completion 1 month
5,good
1,orders delayed
5,good conversation
5,please solve problem fastly
2,good
5,give direct contact number delivery person customers
2,not setisfied cousmter services products not delvered right time delevery
5,thank u
5,humble helpful costumer service
5,upload images
1,shopzilla seller bed
4,good
5,good
5,problem solve timely thanks shopzilla
4,make sure product fine deliver costomer improve website background white font colour white write message website difficult see wrote black background black font colour
5,thanks
5,good
5,manage control delivery person
5,please resolve issue asap
1,not support false advertisement
5,good service
5,good person behaviour beautiful solve problem like person thanks shopzilla hiring person
5,good
5,no tqs
5,impressive
4,good
5,good
5,nice
1,worst
5,good service shopzilla
1,product not delivered shopzilla flatform sow product deliveredplease help please reply methen going dist conjumar court fir aegent shopzilla online shopping apps
1,please
5,ritan
5,bahut bahut shukriya
5,good
5,good
1,bsri bad product
5,good
5,issue product delivered
5,good
5,good
5,thanks
1,resolution not resolved
1,consumer executive better knowledge solve problem
1,not happy getting wrong product
5,thanks sport customer care
5,today talked senior executive really appreciated gentle approach sound knowledge problem solving system thanks madam
2,super coin not received order till 3 days
3,thanks sir call p smjahen k liye
5,thank
5,good conversation customer care
4,good
5,please ensure items ordered packed despatch recheck items carton box
5,good
5,poor delivery service
5,good
3,okay
5,excellent service provided executive
1,worst experience delivery side
4,nothing
1,no help provided called 10 times call dropped always
5,nice support
5,thank much sir
5,good service
5,two persons talked great work second person awasome solved problem one minute 20 persons not able solve previous calls awasomeshopzilla must promote hire people like thnx person shopzilla
5,good customer service support
1,get return option order
5,executive helpful
1,bad services
4,no
5,excellent person
5,please make separate section queries related shopzilla pay later
5,bhahut acha
5,great
1,chiter company directly chiting customerlastest new company employees suggest fully wrong suggestion thanks support
5,nice information
5,good mentor sandeep thank support
5,costmer care service goodbut wish master good
5,md dilkhush
5,good
5,thank shopzilla support
5,no direct contact number customer care
5,thank
1,terrible experience shopzilla support
5,good bahut achha
5,5
5,good
1,mistakenly wrong product given delivery person please return product take product delivery person check item taking please help
5,thank shopzilla customer service support
4,jab koi sellar order cancel karata hai se customer se ek baar puchh le issue k karan abhi rahe hai yadi aap refund chahate hai cancel karake refund de dengeya phir yadi chahate hai product uplabdh date aapko order bhej denge yadi aap kuchh aur wait karana chahate hai bataye ya phir refund chahate hai batayebas sa nhi kar pa rahe sellarmera orderlekar 2 baar resudule delivery date change karake wait ne hamse pucche bina order cancelkarake refund de diya mujhko bahut saath nhi karana chahiye aur sellar se se ye request order pricepar order phir se le aur j jaldi sake delivery karaye dhanyavaad aap sabhi ka
2,v good
1,shopzilla fake fraud company 10 days issue not resolved delivered fake product unable place return request order going take strict action
5,thank lovely support
3,please add hide feature order
5,try best service provide
5,good
5,thank
5,
5,good
2,executive useless ai provide response gave
5,pls solve problem
5,shopzilla team thanks
5,think wrongly choosen shopzilla shopping
5,aa good
1,purchase anything product shopzilla no replacement policy shopzilla agent cancel order no refund
5,thanks
4,good
5,custumers service best
5,nice polite helpful
5,good communication skills
5,nice talker query resolved
4,customer support listen not solve query
5,thank
5,good
5,great experience customer support team thank shopzilla
2,answer costmer call
5,no thank
1,last time facing many issues shopzilla no one showing ownership customer support selleron web showing something booking booking getting changed like price delivery time complaint not got update shopzilla team disappointed think change platform since something going wrong
1,issue not resolved
3,please change exchange policy eles really matter next purchase customer online platform buy product might not like delivery unboxing product option refund exchange policy dislike colour dislike product damage defective product change service center exchange policy buy product online buy local shop get exchange policy see product real please think policy next time surely think buy nay product platform really like shopzilla next time surely think thanks regards
4,ask rate service whole rate 3 consultant good skills work
1,customer service designed help customer
1,no action complain
5,customer executive polite humble great communication conversation us understandable thanks
5,ok
5,
4,time efforts high resolve issue
5,super
1,excellent
5,good
5,good
1,poor service
3,nice talk
5,please take genuine working agents delivery
5,excellent
4,refund issue bank shopzilla executive said got credited visit bank waste time u2019t repeat issues please
1,customer care fraud even spending lot time not resolved not even got refund
5,good talk
5,na
3,happy shopzilla
5,good mam
5,although customer care executive displayed high level proficiency efficiency solution still pending would like shopzilla provide solution earliest
5,good
1,u2019t give proper service
5,coustomer support best delivery boy rudely behaviourand product delivery address not deliver
3,problem not solved message not communicated seller resolution
5,thanks saport customer care service
5,no suggestions
5,excellent
1,order not pickup today callwhy order refund canceled
5,thank bless
5,thanxx
5,good
5,amazing executive voice preety good anger product not delivered way talking good polite could convince easily thank
5,
5,thank customer educative se baat karke bahut unhone problem solve karne ki puri thank u
4,gud nature
1,problem solb
1,customer service support bad one item delivered u waited 10 days not resolve please improve quality resolve issues immediate take action logistics team delay two orders
5,well behaved finally understood everything saying tried hard help matter due issues resolved always grateful shopzilla
4,hppy shopzilla availability peoducts
5,highly skilled staaf great service
5,supper mam
4,thnx
5,no
5,good executive
5,thanks helping
5,satisfied costumer agent
3,solve problem related shopzilla
5,improve order tracking system
1,issue not solved since one month
1,sent used product
4,good
5,good
5,good conversation
5,policy subscription ask
4,mr nice executive ever seen shopzilla decent polite every possible effort understand query adressd well rest would give overall feedback query gets resolved
5,vary vary good
5,good
5,customer care best
5,please resolve problem soon possible thank shopzilla customer service
5,good
4,customor care baat karneme happy
5,customer support person polite professional explained everything perfect helped lot solve issue
1,
5,not got status order
5,nothing
1,hav got damaged product
5,excellent customer service truly amazing
5,write communications maintain effective communication
5,problem addressed nicely
4,good
5,customer care good polite
5,nice
5,excellent quality communication customer support executive
1,bad service
2,much time taken every advisor giving answer issue unresolved since long
5,amrit stay safe happy
4,good
1,good
1,damage product provide not solved problem
1,bad delivery service customer service
1,delivery service poor
5,god
5,good
5,great talking understand pov resolve problem great
5,good
5,good
1,not able understand provide customer proper resolution
5,good
1,subjective talk no concrete solution
5,good customer care service
5,good work
5,good
4,thank sir
3,no customer care system good
5,customer support executive good
5,accha
4,overall happy customer executive
5,useful
4,good service
5,happy customer support services
3,nice
5,good service
1,no response
5,good
1,fraud done agent shopzilla
5,good
5,polite executive
5,impressed also reduced problem
5,good
5,nice
5,thank support
5,shopzilla
1,due shopzilla huge loss wasted time not good
1,bad experience
5,good
5,nothing
5,customer support executive behaviour politely customer friendly
5,plz provide shopzilla customer care number
5,good
1,worst customer service executive ever
4,nothing bye
1,solved issue quickly everytime delivery slow not customer excative forward complains
5,excellent
3,shameful executives little information help customers
1,exchange offer not setisfy 2050 rupees rahe h
5,ur best
5,no
5,good response
5,nice wandarful
2,nice
1,no resolution provided
5,please try deliver goods time
1,please product delivery time given shopzilla taking much time deliver product shopzilla troubling customers much delivery u2019t recommend anyone buy shopzilla
5,happy problem solved
5,thank
1,issue still not resolved no proper policy raised request return deviated item u resolve issue raising return logistic person cancelled return withou reason n notification u people telling already 3days return request already expired n not able take return means policies
1,bad company
1,wrong commitment executive
1,nothing right
5,good
1,raised issues 7 times regarding returned product still no proper solution quary
1,bad
5,happy customer
3,ordered realme 10 phone 3 4 days ago problem hitting secondly battery gets drained quickly charging needs charged second time rest phone fine
1,pls refund extra amount taken technician rs 500
1,want refund
5,5
5,good
2,poor english previous person said system takes 72hrs date not happened
1,pathetic service
1,no information solution available
5,good
4,good
5,follows ups important
4,thanks
5,
4,nice response
1,worst experience shopzilla product
5,improve information status complain like delivery product correctly
5,contact provided goes invalid contacted
5,product not goodbut costumer executive talk properly help
5,good communication skill professionalism shown customer representative
5,satisfied
1,shopzilla good app dealers not good
1,
5,thanks
3,consultant not able collect information order near shopzilla hub
5,good job
5,executive skills quite nice apologized unnecessarily okay not big issue
5,thanks help nice
5,nice service
5,good
4,good
1,poda
4,response time long
5,good service
1,problem not solve
5,good coustomer sappoet
4,expect fast delivery service
5,good
1,false promise u2019s cheating executive told u2019ll resolve issue creating fresh return product kept waited u2019s nothing resolve issue
5,good
5,customer service executive quite good communication problem solving approach recognised efforts
5,
5,reduce time resol
4,satisfied
4,no thanks
4,report issue seller make restrictions bad quality products makes doubt customers believe shopzilla product service shopzilla must arrange compensation bad producet not returned
5,good job
5,good
1,voice problem not refund
5,conversation good
5,good service
5,absolutely good
4,please send another product
1,wrost feedback service shopzilla
5,thank sir
4,abhi tak thik information nehi mil
5,good
5,nothing say
5,quick good response customer executive solve query thanks
5,good
3,good
5,needs product order light gold
1,thank
5,v good
1,customer service team information previous revert also proper response provided instead extending dates no mechanism speak supervisor case unsatisfactory resolution
5,plzzz look concern u2019s humble request u please
5,thank
5,good
1,sellers making froud platform
5,good
5,
5,pls give real information product
5,costumer care good supportive tried solve issue
4,please fix delay issue thank
5,please make easy contact customer care
4,want refund option mivi bluetooth speaker
1,good
1,really bad service
5,no
1,issue not resolved
1,poor delivery service
5,customer support solve problem return item
5,customer care resolved problem short time
5,good executive
5,customer service team replied complaint time professional manner however not happy delay delivering product
5,good
5,thank
4,quantity issue
1,baad experience
5,helpful
1,poor quality
5,ananta efficient helpful
5,thanks
5,na
5,thanks
5,mahesh professional polite helped clarified queries patiently
5,good
1,thank
1,sending broken product not returnable category completely unacceptable
5,good
5,main concern exchange get exchangeed item would convenient convencing would get order time pick would convenient trustworthy hope get order
1,received another product not returnable want refund
5,nice
5,best sellers
5,good knowledge
5,liked person bhaiya ne meri bht help bhiya ka bat krne ka point vhi bhaut aacha hai thanks bhaiya
4,4
5,good manners
5,thank
1,18 h 30beleghata rode
5,good
5,good
5,delivery delayed pls deliver time
5,solv immmideately
5,avoid fraud seller
5,good
1,
5,bauhat jaldi call arrange zyda kya chahiye
5,good
5,satisfied
4,good
5,good customer support
5,no
5,good behaviour
5,fathima well need good pat back
5,aap customer customer service ki baat se karwa ke mamle jald suljhaye
5,
1,no resolution still issue unresolved pathetic experience
5,executive person good
5,thank
5,contact customer care shopzilla pay later account closure raising issues old purchases make separate section
5,nice work
5,happy talking coustomer care executive
5,glad feeling support answers query important thanking
5,always check availability stocks
5,good behaviour
5,good
5,c
4,hear disturbance call
5,good support
5,great support
5,good
5,good
5,good costmer halp
5,thanks
5,ok
5,good
5,thank
5,excellent
5,nice
5,nice talk
1,higd
5,good
1,v nice
2,refund policies poor
5,nice man
1,pathetic service world nothing improve
4,good
5,good customer support executive
5,thank much customer care
5,thanks exicutive
5,satisfied customer service agent
5,good
5,good satisfying
1,everything delivery issues shopzilla no issues order superbuy shopzilla improve lot think happen soon
5,nothing improvement
1,customer care executive cut call not able help query totally unacceptable
3,improvement hona chahiye
5,thank sir
5,nice talking
5,supporting customers excellent
5,awesome
5,time great
5,good
5,good
5,good
4,please resolve problem soon possible
5,good
3,corporates well thanks
5,delevery service improve
1,bad experience wrong product received pls refund money
5,nice shopzilla costomer sarvice thanks
5,yyjhy
5,good
5,bahut achha support
5,thanks
5,good
5,support executive resolved issue thank much
5,ok
4,delever good product customer first time not haras customer
5,yess
5,customer support nice
1,not charging power bank
1,want return product
1,customer support executive behaviour rude not professional behaviour
5,no
5,please careful baby products
5,thanks
4,good
5,strongly good
5,really nice talking sabha good communication skills clear point really appreciate help
1,bad experience solving problem
5,executive not rights resolve immediately forwarding concern team better could able solve
5,nice conversation
5,awesome
5,
5,feel really nice talk customer care literally good
5,prompt assistance
5,thank maim
5,good
5,happy
5,calling excutive nyc humble
5,thanks shopzilla
4,easy connect customer
1,issue not solve costumer service
5,gud
4,bye
5,nice behave
5,thnk
5,talking language awesome
1,intime delivery product
4,return policies
4,good
5,primery customer support executive not able answer quarry secondary response good prompt resolving issue
5,good job
5,shopzilla good service proper guideance make sure given others brilliant experience
5,v nice
4,no
5,good
5,start chat service conncet customer support
5,baat krke helpful
5,pament pay order panding hai
1,solve issue first
5,defficulties faced reaching customer care support executives please make easy call
1,worst experience shopzilla support team never suggest shopzilla anyone
5,good
1,poor shopzilla
4,happy problem gone solve quickly
1,bed disgusting unprofessional online shopping fraud unacceptable habitual offenders offers exchanges not willing accept showing options time order booking issue mentioned wrong no address pincode miss match offer exchange redmi7a 2500 screen damage category instead no issues mentioned wrong reasons delivery side organisation fraud
1,no return option want take product still bound no option return app really bad gon na telling everyone worst app order anything hate app
5,provide quick resolution
4,shopzilla staff goodbut delvey bad
5,nice conversation
5,ensure customer care support
1,executive not responding puts call mute requesting handover call tonur senior executive
5,good
5,ok
5,good service
5,excellent
4,thank help language bengali mai kare baat bengali kar sakti hu toh behetar hota
5,everything good
4,issue still not resolved
1,worst ever customer care
5,happy
5,no issue customer care beru supportive
5,good likho hindi likh ke bheje samajhh aaya nahi hame aise hi touch e chale gaye ab galat sahi mujhhe nahi pata
1,bad
5,good
5,customer service representative good
5,
5,no
1,mera parcel aaj delivery hona tha delivery show customer care support services se ki 20 08 2023 ko deliver hoga
5,no direct way reaching customer care
5,good
5,excellent customer support service
5,tq sir
2,return
5,manufacturing defect
5,nice
5,helpful good job
1,bad return policy
5,well
5,thnx
3,no additional feedback
5,nice
5,solution indicated concern problem may haeartly resolve
2,ccr able reach logistics delivery agent wish master delivery agent easily reachable
1,not get proper answer order delivery
5,thank
5,good
3,good
5,make customer representatives available within limited period time wait longer duration
5,w
5,make customer support available
5,ok
5,nice
5,great
5,good
1,order cancelled without notification day delivered customer care nothing
1,please follow company policies
5,nice
5,system delivery faster place delay much delay
4,not courier charge replace size
5,please monitor sellers available sometimes sell duplicate products due trust shopzilla affected thankyou
3,no awarded
5,thanku sir
1,bad service
5,customer care service great person talked polite humble get additional bonus call thank
5,good
5,nice yaar
4,overall good experienceneed easy way connect customer support
5,okay
5,good customer service
5,good
1,wasting time money technical issues etc
2,product leke chala abhi tak return ka
5,good
5,keep return policy flexible
5,5
4,pickup raised return product please ensure related formalities filled team denied pick parcel return asking get work done regarding mail approval shopzilla logistics
5,awesome
5,thanks shopzilla customer support
5,nice person talk
5,thank
5,good supported shopzilla
5,add local language better understanding
5,good
5,good experience
5,thanks shopzilla supported
1,still solve issue
4,every month increase paylater amount double
5,good
5,good
5,yee
1,shopzilla
5,no
4,
5,best customer executive
5,nice sir
4,thank much
1,refund hote nhi h
1,not solve problem
5,done
5,good
5,approved bahut
5,thank shopzilla customer care
4,ok
1,product page commits 2 day delivery see suppliers not commit 6 days wasted lot time energy girl utterly useless blocked money shame
4,thanks
5,good
5,solve problem
5,good
5,really supportive quick responding positively
5,thank much
5,thank uou
1,useless
5,good skill manner talk customer
5,good person
5,good
5,
5,
5,good
1,one worst customer service senior one worst service provider post delivery
1,bad response shopzilla ke
5,every thing allright customer behavior laso good thank
5,thank clearing doubts
3,no
5,thanks customer care
5,thank much helping
5,good
2,no one actually solving problem instead thing repeatedly wind query without knowledge
5,good service
5,thankyou
5,
5,thankyou castomar support shopzilla
5,thanks support
1,facing major problem since one monthbut still no response shopzilla refund amount product
5,good communication skill
4,gd
1,please call clear phone network not much disturbance
5,good manrass
5,nice
5,good
3,
1,bad service no one information delivery hub
5,good
5,please solve problem
1,no
5,good response
3,wrong statment written shopzilla
4,good
5,good
5,good
5,delivery must checked product properly distributor
5,thanks
5,awesome solving problems
5,good
5,good
5,awesome
5,thank much
5,good
5,nice service
5,super
5,good
2,nice
5,loyal nd decent talk nd easy splution gud service nd hope refund credit time
4,kindly make easier approach customer care
5,thank
2,shopzilla not tollfree no mail office address online platform not sure slove payment history
1,faltu
5,
5,thank much sir impressed toking sir
5,iam happy help
5,no thanks
5,good job
5,excellent work
5,stop selling duplicate products
5,costumer cere good talking
5,
4,really pathetic no option provided refund return receive damaged product name open item delivery shopzilla cheating customers
5,executive cool
5,best luck
5,team response issue thanks shopzilla team
1,executive not good behavior not skill person
5,good knows handle cx calmness patience
5,ok
1,realy upset iform realy not happy service provided endthe amount product not credited acount despite debited acount even product not ordered end guys teling enquiry bank complaint many times vain disastisfied service never ever order anything recommend anyone shopzilla anymore guys providing worst service
1,shopzilla give fraud items not return back
5,happy
5,excellent
5,great work
5,thanks
5,nice talk kyusbu please return product assure product not cut product available
5,nice
1,return order
5,customer care service good talking today felt would get solution
5,nice service
5,good
1,want say shopzilla please improve support staff seller seller not work properly
1,not happy
5,friendly
4,thoda jalfi replacement approve kijiye mera
5,good
5,good
5,good
5,well
5,thank
4,quite good
5,happy excutive support
1,no resolution even manager also not know current status
5,good man
5,agent professional knowledgeable refer anyone support
5,apse bat karke bahot hi apka
5,shopzilla partners executive not well behaved
5,ok
5,good behaviour
5,behaviour good
1,get kind help shopzilla
4,good
3,good
1,consultant not aware system adequate knowledge shopzilla system example items delivered system not showing pin number order contact delivery boy delivery boy showing delivered actually not delivered consultant not aware keep telling contact delivery boy going thru order improve system giving otp grocery delivery ok
5,replacement policies made options
5,costumers support exclusive team vy sincere
5,thanks
1,worsed communication
1,not satisfied
1,not able return refund item
5,good
5,thanks information mam
5,good
1,try satisfy customer payments given product purchased
5,good
5,communication clear
1,cheat customer
5,super
4,kindly refund money earliest
1,poor service
5,gyg
5,politely talk good
5,person took call awesome felt comfortable talk
5,make policies flexible like replacement refund options must granted every product delivery agents polite handling products carefully handle products harshly
4,solving problem thankful customer services batter
4,happy
5,please deliver orders time delay suffer alot
1,bahut hi ghatiya
5,good
1,worst service even seen
5,
5,
5,good
5,thanks
1,bad service provider
4,talking support assistant l felt satisfied requesting correct product replacement thank
5,thanks lot
5,nice
5,waste products shopzilla
5,ok
5,no
5,shopzilla delivery boy behaviour improve
5,good
1,bad thing order
1,chuthiya
5,best
5,best
3,need improvement
1,given problems solved
3,no etc
5,hii
1,policy not good
5,na
5,quite happy steps taken resolve delivery related issue
5,behaviour polite
5,best
5,sapot nice
5,good job
5,shopzilla team best nothing required improve thanks ashima
5,like
5,really liked ur service
1,unhappy shopzilla
5,good
1,wisdomshoppe sent expired perfume shopzilla website expiry date december 2024 waiting replacement zero confidence shopzilla get genuine replacement
4,good
1,useless customer support executive either ability understand customer issue capability resolve waste shopzilla money customer time
1,rong
5,happy feel customer service representative good
4,executive osm increase salary
5,thank much
5,product machine please help bad service shopzilla company
5,ok
4,good
5,mention delivered name
1,block type vendor avoid defamation trust shopzilla
5,tnx
5,please humble request shopzilla team give wrong fake delivery date last 3 orders mine delayed delivering fool customer sharing fake delivery date hope understand problem
5,please update phone number
5,nice
5,delivery agent hub address
5,thank sir
5,please check carefully send parcel
5,nice
5,let night help
4,good
5,good
5,good
5,order cancelled seller
5,good response
5,good saport
5,thanks shopzilla
5,thank
3,pls help replace product
5,chit se bahut
5,nice supportive exicutive
5,supportive
1,bad experience issue not solving try many times not solved yet issue
5,thanks sir
5,thank
5,5
5,good work help karne ke leye tq plz meri cancelled request accept kare mera products muje send kare tq
1,xyz
4,thank
5,no anymore
5,good service
5,nice
5,not
1,fraud
5,happy service
1,bad
4,groceries not delivered
1,customer service cut call
4,charges
5,ismein information lag call laga haiismein information lag call lagaya tum aapko main forester
1,dear team please check services calls history last 1 30months call many times resolve washing machinery issue congratulation never getting resolution technician team sharing otp technician possible issue going resolved also calling technician giving answer like not come home office fairway house 50km company assigning services call wants know issue going resolved not resolved many times taken resolution recordings conversation service teams 1 30 months also going consumer courts issue not resolves 2 days
5,good
1,pathetic experience unprofessional behaviour age old policies incompetence
5,every thing excelent
5,policies always successful
5,ai response not solve problem irritates customer kindly make possible send bill mail thank
5,excellent performance customer care
5,3rd time call customer care problem not resolve till 20 th aug im waiting order hope problem resolve side fisrt time bad service shopzilla
1,no resolution provided even policy place replacement put hold infinite time no call back resolution time line provided toll replacement end date completed shopzilla say period u2019t anything pathetic no ownership fraud sellers website purchase amount high product services priority costing high price
5,good talking customer care thank supporting
5,nice costumer supporting
5,good costumer sport
5,good communication
5,good
5,good exilant
4,please issu
5,please resolve problem
5,vv
5,good
1,not updating proper information issue resolve process delaying
5,good
5,good
5,good customer support
5,excutive kind understand say bot request resolve issue
1,one customer care executive tell transfer call senior hold phone 10 minutes ordered product shopzilla per schedule delivery come 16 today 18 day end till not received product
5,no
5,good support
5,good
4,good
1,return policy okay individual customer making request take return buy item shop take return requesting take return bought shopzilla
4,parcel picked application showing return canceled
5,iam happy
5,good
1,poor customer service
5,nice
1,wrost experience
5,good communication problem instant solve
1,change mi 5x tv broken
3,nice
1,tnx
5,nyc person
5,no option password change shopzilla app
1,make policy live video recording time delivery
4,good resolution nice talk
1,veery baad
5,good response
5,customer care service good
1,thay worst u2019t think thay even trying helpful
4,help full
1,improve behavior towards customers make fun customer issues not able give proper solution
5,mnanage delivery partners
1,told give link product complain till not came
5,thank
5,excellent customer support
5,nice
5,good person
5,good work
5,good sharp executive
5,good
5,nice
4,good service
4,please take action frauds
5,no words say abouts shopzilla customer executive good active shopzilla customer
5,good
5,thank
5,polite gesture shopzilla customer care team good communicate
1,shopzilla hi fake hai sala
1,fuc
5,gud
1,issue not solve long time not satisfy shopzilla shopping app customer support not support
5,nice
1,shopzilla hi sabse bakwas hai inse koi hota bass lie baithe hai sab bekar log bola gya tha raat 11 bje tak delivered abb 22 taraik dikha raha jabb nhi krwane ka le q lete ho
3,time resolve problem
5,talked well satisfied words customer care thanks sir
5,good support
1,found shopzilla customer support
5,good
1,shopzilla ka sarvives bahut ghatiya hai jo deta deta hai us date aj tak ek bhi order delivery nhi kiya hai iska survives ekdam ghatiya hai
1,order product difective product return request raised till no body come pickup product
1,told customer care request complain regarding cancellation fee no complain written customer care person named manika not listen problem properly disconnect phone not happy
5,purchasing product ensured related issues like damage replacement handled shopzilla team overall rating 5
5,good
5,flif application not safe terms security hacked order placed wallet amount without permission really woreset customer experience
5,custom care good
5,thanks much
1,courier boy behaviour not good bad behaviour no solution complaint lodged complaint 5 times
4,good
5,delivery goodand returns also good happy shopzilla
5,good
1,not given satisfactory answer
4,good service
4,good
5,best costumer helping
1,exchange order
5,iteme not sales warranty
5,thankyou
5,good
4,ok
5,resolve important customer problem soon possible
5,thanku
5,best
5,thank
5,need live updates prompt correction complaints
5,thank much shopzilla
5,supportive
1,customer support poor please improve
5,complained many times shopzilla pack goods little better goods not get damaged
5,good service
5,thank u
5,good
4,ok
5,customer care agent good understanding addressing
5,thankyou
1,thanks
5,communicatie
5,easly issue resolve
5,nice
4,nice
5,good conversation bitween costamber caier
5,good
5,delevery late huaa
5,thank shopzilla
1,need refund money n stop making false claims u refunded amount customer service not reachable n case manage get call line blank n no response end whatsoever pathetic services
1,delivery boy misbehave
3,voice call bad not working proper sound
5,nice
1,customer care people product knowledge case understanding ability cant give standard scripted answers
5,nice
5,good
5,good
5,good
5,kindly mention exchange option also products
5,customer support executive best
5,issue not resolved
4,could not resolve delivery man not reported item delivered sent plastic item instead tempered glass phone tomorrow
4,
5,excellent feedback
5,nice person helpful thank
2,not goog
5,nilesh quick point
4,everything fine
5,make easy contact customer support
5,super
5,5star
5,customer care must one talked
5,good excellent service provider
1,need understand us better
5,nice
1,no use talks issues resolved customers care people talks polite n work issues got solution
5,good behave man things explained well
1,issue not yet resolved
5,thank much mam
5,good
5,nice
5,good service
5,
5,good
4,nice
5,good response
5,good
5,excellent
5,nice
5,person politely talking thanku
5,satisfied customer care service
5,good
5,good
5,good
5,nice efforts address not changed
5,good
5,good
5,
5,extraordinary fantastic mind blowing
5,good
5,senior citizen age 72 not coop present technology possible provide direct customer care number solve inssues
5,happy new
1,solve problem otherwise order anything not solve problem
4,flexible polices lending partner shopzilla interns banking partner seller
5,agent polite helpful
1,service
1,stupid policy even product defective no refund replacement stupid policy shopzilla
1,bad sarvice bad prodect dilevar shopzilla bad sarvicemisho good prodectand good sarvice
5,nice conversation
4,nothing
5,thank
5,good person
4,good service provides good communication
5,good person
5,good
5,nice support
1,waste customer time
4,good
5,best executive proper knowledge workgod bless
5,aapse baat kar lga mera problem solve thank
1,much delay delivering products reduce delivery time firm delivery period commited shopzilla also need improve delivery representative proper work approach need call immediately picking items delivery respective customer
1,complaint many times regarding issue not not getting help customer service shopzilla
5,good
5,pls never break customer trust
5,include language
4,thanks
5,everything best brooo
5,nice
1,pathetic experience shopzilla nowdays
5,meea odar history delete kar ne ki kripa ki
5,please solve problem
5,please make ur customer support easily accessible follow resolution fast
1,cs dont info interested resolving issue
5,good support executive
5,good
4,lot noise talk support executive
5,25 august clear problem
5,
5,must faithfull product not sent defective product please ensure
5,good
2,want talk supervisor always not available
5,good
1,excellent
5,everything good
5,good
4,non return items option upload item received different item received speed resolution proces
4,thankyou much
5,excellent conversation thank mam
5,thank madam supporting
5,best
5,good
5,no
5,good
1,no one able solve problem shopzilla thanks shopzilla
5,great
5,help good
4,good
5,good
1,worst service shopzilla
5,no additional feedback executive good
3,product supposed deliver particular date beyond 3 days nobody contacting shopzilla explain reason behind delay
4,good
1,called spoke different product executive responded different product even giving order product name multiple times
5,please create return received damaged product
1,agent give excuse run away issue instead trying resolve
5,thank good helf full
5,good person customer
5,good
1,nothing good shopzilla everything messed refer shopzilla one nothing shopzilla add value customers life
5,overall good
5,customer executive talked phenomenal helpful every manner
5,thankyou
5,person talking problems nice way speaking awesome love
5,thank supervisor solving issue simply
5,nice
5,shopzilla pay later
5,good polite
5,offer dena band karo
1,not proper
1,baddest ever service bye shopzilla
5,good
5,good everything
1,stop wasting time customer 2nd order struggling
5,nice talk customer care
5,verry verry nice
1,delevery service customer service bad not happy superbuy good
1,aap sab chikney ghare hai aapko kisi ka ka nahi bekaar feedback lete ho
5,nice
5,talent costumer
5,happy
3,fast respond suport customer pls
4,kuch order kiya tha usko maine refund kiya tha 14_15 days koyi aaya
5,5
1,coustomer support team work dirty not seen issue resolve issue
5,thanks
1,improve system n every excutive tep record
5,available customers care shopzilla support
5,tq madam tq
1,bad service
5,thanks
5,good talking help related quary
4,quality products shopzilla bad customers taken granted please see vision mission superbuy w r customers shopzilla n company not excel product customer service till addressed
5,supportive
1,past 10 days order postponing no response customer support
5,good
5,everything seems fine
5,not easy communicate customer service
5,good
5,hire good responsible derivery boy
5,good work
5,provide customer services languages time
5,technical glitch one order two quantity order showing two different orders cancelled one confirming technical team per advice quantity changed one
1,wrong happened related order policy
5,give sure delivery time fast delivery
5,nice talk
5,good
1,delivery boy ne delivery nahi kiya
5,aapane meri madad ki main aapka bahut
4,good
1,order
1,executive keep call hold reply
4,good responed
1,pls refund money back not satisfied product
5,super
5,good experience customer support
4,improve resolving service
1,bad
5,thanks support
5,vartalap avn isshue sahyog ke liye
5,v good
3,bakwas delivery process useless
5,hdbdb
3,good
5,thank
5,good
1,respected sir plus member shopzilla place return red tape shoes corrier boy pick shoes 2nd august status shows return cancelled pickup already done 2august check call recording courier boy pickup called correr boy said evening status pick changed evening status shows pickup cancel face fraud bad effect shopzilla made many complaints customer care kindly check case hear call recording refund money
5,best service
5,good
5,good person
5,good
1,not good
5,nothing
1,bad product sound quality poor
5,order not diliver
5,good service
1,product rong sound
1,thank
5,no comments
5,comfortable customer support
5,nice guy supportive nature good shopzilla
1,close flp items promised consumers intimate date delivery product no longer available getting confirmation promises delivery booked products stock take people granted
5,allover 5star problem solved 22 aug get refund account
1,slow takes 30mins solve one issu really bad executive service totally dislike talking skill dont know shopzilla take service
1,received different product
1,bed service
5,thanks
1,not providing solution problem
5,hope get promised
1,left side charging problem
5,thank
5,product replacement bad customer help good
5,thank much sir
1,agent knowledge wht kind people u r hiring shopzilla total disagree
5,good behaviour problem solved
5,kindly give warrenty battery smartcell already died previously report customer support team says warrenty kindly resolve issue replace refund bad experience shopzilla
3,need second invoice ambrane 40000mah one sent
5,good
1,hav bad experience shopzilla careless customer
4,thanks
1,ms unable provide escalation nor able provide jurisdiction litigation order nor registered office shopzilla
5,need improve product delivery process like delivery boy taking pic product much along customer
5,would like mention girl name customer care really helpful hope good future ahead
5,thanks castamar care
5,no
5,great talk
1,bad bad bad
1,watch not getting charge please help customer care watch warranty
5,thanks mr help thing secondly wondering items goods provided customers actually going quality check though not business teach possibility improved good shopzilla consumers clients
4,sweet voice
5,bahut sunder
5,thankyou much
5,good
5,thank
5,good
5,nice parsonal
5,solved
1,due wrong display size chart customer chooses item wrong size item wrong size delivered wants return wants proper size item exchange not allowed exchange item allowed returned deducting return charges precisely happened kindly tell fault expect reply grievance
5,satisfied
1,dublicate product
5,good
5,super
1,customer service not good sometime
1,diya aur koi help nhi ki sab frod kar rahe hai
5,allow send file recording case misbehave delivery person
5,nothing
5,nice experience talk
5,nice
5,good
5,ok
5,good
4,make less time resolution
5,nice experience call
5,g
5,call service good delivery boy not good
5,good
5,nice
4,pls update retrun policy option make compplete process
5,super
5,good
5,good
5,well
5,
1,return policy clear
5,precise ask resell
5,unfortunately changes not expecting please share updated invoice carried warranty per delivered day replacement
5,make easy reach customer service
4,good
5,happy talking customer support executive unhappy regards product e thomson tv service
1,experience not good
5,bht hapful
1,worst customer support problem yet not resolved
5,thanks
4,month sinchai placed return request no one came pickup money also not yet refunded
4,customer support executive honest person problem solved
5,please take action sellers afford seller
5,polite talking shopzilla support services
1,bad experience
5,nice costumes care
5,thank
5,ok
5,diptaru quick efficient absolute gem no fake sympathy clear focus resolving issue please train folks like
5,need faster delivery proper actual price product
5,nice
5,good work
5,missing product
5,mangl
5,ur customer support executive supportive
4,thank u
5,nice
4,gud
5,warranty refund policy needs faster n robust
5,issue solving process good customer support executive good
5,love talking
3,okay 3
5,no
5,make return policy not stringent flexible request customer genuine
5,thanks services
1,talking sweetly
5,nothing
5,thank
1,try resolve grocery related issue asap
1,wait shopzilla mistake wrong product sent freed product refunded not
5,plz check order delivery
5,good
5,plz replacement fast delivery shopzilla boy
4,everything good not resolved problem last one month 6times technician visit date failed
5,dilivered products always missing
5,good nature
4,one request time important
4,behtar
5,ok good
5,happy
5,nice
5,no
5,nice voice good handling customer
1,asaa
4,good
1,third class service shopzilla word
5,plz send quality product
5,problem solved
5,vergy good
5,nice meet thankyou
3,please start chat able customer support
5,found good madam trouble
5,bhai ji gjb bahut achhe aapka din subh
5,products detailed information could enhanced
5,thank
5,good
5,good person helpful
5,good
5,talked humble manner
4,washing machine delivered late installation taking time well
5,thanks
2,return policy directly shopzilla not service center
5,return policy not good
3,good service bye shopzilla executive
5,good customer service
5,good
4,pls provide courier fast
5,good
1,not pick product timeline pick request date till date not pickup
5,nice
2,wasted lots time issue not resolved
5,problem facing delivered product not delivered
5,customer executive best problem solved person promoted cousin thanks problem solved
5,thank shopzilla customer care help solve problem
5,good communication
5,good coustomer service
5,happy customer care
5,thank much
1,able provide information
5,many calls issue still not resolved pathetic service
4,reduce time solve querries
1,exquisite call
5,please resolve query
5,good support customer service
1,wrongonly used customer money
2,good
1,unsupport customer care
5,good castomar support executive
1,lied going send complaint no 10 hours no mail seriously pathetic service
5,good
2,
5,fully helth full
5,fantastic
5,thanx much
1,facing delivery issue last 2 days customer support get order 7pm 9pm get order end given fake commentment customershame flif servicesthird call service
5,excellent
2,time product gives damage song time product give good
1,bed
5,good support
1,please change phone
5,awesome customer service abhishek
5,nice habbit
5,needed return policy product
5,nice
5,good
5,well
5,problem solve
2,paylater option not available no information received fixed unsatisfactory
1,good response answer questions
5,helpful
5,thank
5,good
1,incomplete order delivered no effective support provided
5,customer care executive good behaviour osm
5,sir ritarn
5,thanks
5,good supporting executive
5,customer care good service happy
5,thnks
5,thanks sir help
5,thank
5,thanks shopzilla team
5,
5,good
1,no proper solution customer care service every order facing issue not going prepaid
5,next time aware shopzilla assured item check
5,really helped solve problem
5,please delivery products faster otherwise everything perfect
5,take good products
5,good
1,not happy
1,seller unable fulfill order atleast shopzilla take owner ship provide resolution bad policy no exception available customer
5,amazing experience
5,good customer agent
5,customer helped
5,query need chat directly instead requesting older order
5,not return order
1,poor service experience
5,goid
5,best customer service
2,pointing brand customer care not expected fk product not working provided open box delivery delivery agent not allow turn next 5 hours
5,good
5,languages
5,no thanks
5,please dispatch things ordered thank
5,good working
4,great
4,reso
5,pls solve problemmy tv hisens 50 inch tv not installation 48 hours
5,excellent
5,customer executive nice guys understands problem solve
5,good
5,aise delivery wale mc hatado bc uske taraf se pura dimaag kharab hogaya really appreciate tabassum divesh patience knew cant help reinitiating order tried level convince reinitiate end shopzilla wins customer lose u2026
5,not chances complaints
5,good employees
5,good
5,good
4,fantastic online marketing organisation effective packaging partner delivery partner take loyal responsibility
5,plz order delay aur delay bad seller se cancel mt kiya karo karn se cancel packaging krke send
5,good job
1,team could authority take action present call instead call cusotmer support authority responsibility act intermediate team unable resolve anything could one reason frustrating experience bad experience shopzilla query unresolved
5,good customer support acha nallege hai inke paas acha sarvice provide e hai jis se customer satust ho thanks mere taraf nice sarvice
5,good
5,excellent customer service
1,mc hai tumara executive
5,customer service good
5,delivery products time
5,good keep
1,not good service
5,good
2,not delivered today
5,thank much
5,thanks
5,good mam apka bat chet ka anubhav bahut acha excellent
5,good information
5,
5,happy
4,thank uu suport
5,good
5,mast
5,good exilent
5,delivery products good shops
1,customer executive good spoke politely understand hell technical problem going always shitty technical problems need refund money asap
4,mona feel good costomer support
5,nice behaviour customer executive thank
1,waste money time
1,worst ever buying experience cheating buyers banned
5,
5,satisfied customer information
5,good cx care
5,no
1,tired trying replacement order still no replacement no solution issue waste 500 rupee time 25 days
5,good
1,lanjakodaka
5,good
5,please make available customer care support easier way
5,maintain time time frame regarding delivery
5,senior representative u2019t understand issue u2019t address problem talked badly
5,thank shopzilla team
1,dekar bande ne bus apni feedback karva liya aur abhi tak order parcel aaya kya fayda mujhe rating karne ka
5,please think customers policy side post delivery main trouble remote locations delivery not done doorstep open box delivery not happy product sometimes far shopzilla much better site thanks
5,great
1,na
5,well behavior explained
5,good
4,thank
5,request please ensure sale service warranty customers online purchases not harass one
5,improve packaging contents products like perfumes likes
5,thank shopzilla
5,nice
5,good
5,good
5,much
5,thanks
2,change exchange policy mobile phones
4,complaint not solve till please give solution quickly
5,thank talking nicely
5,baat karne ka
5,happy good help
5,
2,refund issue mine
3,good customer service
5,everything good
5,good talkbut reduce time short problem
5,talking much time resolve issue
4,thank
5,nothing
5,kindly make policies flexible customers get maximum benift
5,resolution service happy shopzilla services love shopzilla
5,talk shopzilla customer care good service
1,try address query less time
5,happy
1,no
5,super perfect person love shopzilla
5,shopzilla best epr whichever working days unhappy
5,dear team till concern not resolved 28th july order spoke sr officer told order returned 4th time rejected till concern not resolved 28th july order spoke sr officer told order returned 4th time rejected not money service rs 479 make much difference honor file court case
5,trust always shopzilla employees keep good show thank team shopzilla
4,good
5,clear simple warranty policy
5,thank much
5,good service
5,refund exchange policy decided return collection boys vendors need look
1,bekar company
5,
5,please deliver time always found late delivery
1,delivered corn live big worms
1,bad
5,naic
2,thank request
1,worst service specially post delivery worst customer service
1,bad behavior f customer executive
3,thanks
5,good
5,no option provided via chatbot reach customer service directly
5,thank
5,syed sound mein thoda sa dikkat
1,return
5,nice parson meet
5,good
5,great thanku much
5,
5,good
5,excilent
1,bed experience
5,improve eta delivery
1,galat jankari di customer care walo ne ab product return bhi nahi kr rhe haicustomer care wale sahi jankari nahi dete hai mera nuksan aj ke kabi bhi shopzilla app use
5,u details logistic partner
5,nice
5,thanks
5,not good
5,good service
5,nice
4,send product delivery com cheating customer
5,costomer care service good
1,not good policy return products
4,good
4,going uninstall application
5,good
1,wrong information kyo dete
5,delivery delayed takes forever get resolution
5,nice
1,phone call
5,add questions query list clients really try say something tik mark no options tik mark not available question survey issues clients suffering add issues thanks
5,polite guys much blessings side happy
5,good
5,nope
1,irritative
5,person good behaviour
5,helped well
5,good experience
5,please ensure fulfill assurance get product returned
5,good response thanks
5,good
5,good communication
1,bad
5,keep
5,please mentain interaction customer service
5,thanks shopzilla
4,good speaking skills
5,thanks resolving problem
1,plz return product
5,thanks helping
5,customer care executive good behaviour osm
1,buy filmora 12 software delevery date 12 august today 18 august softwere not provide
1,customer care executive supportive talking like reading scripts asked give mail id raise ka complaint said not mail id active know give better service customer like
5,waiting resolution
1,good
4,shopzilla delaying issue not taking appropriate action
5,good
5,nice
5,good
5,perfect
5,good
5,good
5,happy customer care polite thank shopzilla
4,good
1,sir customer service not good order related information avibility sir 5 time call not talk senior due order realated complain sir cancel order without inform againas soon possible please next time cancel order thank
1,return product done time delivery open box delivery profuct delivered home also shopzilla never asked convenient time delivery
1,pls refund
5,no
1,not good
5,service agents good delivery agent beavers bad
5,good
5,try mention details person coming pick return
5,support team good talked well please refund soon possible
5,na
5,good
5,politely behave
5,sound quality nothing else
4,excellent service
5,tq
1,good
5,goo
5,good service support given rasing refund request
5,good behaviour
1,received wrong product non returnable policy no one helping us
5,easy way connect customer care
5,executive mem amazing made day
5,nice customer support thanks
5,good communication
5,good
5,tarikh pe tarikh milne par bi ap logo moka
4,good
5,nothing
2,not
4,nice
5,kindly provide customer care number every time customers start chatting
5,happy
5,courier partner services poor
1,bad process
5,wonderful
1,fraud
5,excellent
5,thank supporting
5,nice
5,good comunication skills
5,service good delivery late
5,spoke kind attentive person suggest reward given token appreciation
1,100 extra supercoins not credited 5 orders limited period
5,good service
5,love
5,good job
5,good information provided
5,ok
5,everything good
5,staff duty courteous
3,gift voucher 500 rupees
5,nicely resolve issues
5,2 good
5,apna man badal diya hai aur dusra memory card le
5,nice
5,solve issues soon possible
5,empathetic customer care executive
5,good performance
5,good
1,customer executive service worst want solve problem
5,nice talking customers
5,happy
5,thank ur support
5,complex reaching customer service
5,worst app shop even though customer care executives good
5,kindly include seller c
5,excellent
5,good
5,jisse v abhi last bat issue resolve kia n strongly satisfied
1,problem not resolve
5,good
5,whenever made refund product without picking product please tell us product
5,good
5,good
5,custom executives helpful supportive keep hiring people skills thanku
5,good
5,good
5,karne ka tarika bhut psnd aaya
5,tnx support
1,never ever seen worst service shopzilla
5,customer service executive good completely solved query
5,good
1,bad service
5,nice service no improvement required
4,bahut hi aacha laga apa say baat
5,thanks
4,helpful support customer support
4,nice customer support
5,good
5,goo
1,poor service return order needs picked many days ago neither call nor product picked till call shopzilla service postponing things future date trying convey issue agents disconnecting call times consultants not even enter account instead listen miss interaction discussed call waste time unable return small product not place recommend future purchases shopzilla worst service
5,thanks shopzilla coustomer exu
5,bahut badhiya hua acche se baat ho gai mujhe meri samasya ka
1,not happy shopzilla dilevery arjent
5,excellent supporting staff
5,good
5,good
5,good
5,staff batterbut delivery not batter
5,information
4,thank providing good customer service provide information query
5,good job
5,polite executive
5,please kindly resolve problem soon possible
5,wrong product delivered control sellers
4,email told contact pegion coustomer care slightly wrong please mail right emai right spacing claim warranty
1,call disconnected no one call back
5,thank fastest delevery
5,awesome
1,worst services guys giving
5,happy customer care solve issue within 5 minutes
4,good
5,return shall easy
5,good costomer service
1,please try understanding issue instead pretending understand
1,u2019t improve anything improvement not cup tea cheaters
5,yes dear baat customer service
1,mera odar return nahi ho rha mujko mobile pasand nahi hai mujko refund chahiye
5,reduce time tu manage order
5,nice
4,please supportive customer believe
5,good service
5,nicely talking
4,delivery boy not good responsibility
1,bed
5,no
3,good
1,delay refund not good customer relation services
5,exicutive positive response shopzilla logistics partner bad service
4,helpful
5,awsm conversation
5,excellent customer care service
1,bed experience shopzilla
5,vishal polite nice helped query
5,support team good
1,customer service executive cut call without resolve issue
5,ni
5,good
1,customer care cut call
5,good
5,thankyou hearing voice
1,no support shopzilla customer product no replace retrun
1,poor customer service
5,call partner helped well
1,0 would given big zoro
1,annoyed shopzillai not buy product shopzilla future
5,good
5,good
4,good service
5,achaa lga bat krke mera case bhi solve kiya
5,completely satisfied customer care executive helped every way regarding order thank
1,request add compulsary open box delivery dont face issues relating return product ordered slightly different image available order screen issue unable return product
5,sarvish
1,shopzilla show product details policy 10 replacement offer not working policy shopzilla perches productmy order delivery 8 7 23 issue show 10 7 23 contact shopzilla castomar saport next 3 days visit technical see issue technical inform shopzilla issue not resolved replenishment reject next day contact shopzillanot received issue no contact next time use chat repeat apply contact shopzilla contact complete resume technical visitslucking issue inform shopzilla issue not resolved policy shopzillamy tv not working chromecast bluetooth wifi heng power bigger problems not resolved issue sorry sorryand 10 days policy closed
5,nice voice interact many shopzilla team not supportive agent good
5,great
1,payment not recive bank account
2,product reaches yet no delivery place aredicu
1,not return order
5,nice behavior
1,mera refund abhi tak mere account aaya yah bahut kharab service hai
5,good service
5,no
4,let wait services resolve issue quickly within 24hours
1,amcheated
1,hi unhappy customer care resolve issue simply try escape problem try close call waiting feedback courier person handover two pairs shoes instead four pairs shoes raise concern customer care taken request replacement delivered two pairs shoes executive said replacement four pairs shoes delivered september 1st app showing two pairs shoes delivered september 1st another two pairs already delivered 14 august simply escape issue taken replacement two pairs close call end unhappy situation leave matter issue resolved
5,unhone meri help ki h aage pta lgega
5,nice guys
5,nice help mam
1,trying return product since 8 august return product not reach customer care executive
5,good
5,overall great experience always shopping shopzilla keep good work
1,issue not resolve
5,good
4,disappointed approach shopzilla resolving issue one half month no result dint get refund till not yet solved
5,nice worker fully supporting
5,good
5,resolved query nicely
5,tq
3,without prior information tickets closed without resolution
5,good
2,file law suit scam related recent purchase
5,good behaviour
4,no comments
5,next time deal costumer support
1,refund issu not resolved five month
1,please check product add orginal product image share bed experience share social media platforms shopzilla bed product sale not trusted shopzilla
5,good
5,
4,try speak gently
4,mr resolved problem effectively instantly
5,instant support redressal
3,id delivery message cpin delivery pin putting blame customers rather searching onscreen
5,excellent works team happy ways today carryone team
5,good
5,products shopzilla duplicate
5,executive good hope maintains quality future
1,worst service
5,excellent customer care service
5,customer support executive nice
1,pathetic policies pathetic customer executives need work hard shopzilla worst shopping site ever
5,good
5,grocery item specially cookies broke delivery time please resolve problem
5,please refund request
5,good talking
5,good
5,good
5,
1,unhelpful rude customer care executive
5,good
1,apka bohot bohot dhanyavaad sir problem solve
1,consultant not understand problems
5,nice
5,average
5,good
1,bad service
5,good
1,return order issues
1,prefer not buy anything shopzilla still struggling return last 10 days shopzilla wasting time
1,service
1,ok
5,
5,good
1,amah deke
1,bad shopzilla service
5,good
5,give csat
5,good
1,order instrumental product received defective material prepaid order received reply single word sorry no return ever received satisfied paid iphone receive oppo complain receive sorry unable resolve
5,well
5,agent hear concern tried help per proc
1,worst service ever
5,pleased say nice word
5,great team player thanks shopzilla service great employee practices effective conflict resolution
1,firstly saying help today saying anything
5,customer support goodthik man good
5,good morning
1,last time ordering site
4,customer service good problem not solving
5,cancelled returnand cancelled
5,make resolve policies flexible
5,good help
5,nice
5,good service
1,dont help problems since request refund replacement return policy due
5,good work
4,aaj se shopzilla main kabhi bhi shoping nahi krunga mera order replesment cancel kyu kiya aapne aap hi cancel esse jaida bakwas aap nahi dekha esse accha superbuy hai lakh guna achha bakwas shopzilla
1,not good
5,please improve false information
1,encourage jeeves proper service centre service personsi
5,consider customer service first instead shopzilla policy business mentality customer choice reason not like product freedom claim refund charge delivery no problem
5,excellent
5,thank
5,nice
1,give customer request also
5,thank customer supporter
5,
5,okay
1,damaging
1,cx bad communication interrupting talking not felt like concerned bother solve queries not explaining us saying thing think needs training customer service actually works one not talk speaking please improve customer service want client listen call understand bad company working even worked cx superbuy worst worst experience swear make sure voice heard manisha took wrong dare
5,amazing customer support provided helpful quick resolution provided thanks appreciate help provided
5,diksha great job thanks assisting
3,good
5,thanks support
5,good
5,response time less
5,good
5,nice brother customer care
5,dear sanjay wanted express heartfelt gratitude assistance provided recent order inquiry prompt precise responses along exceptional understanding situation truly impressed dedication ensuring received relevant information needed not go unnoticed efforts reflect commitment exceptional customer service genuinely appreciative thank going beyond assist
5,not sure
5,super coins not credited credited august 13 even contacting not credited
5,good experience
5,nice parson
1,garbage
4,request send order fastly
4,good helpful interaction customer care person
4,good
5,adamant regarding exchange products
5,like type customer service thanks great work
5,na
5,although hot headed angry shopzilla u2026 u2026 nothing wrong whoever spoke gave full like talk
5,good
5,well done
5,u2019s taking long time deliver item custom care service customer care representative good
5,thanks
5,vari good
1,good
5,good job
5,thanks
5,thanks
5,good conversation
5,wonderful
5,please scrutinize exchange product pickup agents trying fraudulent activities steal money
4,thanks
5,perfect
5,thanks
5,nothing
5,good communication customer care service
5,please give ordered
5,nice service
5,thank supportthank
1,please return option
5,good
5,make fast
1,night shift customer support executive getting sleep stress please aware job
5,thank
5,make customer flexible shopzilla shopping handler not detect money different different policies related detecting amount thank
3,happy customer service really unhappy defective product information shared towards replacement schedling delivering not clear
5,nice talking
5,nice preson helf full thanks
1,shopzilla liars no resolve issues
5,shukriya sar
5,good
5,good
5,good
5,good
5,thanks
4,nyc costumer service
5,excellent
5,good service executive solved issues
4,wanted change brand product purchased regret not provided
5,raise complaints solve issues
4,good service
5,nice
5,
5,good
1,call disconnected automatically
5,thanks
5,team
5,good
5,thank bada achcha karke
5,nothing improve
4,good
5,good
1,still issue not resolved
1,poor response
5,installation details not available order page got know contact manufacturer directly installation shopzilla support bad practice
5,happy
5,good
5,good
5,thnks
1,know
5,thanku much sanaa bahut hai aache se mere sare daut clear kiya hai iskle thanks lot thanku much
1,still pending issues
1,resolve issues like boss
5,language super cool
5,nice
5,excellent amazing customer support rep easily solved issues highly appreciate customer support addressed concern keep good job many thanks
1,sorry koi response nahi call bhi cut gyi sorry no response
4,last pic product scratches music system voice not return product shopzilla prosser dull
5,hi executive customer care helped know know order related problems awesome
5,nice person
5,good
5,good
1,please fix delivery partner area like
1,update system cheat customer
1,bed service
5,please dont sell duplicate product
5,good one
1,late delivery
5,happy
5,good
5,good
5,tell call nicely talk nicely give way return package not according order
4,thank
1,
5,intelligent talking know many things like relate things solve problems
5,customer service good
5,nice
5,discounts exchange options
5,service pathetic please try improve service please
5,nice
5,good
1,query not listen
5,
5,
5,good effort agent
5,good performance mem
5,thankyou
5,good
4,good support
5,thanks supporting
5,no
5,no
2,thanks
5,great
5,thanks
5,best service
5,good talking good help
5,quick service
5,tnx
4,good
5,good
1,plz solve issue amount 1217 invoice no faih722400131747
5,representative behaviour good mind blowing person
5,friendly behavior
4,give full authorities agent
5,gd
1,provide proper training customer executive team aware value customer also enough information sellers provide full proof information
5,issue not resolved satisfied
4,good mention call support option shopzilla dashboard
3,problem resolved
5,hey marrul gee love nice talk
5,wonderful speaking customer care executive brilliant love shopzilla
1,poor service
5,good
3,polices maintained time line
5,nice
5,consultant good lovely good communication skills resolving issue facing hope shopzilla keeps kind people
5,auto option cancel order product delivered not ordered
5,getting helpline numbers still not easy app go google
5,nothing executive good
5,thanks good job
5,shopzilla customer support friendly thanks shopzilla
5,dear shopzilla team everything good problem customer care executive would better refund everyone money within 2 working days customer feel stressed money stucked call us immediately satisfaction
2,give refunds soon possible low ticket items time
1,improve dilivery policy call castmar solve problems notification
1,no good
5,helpful team member
5,executive attended call great help thank recruiting good understanding people
1,good
1,plz try understand suitation
5,shopzilla not helping agent spoke solved problem thanks defective product replaced
5,good
5,good behavior
5,good
5,customer support nice
1,shopzilla doesnt know seller dont information product cancelled
5,good
1,not delivered showing delivered
1,issue not solved costumer care gave fake information thay say raised return request fake
5,achha h
1,not getting solution
5,good
5,good services
5,sir ne bahot badhiya tarike se baat ki humari samasya phir bataya
5,
5,problem solved easy clearly excillent
3,please solve problem replace product
5,thankyou
5,nice
1,worst shopzilla fined many customers suffering sellers shopzilla getting good brokerage sellers fully supportive towards sellers
1,shopzilla rescheduling delivery day many times sad understand problem occurs one order case face problem recent 10 orders maybe reason myntra mesho platforms like overtaking shopzilla moving forward customer support shopzilla poor delivery partners also bad customers facing lot problems damaged
5,good behaviour
5,support
5,person quickly problem solved thank
5,excellent executive clear problem shortly thank much sir thank much shopzilla one request side please delivery time time thank thank much
5,excellent loved
5,response quickly
5,good coordination
1,delivery partner response not good speak arrogantly
5,good
5,no issue solved iam happy customer care service also give promotion
5,good
5,keep
5,take quality check sometimes quality not mark
5,gud
5,best
5,good
1,bhot gande tarike se bat kri unhone call bhi cut kr dia unka naam suman tha
5,good
1,experience shopzilla much bad think future not buy product shopzilla issue not resolve
1,bad
1,customer support executives telling copy paste answer nothing solve problem
5,good
5,
5,
1,information best
5,query still unresolved not received return exchange even many calls complaints
5,tx
5,nothing
5,good service
5,n9
5,conversation vdiya trike se problem acha response thanku much mam
3,refund
1,cheater
5,thank good
5,good service happy
5,help full person
5,good
5,no thanks
5,please delevery charge product area
5,nice wark
5,check troubleshoot network much disturbance voice btw nice work adeeba sorry wrong spelled good day
5,good
5,cooperative supportive
5,everything right
1,not happy shopzilla current experience bad
1,bad not happy
5,yes
5,no amazing service
5,good sir
5,
5,thanks keep supporting
5,delivery executive follow protocols
5,5
5,good
5,problem solve
1,company bad verydefetive
5,nice
5,good service
5,please improve product quality
5,good customer care representative response
5,good morning
5,blacklist seller cheat customers
1,faced serious problem closed issue without giving prior information told call come resolve issue never came neither item delivered nor refund issued
2,make accountable seller false information provided sending product without checking
4,please keep direct calling number customer care
1,good delivery agent hi bad parson
1,disconnects call
5,good
1,need improve
5,nice help
5,chat
3,nothing
4,nice
5,
5,issue resolved quickly
1,good customer support knowledge
5,nice
5,thank u support agent
1,please keep watching seller product mrp given match market mrp
5,best support ummar
5,must alert product
5,good
5,please solve issue fast ages
1,stop wasting time
5,deliver product care damage free
5,fregile item specially live plants must packed adaquality plants received damaged pathatoc take care properly thank
5,good
5,link contact customer care present order page easiness
5,wrong g product received directly option resolve issue instead calling customer care
5,executive polite humble
5,thanks support
1,customer support executive not able give solution available complaint lodge useless fellow not even cancel order end poor services
5,support reachable easily
1,stop making fool customers want stay longer
4,plz solve problem
5,good
5,good
5,give option change delivery address
5,try give bill taken amount invoice every order post download file shows incrrupt please tell technical team work post download file shows incrrupt every order
5,currently customer not able contact customer care due process change requesting also allows toll free number reach customer care
3,good
5,plzzz possible improve service quality loose plenty customersand possible give manners dilivery exicutivehope resolve thistqsss
5,query still pending results awaited
1,worst
1,bad bad experience
5,nice
5,give option refund also
3,good
5,communication vendor sending damaged parts instead replacing whole item
5,dissatisfied shopzilla pay later service pathetic
5,good
5,share help line no
5,good
5,unable reach please give toll free number
1,person highly arrogant kindly remove shopzilla company standard going employees like provides fake information resolved not resolved yet kindly threw otherwise goto consumer court swear
5,must need customer service
5,overall nice experience
1,galat lehnt
5,thank much
1,dear shopzilla teamit worst experience life problem not resolved
5,feel happy talk
5,refund replacement policy awkward
4,inspite complaining multiple times not able upload image issue went unheard ans closed money got forfeited no proper solution shopzilla clear oberbilled product still image issue entire money denied returned
5,thank shopzilla
5,happy
5,nice executive love
5,coutmer care mam gud talking problem shoutout thanks alot shopzilla
1,worst solve problems
5,3 year
5,good
2,many problems
1,mujhe samay per nahin samay per chahie
2,update delivery time refund amount
5,oseemmm service
1,incomplete order delivered no effective support provided
5,good experience happy
4,good support
5,happy
5,ok
5,good
5,keep progress brother best luck
5,good
1,not resolved problem
5,good
4,
2,improve delivery delivery product time
1,return tho item
4,taking resolve query days getting frustrating
5,good
1,still no information delivery packet
5,excellent customer service response effective solution
1,headphone
5,good
3,good communication
5,best carrier
5,no
5,mst
5,customer return product due issue pickup seller raised return request twice seller send anyone pickup got message due product mismatch return canceled
5,good helping
5,good
1,good behavior helpful advisory keep
3,nice
5,no
5,refund issue solved within period time
5,sport excutive nice
5,excellent
1,not satisfied
5,g00d
1,delay
5,proper check whether items added parcel not
5,earlier also call shopzilla one executive pick phone not good time person really great work thanks
1,time consuming
1,wtf customer service isko customer service khte h darama bna diya h customer k time ka pta nhi hota h bus order le lete h time wasted since 31st july h customer service
5,thank
4,good services
2,no
5,good work
5,thank
5,good
5,need query solved soon possible
1,not solved
5,nice explanation
5,good
5,service good
5,long time taken technical visit replacement return product minimised
5,not clear time interaction pl improve quality
5,good
5,excellent service provide
5,excellent
4,voice problem
5,voice
5,thankyou helping
5,thank
3,
1,product duplicate
1,making fool ordered product 06 08 23 deliver 07 08 23 still u2019t get product everytime ask 24 48 hrs no resolution till unprofessional irritating
5,refund money
5,thanks
5,thanks
1,bad
5,service good
5,good
4,customer support thik hai shopzilla ka function hi
1,not good
5,good
5,good
3,ask return damaged product say seller give permission tell one thing seller know product damaged product defective give customer return product ur task take charge solve issue
5,good work
5,good skill
5,best support customer care service
3,not
5,good
5,thanks
5,nearest delivery point address delivery boy contact number
3,instead facilitated customer care services shopzilla focus product quality retain continue customers pathetic service provide sellers
5,good services customer support executive
5,polite like talk ahve difficulty order resolved problem nicely need customer supporter like
5,chat option also able resolve problems
1,installation team worst
2,please understand customer problem
1,whenever received call everyone giving different information someone saying yes someone saying no knowledge product policies guidelines miscommunication misguided
1,executive not help manipulative
5,dutiful beautiful
1,shopzilla play later block
4,plz make easy reach senior support required issues still not resolved due senior support team not available
5,good experience
5,thank shopzilla team
5,please solve query asap
5,problem solve thanxx mam
3,wapas kro pichhle 23 july se bar compalne kiya lekin har bar yahi kaha jata shopzilla apse 2 din sampark ap tention n le ab ap finaly yr bataoo ki hai ya nhi ager nhi hai q
5,nice
5,nice
5,good costomer service need product refund
1,aapka hath hoga aap vyast failure
1,executive not professional trying end call without resolution no knowledge
5,nice talk sir
5,mujhse baat karke meri problem solve karne dhanyavad
5,thanks
1,ok
2,thank
5,customer care service best person talked best person
3,good
4,deliver boy contact mobile no delivery
1,aap log aadmi bnate hai
5,every thing good improve reach consultant easly
5,plz photo hi specifie kiya kare thanks
5,xxxx
4,
5,no
5,good
5,support good
5,good person
5,superb performance tq sir
1,mujhe damage produced receved hua h babht bar retern request dal di h pr abhi tk mera pas pickup koi call ya massage nhi aya h meri 13 bar retern request cancal ho gai h plz sir mujhe 6 mahine ho gye h paresan hote houe plz mera rifend dal plz sir mera rifend dal
5,keep level dedicated customer service
4,no
4,no otp came customer want return orders otherwise works gives negative impression result 2 days effort app churn not accept returns
1,please change return policy
5,good
5,mai pichhale 15 dino se tho ap b apna feedback
5,overall good
5,good service
1,irritative repeating point every time u r taking follow ur complain u hv explain ur problem
5,yes
5,fastly service diya karo time waste mat karo
5,good
5,support nice otp returning product created problem since lost mobile sim card hence unable provide otp otp necessary sent registered email id
5,ok
4,chose english language got connected executive spoke hindi super sharp good understanding problem also nuance ordering pick system ps think got size 10 asics product name confusing asics gt 2000 10 model ordered size 7 seems pick dispatch issue end side wife saw shoe brand color didnt see size fyi ordered right size got
5,thanks
4,mera products ka color change mila tha
5,good
5,customer care executive communication skills better shopping app customer care executive
5,nothing
1,worst experience
5,good customer care staff
5,nice customer service
5,nice experience
4,thanks
1,usage charges applicable shopzilla pay later policy worst better customer would use superbuy pay later
5,good
5,good
5,improve availability information app website make access customer service easy efficient less time
5,bahut di
5,nyc
2,deadline extended twice given wrong information earlier communicated earlier installation would resolved 20th shopzilla app shows false information product already installed
5,no
5,features reach customer support easily
5,thanks helping
1,plz acsept request
4,good
5,nice good
4,good customer service
5,strive best market
5,thanks madam
5,return policy acceptance questions reviewed revised based customer complaints
5,particularly product appears scam dumping used product foreign country kindly conduct detailed research take necessary action asap
5,good
1,faltu person u2019t solve problem
1,tv ka awaaz
5,wery good natcher
5,amazing experience
5,please check quality
4,nice
4,thank u solving issues happy shopzilla executive excellent job
5,good response
5,nice
5,customer care executive polite information required importantly working zeal loving job may get better opportunities time please convey best wishes future
5,good
5,nice
5,great experience shopzilla ur family love u much thanks
5,nice customer service executive faivrot shopping centre shopzilla
5,overall experience well
5,problem solved
1,worst experience ever
1,please return product quantity not good
5,good
1,customer support misguide wrong update
5,good girl
5,thanks
5,time slot receive call shopzilla whenever raise issue ticket
5,good
5,blacklist fraud sellers based complaints
5,osm
5,something situations cancelled product reached delivered customer
5,good help sporting thank shopzilla
5,food
5,good
5,talk good coustomer care
5,good talking good solution problem
1,really horrible experience
5,good
4,taking time search information wait call
5,nice
2,mere project old return nahi ho raha hai
5,say people like vineet sir every department people not spend much time
5,customer service good
5,good
5,good
1,bloody cheap service
1,agree customers support teambut not agree delivery boy delivery boy picked product shoes shopzilla apppass bekar
5,vgood
1,spoke customer care showing 20 aug speak showing 22 august dnt knw solve issue r create issue dnt understood telling dnt get tomorrow r 22nd cancel order uninstall app bcz getting many times mew
1,order not delivered
5,thanx
5,good
1,bad experience
5,good
5,
5,goodbye
5,no thanks
1,not good service
5,45209
5,okay
5,nice
1,bloody shit waste time feedback
5,mind blowing
1,resolve issue
5,good communication issues
5,
5,thanks shopzilla
3,excellent
5,v nice
5,nice
5,good
5,please check properly adding seller shopzilla sellers not professional make customers fool really disappointed seller created dissatisfaction shopzilla going forward due seller behavior unprofessional approach think twice placing order shopzilla might not place order shopzilla created trust issues
5,
1,company frauding
1,expired product
5,thank u solve issue
5,expected delivery time minimize
5,thank
5,good
5,recently talk mr kind person solved query guide politely happy talk thank thank shopzilla
1,problem not solve
5,good
5,happy
5,good
5,super understanding
5,thank support
1,please take action seller sending expire products
1,plz resolve issue
5,no
5,good
5,issue solved expected
5,nive
5,thanks mam
5,good
4,keeping us long hold disconnecting calls poor customer care services
1,u r harrasing us
5,good
1,customer support executive said things already known speak politely no issue interaction provide solution raise issue not resolved issue
4,good
5,good
5,polite
5,thanks support patience
4,customer care helping nature
5,good
5,thank u bhaiya
5,nice
5,good
5,kindly give option exchangeif return not available product
1,even help issue support always apologises things never really solves anything product supposed delivered 13th aug got rescheduled 20th aug waited day arrived got rescheduled 27th aug supposed wait many days without surety package delivery absurd unprofessional shopzilla poor support
1,bad
5,good
5,excutive helpfull
5,nice talk tried best solve problem
5,thank solution
5,problem still not solve
4,nothing
1,no problem resolve
1,stilll issues not resolve
5,
5,costumer care executive humble nd resolved issue
5,good
1,bad
5,good
5,no
5,improve time solve issue warranty claim
5,
5,accept order deliver
5,love
1,call disconnected
4,good
5,nothing
5,person give feedback back say shopzilla service bed last urgent order already cancel shopzilla place order also delayed
5,costumer executive conversation good finally issue resolved
5,good
2,highly dissatisfied due poor service 10 days delivery no demo installation v guard inverter
1,bad
5,please send number
5,good
5,happy customer support executive taking time schedule call request reach would better fast
5,thanks abhishek good handling situation
1,less knowledge customer exative
1,customer executive not good
5,good
5,customer support good actually best problem not yet solved return request rejected
5,executive polite made everything simple call like service
5,thanks
5,thanks
1,boring
5,nothing services goodthank
5,make refund products
5,
5,fabulous
2,good
5,good service
5,service not working properly
5,love shopzilla
1,no timely delivery product also no information available customer care executive
5,executive helpful knowing refund process works not conveyed previous advisors thank much bhai kind helpful person
5,good
5,costume care nice good man
1,useless customer support
4,chutiya bna rhe h sale
5,thank sir
1,product still not installed first installed product per policy improved
5,nice
4,need update warranty information contact details manufacturer supplier
5,thank palak mam gud behaviour thank much shopzilla
1,shopzilla lost one customer
5,n
5,customer service awesome nice
5,good customer support executive
5,good person
1,demage product delivered
5,good
5,good service
5,no words
5,nic
5,nice
5,good communication
5,good
1,good
5,every time receiving different order placed please confirm sending
5,ok
5,ji se bat karke bahut
5,good
1,bad experience
5,nice person shopzilla
5,effective customer care support
1,good man
5,good service
5,no
4,love
1,chutiya ho kaa order delay kiye ja rahe baar
5,thanks
5,good service
1,customer writing issues team look seriously issue shopzilla resolve hindware water purifier issue asap
1,like servic waste hai time tha
5,happy
1,not connected blututh mobail
5,worn sellers incorrect product send
5,customer ko chutiya mt banao
5,nice
5,thanks
3,shopzilla not support
5,great
5,good
4,nice
4,good
4,make easy contact
1,raised request 2 times issue not resolved
4,thank
5,talking better understood problem
4,good
1,service poor
5,please use product authentication related images
5,verry good
5,good
5,customer executive behave good also good knowledge
5,good customer service thanks
5,recently grocery baskets short delivered inspite open delivery sealed basket means packing level short packed invoice correct
4,yes
1,not happy executive resolution
5,good
5,satisfied thanks resolve problem
1,shd
5,happy
5,good
5,customer support politely lovely
5,ok
5,thxs
5,make policies flexible
5,happy talk agent issue resolved
5,nice
4,ok
5,good
5,nice informing
5,happy customer service
5,listened problem gave good solution
4,please give replacement bata derby shoes soon possible
5,good
5,good
5,done
1,product damaged want return
5,request guys please come picking product inquired several times last 20 days please ask logistics team cordinate pick product
5,good employee
1,not satisfied return policy unable return product killed every one time still found return request cancelled
5,case call disconnect received call back raise issue explain everything
5,delivery
5,good behave helpfull
5,bahut achha
5,good no improvement requires
1,voice not clear
5,nice sir
1,billing
1,not much support provided
5,happy shopzilla costmer care
1,thoo
5,good exicutive concern
5,good
5,good jobs
5,good
5,good response
5,
5,happy service detailed explanation product issue thank
1,want address product warranty
5,good
5,talked executive told product delivered today 9pm shows deliver 2 days 2 days extended want reason
5,good
5,hallp
4,good
5,nice
1,bad policy customer support sellers duping people money
5,good sarvis
1,customer executive no idea say dissatisfied
1,zero response customer
1,bad
4,
5,good
5,humble helpful service
5,happy
5,provide full details free promo code comes orderd products
4,good
5,please provide customer goods time
5,nice
5,problem solve ho gaye
4,thanks
5,right
4,nice
5,no fine love country
5,nice talking
5,agent way talking good thank support
5,good try reaching fast
4,superbuy shopzilla shopzilla ki mkc
5,nice solve problem
5,thankyou mr karan
5,good
5,return refund done time
4,asked wait base resolution not give feedback best abilities
5,great men try best thanks regarding
1,last 3 days issue not resolved even still hold last 20 minutes
5,good girl
5,good
5,please check issue
4,bengali speaking people
4,gave csat
4,worst experience recieve products
5,please reduce time solution
5,nice talk thank
1,nice happy
4,ntg
5,good
1,people accept return avoid coming pick deliveries saying multiple fake reasons suddenly cancels return saying reason not acceptable rubbish worst customer service never gon na buy shopzilla cheap tricks cheat customers superbuy 10000 times better providing good customer service
4,love order favourite things really beautiful n safety delivery
1,useless customer support
5,good customer service happy
5,excellent
2,issue still not resolved
5,good
5,good job
4,return poor quality products refund process quicker instant without giving 5 days resolution
5,ru turn
5,nice agent
4,quite well talking problem could resolved time would lovely know kept high priority also keep
5,good
5,good
5,kindly fullfil orders placed
5,good
1,strong
5,good customer support service
5,good
1,poor
5,please solve issue soon possible
1,hierarchies beyond customer support sometimes customer support not authority resolving issue
1,no positive response representative query resolution query still pending lat 6 days
5,fhb
5,thank
5,man great problem solving skills high chance relationship manager best
4,plz replace order difective
5,happy
1,please understand issue customer call multiple times issue
4,good communication
5,excellent
3,issue not resolved
5,shopzilla service andexecutives good helpful easyfone problem not yet resolve please needful early possible thanks
1,pls work customer needs
5,good job
5,good good service
5,best
5,good service thank shopzilla
5,responded associate
5,happy
1,escalated
5,please customer service support quick delivery fast per given time please not exceed time limit
1,ask customer problem resolve issue time per customer need one happy purchase product shopzilla
5,please take accountability offers displayed app regardless offer displayed put forth shopzilla shopzilla approved
3,good
5,good
5,nice
1,chose proper delivery partner
1,executive put call hold disconnect without notification
5,good communication
5,good
5,please hire proper delivery agents scammed one agent open box delivery not aware face many difficulties yet problem not solved
5,best information
5,executive got point gave solution
5,resolve issue asap
5,customer support good talking
5,keep fast service
5,everything good
5,good time talking
5,impressive
5,good service
5,good luck
5,good
5,nice conversation
1,given alternate number email not generating otp delivery agent came door returned didnt get otp alternate number bad angry policy
5,no call person solve issue great gentle really appreciate
5,super
5,polite understanding lots love
5,good
5,thank
5,nice
5,good
5,malayalam language option showing errors plzz fix
5,nice person
5,super
5,good service
4,customer support polite behavior well good
5,excellent
1,received wrong item use product
1,stop cheating customer
5,good
5,overall good satisfied
5,okay
5,good
1,no extra information customer executive information customer app
5,good
1,shopzilla bad app
4,books flexible policy seller not provide correct complete information send us duplicate copy poor quality book need refund replacement option given totally unfair not taken holistically reach consumer forum need hard earned money back
5,thank
3,please provide seller information shopzilla customer helpless seller giving unsatisfactory service post delivery
5,
5,experience exicutive good
5,na
5,good job
5,giving misleading information web item sold shopzilla
3,good
4,nice
5,lady customer care team tried address issue appreciable persons trained negative approach customer try reach hence find person helpful putting little effort
5,good
1,mobile hang chal
1,fraud company liars robbed us not returning 6329rs thiefs first picked item cancelled evening file case wait watch
5,good
5,na
4,nice
5,good servise
5,good
4,nice
4,good
1,vad product
5,ritika extremely helpful lady hope concern sort soon 100 stars ritika cheers lady enjoy weekend
3,please give us option select delivery date time per convenience get
4,experience good
5,good bad
5,keep
5,change ur microphones lot disturbance call anyways thank much co operating ms sorry forgot name dont know feedback matters not think nice application trust good customer support executives well dont know taken seriously not request provide incentive hike salary promotion position executive spoken thank much
4,please display policy simple way person understands easily
5,good
4,good
1,rupees nehi ay
5,good
1,firstly resolve query given time dont irritate customer giving next date
4,issue delivery problem customer support good
5,sincere talking mam
1,bad behaviour
5,polite issue listening thanks
4,no
4,non delivered products showing delivered
5,customer support impressive full satisfied support thanks lot impressive full satisfied support thanks
5,late resolution
5,good supporr
1,bad waste time
5,full support amazing helpfulness
5,excellent
5,polite respectful
4,flexible policy
5,good behaviour
5,super costumer service
4,good customer support
5,thank much sir
4,thanks
5,good information
4,anything trust
1,fuddu h service
4,ok
5,product received nhi laga return krna chti ho
5,good service
5,good
5,good
1,sab se bad service hai
5,mam aap itna help kiye isliye thank isliye thank u
5,good
5,nice
5,good response
1,hi wahiyat delivery facility hai apki na aap problem ka solution dete ho na hi delivery agent address pr delivery na hi technician aata hai installation acha superbuy se kr lo
5,shopzilla delivery wrong product
4,issue resolved
1,shopzilla
3,channelize way wherein raised complaint followed customer
5,try resolve issue short span time
5,good polite
1,customer care executive told share product helpdesk number email address concern not shared
5,
5,please keep valid seller
1,fraud and420
5,helpful information gave
5,sab badiya h aap sunao
5,lovely
5,thanks customer care
5,good
5,awesome
3,something terribly wrong delivery service shopzilla plus member ordered three time phone delivery not delivered take different eportal giving three chances sorry
1,problem solved good customer service
5,no one excellent satisfied cosmer executive
5,excellent
4,days takes lot time deliver product time period less try give product fast possible
1,not good products
5,call quality bad voice blocking due mic related issue
1,call resolve problem
5,na
1,bad service badly
5,happy
1,response quickly
5,check products dispatch 1 unit delivered pack 6 veey disappointing
1,costumes care ne misslead kiya galat jankari diya
1,worst support issue not resolved
1,interacting customer service put hold disconnect call not unable solve mt issue not supporting
4,nice skill good excellent response
5,effective customer support
5,pretty quick response
5,good job continue
5,nice female help well
3,want delivery delayed not received answer far say problem resolved
4,links not clickable please make sure upload tested data
4,details could easily updated app
5,wxerg fyenqcrezwcwzwxtxwccwctvzrgrcy
1,waiting whole sunday product delivery no updated no wonder shopzilla loosing customer
5,good
5,good
2,resolve issue earliest remove bugs system software
5,excellent behavior customer support executive
4,nice
5,good
5,amazing communication skill appreciate
5,customer care per batchit karke bahut achcha
5,ap log acche baat huyi ap logo n help ki please mera parsal paise ane humble request thank shopzilla team supported
5,good service
4,good service nice collection
5,excellent customer care service
1,no resolution problem disappointed tired many times fed services shopzilla customer support also worsted disconnect call calls seriously no support helpless
5,good
4,thanks helping
4,customer care team great unhappy shopzilla products quality
4,product picture see 3 perfume receive 2 perfume 1 missing customer care support good
5,nice
1,issue not resolve
5,good
5,best
5,customer care executive resolved problem quick
5,thanks
5,good
3,able solve issue
5,impressed
5,nice
1,exceptionally poor customer care service harrowing time dealing team
5,please update return process website error occurred apply return
5,outstanding experience
4,good executive costumer
5,good
5,last one month facing delivery issue kancheepuram district kindly check end issue delivery agents urapakkam mambakkam
5,monika happy parsan
4,nice explanation easy understand thank
5,ok
1,
5,good
4,please use best noise cancelling headphones mic better sound receive
1,customer executive know trying say know process
5,good
5,customer care number need connected immediately resolve issues must faster without time taken longer
3,nobody customer support taking issue seriously
5,good
1,mera ekadam wapas
5,super
5,executive supportive nice person
5,thanks suport
5,good n
5,awesome behaviour
5,thank u support
5,less time
5,time related deliver
5,give easy access customer support
1,make policies customer centric fast resolution senoiors not available calls customer support
5,sinha ji amazing
5,no
5,good
5,pick call fastly
5,easily make decisions resolved issue thank much
5,return refund simple
5,good customer support bt tanima
5,direct connect customer care required automatic option help centre not user friendly
5,good
5,good
1,changed delivery address customer care address not change delivered product given address
5,customer service good
5,pls callback soon possible
5,please send item time previously shopzilla delivery time delivery late find others perspective
5,not working
5,nice
5,good response
4,one issue not solved 2 year shopzilla castomar care support ok
5,not found mother tongue included language support maharashtrian disappointing see official language not included
1,disappoint service
5,perfectly solbed problem thanks shopzilla rapport
5,thank solving problems
5,good
1,cheated shopzilla going raise case consumer court proofs evidence
5,thank supporting please solve issue really thanks
5,make esay returns
5,reduce customer support call waiting time
5,good service
5,always respect person
1,shopzilla eak scam h froud h
1,fraud done shopzilla received invalid spotify premium redeem code shopzilla
5,good good
5,mam wo polite nice person able understand query well
5,good service
1,missing
5,happy
5,good
5,sir se jo delivery boy cheat delivery boys agents k rules strict kiye jaye mene aapke platform se ac shoes order kiye jinke model products change aaye gye office tour pr hone k vjh se timely model product type check nhi kr paya kafi lost hua delivery agent check krke hi item delivery krna chahiye jiske regarding strict role ho
5,excellent
4,good
5,better speaking
3,want refund today
1,raised many times replacement related issue six seven times castamer care executive not raised properly complaint defective damage used another product delivered product always accepted replacement issue not resolved yet delivery agent comes many times refused pick product
1,want refund
5,super service
5,good
5,good
5,plz replacement fst
3,good
5,good
5,make policies change products
5,nice aunty
5,good job
5,thank
5,good job
1,confirm date mansion first
1,problem not solve
5,good
3,put call hold everytime
5,nothing
1,sorry mam jaldi h mem aap pta hi nhi chalta kya boli aap
5,good
5,thanks shopzilla customer support
4,good
5,nice feed back
5,ok thank
1,no solutions customer problem provide timelines customers already showing app customer care customer everything already given shopzilla side say wait 24 hour 72 excluding never ever listen solution problem
5,supportive team best nothing another
4,issue resolved customer support assistant quick understand issue tried several times reach receive call back mode not easy please look easy communication way call back superbuy shopzilla still lacks
1,bad service
1,atleast footwear align return policy
5,happy
4,good
5,no
5,45
5,thanks
5,nice
5,good
5,good job
5,happy
1,solve issue
1,issue never solved
5,solve problems quickly
1,bad experience
5,happy
4,good
5,excellent
5,nice treat
1,need replacement
1,w
5,spoke person polite
5,good
5,delivery soon
5,thank
5,good
5,excellent
1,cyg46fed
5,love
5,best
5,kindly ensure resolve problem asap
5,good
5,good
5,good service
1,support agent not understanding concern
4,good support customer care
1,asked many times supervisor customer service staff incharge talk either not forward call incharge not responded incharge respond
5,send money soon possibleexcellent costumers service
5,awesome
1,shopzilla service bad services good actually order air dopes shopzilla delivered not working air dopes not acceptable
1,mera paisa wapas kro
1,bad service
5,good
5,friendly
5,kind cooperativr
5,thanks supporting
1,not solving problems
1,problem not slove
1,ro
3,problem not
5,na
5,guy halping thank
4,owner not capable person product website not working properly resolve problem personal thought owner product check shopzilla properlythat gaven waranty service product website working not working
1,back end team contact option given complaint taken 3 days resolved trying since week no body helping update complain seems like customer support team back end team cheating customer
1,
3,thanks
5,love
5,tx
1,bad return request daily complent not solution
5,best customer care service
5,good
5,everything good thanks shopzilla
5,thank
1,poor quality
5,superb performance talking efforts solve questions well done shopzilla team
5,good
5,need spend time customer connect due shopzilla need provide option connect directly menu
5,shopzilla policies not good product delivered not satisfactory point refund always available superbuy not shopzilla get satisfactory product service provided worst case superbuy options refund always no manipulation build good business providing good product even demand online services originality product still doubt many
5,best
1,vary bad talking style not resolved issue
5,well done
5,good working
5,no thanks
5,awesome work nice
5,awesome
5,nice supportive
4,please boycott fraud sellers shopzilla used cheat customers per experience ordered 3 pair curtains instead 3 pairs received single curtain however invoice mentioned quantity 3 package got 1 1 single curtain rather 1 pair shopping shopzilla since long first time faced issue hope shopzilla authority resolve issue take necessary actions fraud sellers
5,plz share tha info courier office customer care office inform courier service delay
5,good
2,good talk nice like
5,good service
5,executive word polite sounds good feelinf happy satisfied service overall better experience
3,not completed problem
1,not resolved issue
5,hamare problem solve hone chahiye
5,customer service well supportive
4,ok
5,good behaviour helpfully happy
1,pathetic experience
5,good
5,really appreciate customer care executive understand query solved
5,good
4,return delivery late
5,good
4,make call easy customer care
3,existing complaint need lodge another complaint great service shopzilla everytime need lodge complaint every order not shopzilla plus member ai feel like tag profile everytime need lodge complaint get touch shopzilla support not plus curse
5,nice sirji
5,verify seller onboarding
5,nice support
5,polite thank u
5,excellent care service many thanks service representative
5,excellent interaction full satisfaction thanks customer support executive mr
5,customer service well supportive
4,whatever issue sloved happy shop shopzilla app fantastic app wholeover world thnxx shopzilla
5,nice
4,
5,v good
5,good service
1,gave wrong information
2,nice talk
5,want order soon possible
1,uable solve oroduct related issue not happy services
5,good
5,good
1,bed
5,know no returnable policy items item defective partially delivered option raise concern directly page
5,voice really nice extremely happy voice
5,good service
5,direct option call customer care talk representative
5,good
1,poor delevary
5,mind blowing
4,good work costume support
5,good
1,dear shopzilla customer guies say order cancelled no amount deducted till order not cancelled want cancelled order charge pay 200 hundred responsible foy pay best
5,good interaction
5,kindly make easy contact customer care case serious issues resolve issue quickly
5,
5,increase staff salaries
5,veri good
1,poor service shopzilla customer service no proper information given no solution problems shopzilla totally waste time money
5,useful information customer thanking medam
5,delivery confirm delivered exact date
5,good
2,want return product
5,good
5,senear sport
5,exllent
4,thankyou dear customer
5,good communication skills good need promotion tl sme atlist
5,use product moof set
5,customer good support
1,worst experience
5,solve issue p
5,polite
2,bad experience
5,excellent
3,need fast delevary
5,good support thanks
1,not helpful
5,good
3,issue not resolved
5,nice thank
5,guy helped really fast professional loved
5,take least time solve issue
5,good
4,no
5,agent quite good understanding good nature
5,nice costomer support
4,connecting time long
1,ticket rises not solutions please foxes resolution
5,helpfull give sufficent time listen problem
1,bad service provide shopzilla
5,thank
5,good
5,good
5,good
1,mere product ke andar aaya hai mising ho gaya hai product
5,good
5,agent excellent brilliant solve costumers problems really happy
1,retan
5,happy survice
4,escalation matrix required
5,good
5,please connect call soon update done without call
1,sorry say bad service faced
5,thank much time extremely happy shopzilla executive
5,nice
5,good
4,thank
5,nicely talk
5,customer support number direct page
5,nothing
5,good
5,good
5,thankyou help
5,good support
5,good
5,salary badwado us executive ki
5,please bring back refund option
4,good
1,not solve problems
5,100 customer satisfaction
1,third class service
5,nice thank
5,good
1,fully waste money
5,help menu option chat customer rep
5,excellent
5,issue solved happy coustomer service
1,no
3,normal
1,item 30 days come work
4,product not return please shell app company not help costmar
5,good behaviour best communication
3,take action immediately prolong
5,ok thanks thanks
5,good
5,good service
5,shopzilla first choice come shopping love service always
1,
1,poor customer care behaviour
5,great pleasure talk thank call important us
1,delever boy bad
5,good
5,take action seller worried customer
5,thanks
1,bad
5,nice muje delevery time pr
5,good
1,realme mobile damage
5,nothing
5,thank shopzilla upcustomer executive good im satisfied customer executive
5,ok
5,call disconnected received calls shopzilla side use replace request
5,thank shopzilla customer care
1,product less size not recognized
4,no
5,thank
5,executive professional
5,reduce late delivery electronic products
1,shopzilla delivered wrong product ordered even requested exchange not return understood return policy since not expecting anything wrong shopzilla deliver small size medium size ordered anyways not happy accept request exchange
5,
1,pathetic agent
5,giod
5,talk well problem try solve best possible way
5,nice
4,good response
1,disgusting
5,love
1,na
5,good toking
5,good work
5,thank
1,provide information app customer service staff not collaboration delivery agency
5,good
5,good
1,order 6 nom shoes received 8 nom shoes policy expired want return town
5,awesome experience interact customer care problem listened carefully finally resolved thank
5,shopzilla seller favor even cost cheating customer
1,first guys stop giving wrong information customers troubled giving wrong informationyou made solve problem pay customer not give wrong information guys solve thing go shopping somewhere elsei embarrassed say associated shopzilla almost 5 years want speak simple keep good people customer care give royal information thanku
5,thanks
5,customer talking good
1,teach employee
5,prepaid ordered misused delivery partners please glance take severe act upon
5,much satisfied customer care executive really understand work guide path resolve issuethanks lot appreciate lot support
5,humble
5,customer support executive behaviour communication skills found outstanding expected shopzilla highly thankful shopzilla selecting executives 10 10
5,ok
1,sir please change airpods boat 161
4,bh making instant refund
5,good
5,best regards
5,good customer support
5,thank shopzilla solved concern
5,no problem
5,please make reaching customer service convenient
5,excellent
1,bad
4,na
5,yup
5,satisfied resolution
5,call back needs improved
5,dilevry late not happy
1,query not resolve not gon na resolve u thank u sooooo much u not taking effort
5,customer care support helpful candid conversation adequate communication skills
5,good
5,bad
1,idiot
1,becoming scam company n people no co ordination company despite telling problem pickup product not mentioning return thread unnecessary delay every customer care executive know previous executive done every time cancelling request raise new issue new time line given much frustration customer customer stop contacting get money fraudulent means shame repeat shame
5,nice job shopzilla
1,advice please shoping shopzilla
1,need excustive solve problem not like hear say apologise issue problem not slove
1,return request product
1,taken 40 mins resolve issue
5,good work good service
5,good
1,totally cheating customerskindly ethical business
4,problem solve
1,support executive supportive towards customer
5,viby
5,really happy talk customer support executive named kirtiishe tried every possible way resolve concern thanks
5,tq sir
5,good
5,communication skill nice
5,excellent
2,take lot time coordinate back
5,agent half asleep
5,thanks shopzilla
5,nice
5,
5,good prominent reply
1,horrible support not customer centric
5,no
5,outstanding
1,poor serviceshopzilla
5,cool service
5,kind person understand problem
5,okl
4,resolve issue aspa
4,3 fold umbrella shopzilla smartbuy still showing 7 days return policy believe order 2 fold umbrella shopzilla smartbuy return policy well
5,love shopzilla
1,shopzilla thief makes fool customers
3,got bad products
5,instant online 24 hour chat system directly slove customer issue
5,good
1,mrp rs 95 buying 130 pls return payment seller froud
5,please refund bank account not shopzilla wallet ok
4,till problem not solved exicutive behaviour good
5,happy thank customer support
1,received fake iphone 14 pro shopzilla no support shopzilla yet
5,service executive handled issue politely explained everything ease way satisfied support
5,good
5,
5,delivery boy number mandatory customer connect
5,give warranty period side means shopzilla differentiate e commerce company
4,nice person
5,gg
4,shopzilla needs improve support services support sales services declining fast day day
5,best service
3,thanks
3,refund money terms conditions followed side not followed terms 10 15 days refund 20 days gone still dont received refund payed emi cancelled order worst support shopzilla never seen fli
1,no
5,nice
5,right
5,good
5,weldone boys
1,shopzilla worst app last order shopzilla no one family friends ever orderfrom shopzilla issue took money not deliver guitar strings rot hell
5,thank
1,poor support
1,bad
1,problem not solved customer service poor service
5,nice response shopzilla person
5,good service
5,good
5,thanks sir
5,nice customer support person 3
3,good
5,happy product nice
5,good
5,good
1,please solve problem
5,please stop fake product sell fake delivered not reached customers
5,make service better poor
1,
5,customer support effective not solved problem yet brought much difficulty even plus member shopzilla first return request rejected seller even gave necessary information attached necessary documents also not expected shopzilla
5,excellent
5,good
2,please support provide till result work customer good person
1,install bed today already late since delayed
1,return pick not completed even cancelled pickup agent status cancelled customer even not cancel not good proper solution not expected shopzilla please arrange pickup send money back earliest
4,please
5,good
5,package ke aupar thoda dhyan dijiye
1,bad service order not delivered yet not time not supposed make customers feel bad wanty order today
1,delivery service slowi not happy service
5,good
5,ok
5,pls solved customer query asap
5,nice
4,please proper support customer not setisfy service
1,give information regarding offer cashback coupons ur executives
1,diapointed
5,thank
5,man kind talking polite
2,krat netsuper fraud sellers save innocent customer
5,good
5,satisfied
5,nice
4,order 28 ka magaya tha aur 30 bhej diya hai
4,discontentd late order
5,thanks helping
5,good
5,good
5,good working
1,third class company third class customer service 8th august senior team juniors giving lolipop not satisfactory answer ridiculous shopzilla provided internal damaged tv not pro
1,someone like could senior support executive u2026 horrible experience girl allegedly said product lying
5,
5,good
5,thanks sumit sir well informed
5,given good support
5,good
1,called 3 times day everytime say thing say thing call gest disconnected return request getting processed 15 days no resolution regretting lot coming back shopzilla
1,order delay poor service shopzilla
2,deal seller
3,return policy enhanced
5,good explanation nice talking happy
4,welcome
4,dear shopzilla support team hope email finds well writing inquire eligibility ongoing rush pao offer recently completed order shopzilla within specified time frame promotion would like confirm whether qualify associated cashback orderorder date 21 august made sure follow terms conditions outlined offer eager know eligible cashback mentioned promotion value prompt response assistance clarifying matter require additional information end verify eligibility please not hesitate reach appreciate attention matter look forward hearing soon thank time assistance best regard
5,overall good
5,good
5,thank much sir
1,bad customer service put 6 minutes hold gona put review bad service
5,try return product u want refund scan availablity needed
5,good
5,not bluetooth charging type cable aer rabad
5,delivery boy contact no
5,good customer support team behaviour work amazing experience
5,no
5,good
5,5
5,customer support nice satisfy lucent bahut acche tarike se samjhaya thanku
5,good
5,tq helping
5,good
5,good
4,nice
5,good
5,nice work sir
5,good
1,good respons
5,please solve problem early possible
5,thxxx
5,thank
5,customer executive nice polite
5,product quality good rate less apps easy return
5,v good person
5,great experience shruti
5,pls resolve issue early possible
1,issue not salve
1,good
5,quickly response thank
5,nice
5,nice
5,kindly solve complain issue regarding fake return status updated today master man delivery boy shopzilla action man problem sove quickly happy
5,customer support executive polite understand product related queries happy recommend shopzilla hier soft hearted thanks alot minakshi
5,service fast reliable
1,refund back
5,customer care support executive great helpful
5,thanku much customer service always happy thanku nice information thanku lot lottttttt
5,better control management suppliers ensure perform deliver
1,wjhj
3,hide policy
1,customer care unable resolve query order not delevered 20 days issue need money back need cancel order
5,nice
5,good service
5,good
5,good
4,find vendor selling pirated copies books would ask customer accept fate buying products think best practice since option refund want accept book vendor qc side sending product customer option recieving original book publisher another vendor would ease process replacement
5,good
5,good
3,upset reply product not replaced pickup not help
5,helpful customer team
5,good support
4,no thanks
5,good service
5,thanks saroj diwedi sir
5,make return policies felxible cases
5,good
5,thank
3,warranty claim no contact not received sms
5,information like delivery boy location
5,good
1,please make number delivery agent available customers save lot time
4,like explana
5,voice good helpful nature
1,order not received time per office timing monday friday time 09 00 5 pm aapke delivery boy ki tarf se muje 9 pm delivery aate haai issue haai
5,overall conversation good
5,vary good
5,yeah mam bahut hi vyavhar e hain customer se se gujarish inko promotion karaya
5,nice voice
5,please kick ai
5,charging issues please
5,thank resolving
5,resplv
4,not respond product
1,poor service
5,good
5,good
1,care services
5,please solve problem soon please
1,issue not resolved not satisfied
5,god job
4,careful providing orders avoid hassle
1,one pathetic service ever seen entire life
5,good response shopzilla consultant
5,good work
1,choose better delivery partners
5,good job
5,owesom
5,good
5,dikhta h bo product seller nahi bhejte h
5,helping person
5,good customer care support
5,good language
1,yet not resolved problem
5,not remove gst number added
1,plz solve problem product warranty
5,kindly resolve problem
5,good survice
5,nice call shopzilla
5,thanks
5,best experience excutive
5,one customer support properly short problem thanks please told understands customer problem
5,good better
1,shopzilla ghatiya market place seller duplicate product sale shopzilla customer service poor feedback
1,always bae service
5,goog
5,thank much
3,good
5,days getting customer support shopzilla difficult
5,good
3,sale service product must care
5,good support
5,good
2,bad service
1,problem solved nahi
5,one thing saythank much shopzilla team
5,good
5,reduce time connect
5,good work
5,good products resnabel price
1,unsatisfied
5,xyz
5,
5,need reformation policies sometimes customer recieve wrong product product non returnable
5,delivery system poor like tortoise andi not satisfied
5,everything fine best business customer interaction
5,answers good customers thank u
5,helpful thankyou mam
5,nice voice informed
1,customer executive said hewillshareemail no open box delivery butshared feedback mail first
5,impressed services
5,please resolved replacement request
5,thanks help
5,good
1,7 days replacment policy today fk denied replacement poor approach inform office colleagues never buy product shopzilla also go consumer court kind service
5,good
5,add exchange option purchased products customers
5,customer service agent good solved problem immediately
5,good
5,good
5,good
5,solve problem harassed shopzilla
5,easily resolved problm thanku
5,happy
5,good
5,good quick response
5,time taken 3 working days time resolve issue on2023 please update
1,kya product deilever hi nhi hua ander box khali tha total aj ka
4,order one tempered glass phone received wrong product shopzilla policy allow return refund last purchase shopzilla mostly shifting superbuy please value non sense thinking go consumer court aslo amount product hold one shopzilla suffer worst experience online shopping faced shopzilla not even customer support help shopzilla policy help call recording customer go youtube face book low rating provide shopzilla thank no return delivery boys give use demo delivery time face time issues pay full amount not happy shopzilla
5,thank nice talk
5,thanks correcting problem
5,behaviour customer executive good delivery agent note porpoly maintain
1,executive disconnected call 3 times without resolving issue
1,good
5,nice customer support
5,good
5,good customer excutive problem step step solve happy thanks shopzilla
5,good customer support executive team
1,hang call face without resolution even many times shopzilla pathetic customers provide resolutions
1,itens not delivered immediately addressed
5,facing replacement time issue product productivity bad customer agent solve issue replacement next time delivered product proclivity good customer agent 5 star
5,much good
1,good talkative way like
5,thank
5,appreciated customers
5,nice agent
1,third classes service shopzilla no trusted shopzilla
5,nice
5,happy
1,problem not solve
1,similar issues faced many occasions recent past monotonous response sorry word stressed upon problem resolved repetitive plus member no relevance know fall prey shopping platform repeatedly facing brunt
1,got bad quality anjeer nobody helping return file complaint shopzilla online consumer forum food corporation
1,shopzilla worst wishmasters always reduce values exchange products
5,veri good
4,please give cancle option even product delivery
4,good services
5,team best
5,give executive access happened app regarding product
5,nice
5,good
5,good
1,problem not solved
5,best behaviour customer care agent
5,executive well spoken not disturbed even asked questions liked manners way talking also good
5,plzz add cancellation option shopzilla pay later option
5,thank
5,consultant polite talking
5,please resolve issues time mentioned purchased item
1,please call without informing try solve issue quickly
5,interesting person
5,good
5,product wanted return not picked please look
5,nothing
5,thanks
5,providing cashback offer bt never received cashback 5 star rating
5,good
3,nice service
1,please return request order
1,one worst product got shopzilla open not eatable bade badde kidde thay almonds k around people not rate supplier
5,okay
5,fast service
5,helpul information thank
5,nice job
5,nice
5,nice service
1,customer care shud hv access delivery hub reso
5,awesome
5,good
5,thank supporting
5,nice information
1,bad service
1,stop fooling
1,wasted time
1,mujhe 10 dino se pareshan kar rakha hai
5,nice
5,take short time connect customer care
5,please help order not delivered window ac cleaning person not call come ac cleaning
5,good
5,good
5,reduce time resolve problems
5,list poor quality products sale without return policy ruins shopzilla name
5,good
4,speed work good
1,bad
1,problem still unresolved
5,excellent
4,kindly please kore clear imformations use good headphones
5,great
5,ji
5,issue watch dizo sports 2
5,overall well knowledgeable person
5,good costomer
1,executive confirmed sending denial mail non acceptance return mail not received
1,poor
2,ok
5,kam chahie
5,good
1,disconnected call make call hold many min
5,good
5,good
5,nice
1,solve problem quick
5,customer call service good problem solved thank good behavior mam call
5,good
5,good response given sati solved liked much happy
1,nyc music calling voice
5,happy resolve prblm
5,good
1,waste time customer support useless no resolution till since last 12 daya issue fake promises 24 48 hours everyday
4,good
5,good
4,good service
5,kindly resolve issue
5,good
5,excellent
5,ffg
5,
5,nice
5,resolved issue quick succession
5,thanks madam solf problem
2,mu item wrong much time solve problem much time taken refund money
5,thanks supporting
1,sab ek hi baat bolte h
1,not resolve problem
5,kindly arrange pick return products asap basis provide refund product received agent
5,giid
1,worst service always give next date waiting
4,good
5,good soft skills
5,disconnected call giving resolution hell happening guys thinking customer give c sat hell guys making fool customer
5,refund policy
4,please give product return slip pickup time
1,problem not resolved
5,nice customer support
5,nice
5,thank
5,thank
1,please teach customer support executives politeness
5,nothing
5,shopzilla sarvice verry poor
5,nice guys
1,poor service
5,good service
5,ok
5,happy
5,yes
5,not approved retailer fooled customer
5,good
5,thank mr abhishek excustive solving issues time take listen issues nice conversation think want like listen saying plz make things easy talk coustmer care thank
5,good response thank u
5,good solve problem easyly
5,good
5,happy services provided shopzilla thank
5,nice work
5,stop sending mising item fraud
5,thank sir nice
5,great
4,good conversation
5,good servise
1,bad e commerce service never shop platform
5,1 ease access customers2 make resolution faster3 reduce connectivity time customer representatives
5,nice
5,polite agent
3,not issue costumer support team dissatisfied delay company take 10 days dellivery order 15 august since 18 august no movement shipment kidding costumer take order not able deliver time multiple time order shopzilla take 2 3 days special order take 10 day guys improve survicethis last order shopzilla u not able deliver mark cancle
5,good
5,good person
5,best shoping app forever
5,customer executive excellent communication skill
1,mera boult ka headphone ka kar rha ab bol rhe waratty
5,remove duplicate products
5,best information mam please request ki aap mera order fast delivery karvaye
5,
1,worst service seller delivery time
1,extremely dissatisfied service
5,good
5,v good
5,customer executive service
1,product not delivered showing delivered
5,give direct number call enquire perticular product related issue
5,good
5,nice meet
3,unable promise delivery time raising issue
1,
1,worst agent
1,waste product lost 6000 cast
5,easy understand
5,thank u
1,no solution provided wrost services
5,good
1,shopzilla bahut bekar ar ghatiya company h
1,pathetic service no resolution
5,good behavior
4,regarding current issue order not delivered canceled logistics side without visiting address premise though called yesterday afternoon told goods delivered one hour thereafter no contact canceled order today
4,okay good
4,thanks
5,good
5,
3,give charge reschedule fast delivery options
5,good helpful
5,thank
1,issue marked resolved without resolving actual issue going file case consumer court
5,good
1,customer service provider placed return request without even taking concern comm skill zeroownership negative
5,good exprnc
5,thanks help
5,executives well mannered polite
5,app sudharo apna
1,going sue shopzilla consumer court
5,customer support executive resolved issue minimum time happy
5,product ki picture hai vahi product send
5,supportive
5,thanks helping
5,please resolve problem
4,pre shipment quality checks stringent ability call customer support number given
5,thanks
5,good
5,shopzilla thanks
5,awesome
5,nice took
5,yes bhut hi
5,happy good support customer care thank
1,gross service provider
5,easy resolution
1,bad experience shopzilla due delay delivery delay refund process
5,reduce time resolve issues
4,let seller put extra charges return anything
5,nice support
5,good not direct customer care number enquiry
4,first respond
5,kindly request team problem fixed soon possible thank
5,good behaviour
5,must delivery persons keeping prepaid orders portal reflects item delivered
5,problem solving time much reduce make easy customer also give access care officer cordinate soon either write wait
4,nice
1,waste time expert type support shopzilla
3,good
5,good
5,exicutive good
1,poor services poor quality available would request everyone please not buy anything shopzilla otherwise always disappointment loss hand
5,person talked us customer care nice talked well us nice talk
5,not much everything fine
1,filip card costmer care service poor filip card ne mera pesa u2019t one filip card product
5,nice
4,good
5,good
5,excellent
5,good
5,good job
5,nice
5,good service
5,humble
5,okay
5,nice talk u keep grow self
1,agents takes alot time check give simple information placed call mute several times not even bothered side someone waiting resolution
5,add gift card balance account
5,good toking thise person
1,business totally depends delivery please time delivery
5,good
1,mera order time pe update nahi hai aaj ka dilevery date hai fir bhi koi update nahi aa raha hai agar aaj hota hai order cancel karna padega slow dilevery shopzilla fake application not dileverd order timeli
5,good shopzilla
4,okay
1,extremely poor customer service complete lack ownership wanting pass buck issue open shut case shopzilla displaying incorrect information
5,excellent
5,good
5,good
5,good
5,good conversation
5,good work
1,resolve issue worst experience ever
5,thanks
5,not
5,sir customer care executive lenient kind person
5,good
5,
5,good
5,got good response madhukar katiyal
5,mind blowing
5,thank much sir understanding issue
5,good job
5,good service
1,flirt coustomer
4,speaking executive needed clear explanation know people no option choose
1,shopzilla bogus
5,no
5,costmor care good
1,dont provide important information not buyers fault bear loss
5,good experience
4,not issue shopzilla customer care selling partner sending secondary item without proper inspection materials sending
5,good service
5,thank
5,good customer service
5,everyone talks nicely
5,customer executive humble helping resolve problem nice guy
3,sometime went wrong old customer refund late
5,please update invoice copy order sanction proper format
5,good
5,
4,thanks
1,customer care supporr team suporting
5,support executives good service like
5,
5,na
5,good
5,good
5,must updated option like report item missing etc
5,please ensure proper product packaging takes time long time reach customer negetive consequences faced customer order not availed timely accurately
4,great
5,one time solve problemnice mam
5,good
5,problem solved ji good job
5,please solve problem instalation earlier
4,good
1,worst shopping sitei never shop anything suggest contact
5,helpful service support
5,good experience
1,disconnected call never called back resolution still pending
4,mostly like
5,nice
5,
5,nice
5,strong transparent
5,happy
1,bad service
3,return refund soon possible
5,excellent
5,good response immediate action shopzilla executive
5,
2,no comments
5,hhh
5,good
5,thank
1,worst
5,customer service well supportive
1,make policy flexibility
5,customer care ka tarika bahut hi tha
5,please solved problem short days not longer
5,good
1,good
5,supportive service
3,pack proper package
5,awesome
5,good
1,
4,nice work shopzilla
4,kindly refund product
5,nice conversation
5,thanks
1,issue not resolved
5,good services
1,worst support team
1,earlier used buy lot products shopzilla stopped days poor service not sure agents open greetings hindi even though reside karnataka
5,excellent performance
5,good
1,poor service shopzilla
5,good response
5,good
1,good
3,disappointed recent order
5,excellent helpful cse far
5,good
1,problem not solvei request please solve problem
1,poor
5,please allow users update mobile number
1,agent disconnected call without resolving issue escape situation
5,good coustomer seviece
5,good response
1,unable send refund
4,good
5,nice
5,good communication
4,good
3,return call received line quality poor not able understand clearly not receive sms support phone no support email please provide support phone no support email
5,x v
5,good
5,customer support person kind nature
5,good
5,kindly keep care dishonest shopzilla delevery staff
5,thanks mam
5,need speed result
5,omg
5,everything good thanks shopzilla
5,return exchange facility good
5,no direct contact customer support
5,good behaviour
3,kindly provide right products
5,good customer service
5,nothing
5,nice employee
5,good customer support
5,good
5,thanks shopzilla team
5,super best good
5,ok
5,nice sir
5,please give us seller contact numbers directly thanks
1,verry bad sarvice
5,nice
5,good
4,waist customer time call focus query resolution shopzilla service slow begging money last 2 months
5,good sevice cosstmer
1,worst service
5,good
5,good
5,make sure customer order delivery top priority
5,shopzillaplease polite delivery return pickup partner valuable good rated sellers not useless sellers
5,good
5,thanks
1,customer executive giving automated reply not able resolve issue delay shipment superbuy issue used get resolved taking logistics team loop
5,good
5,shopzilla services good paylater option affect civil score work done no affect civil score
4,thanks executive timely resolving problem
5,u not able show invoice app item shipped dispatched superbuy available item shipped gst invoice not generated requested
5,aap se baat kar bahut achha
5,technician not visit ro without visit return canceled
5,return shoe pls quick return delivery shoe
1,shopzilla walo tumhara service bilkul
5,superbbb
1,missing product
5,firstly thanks support executive mr plz make flexible policies help customers thank
5,nice
4,make policies flexible ensure seamless buying replacement return
4,
5,good
4,not much happy product product details shows provision pencil get actually order provison pencil
1,change logistic team
1,call call disconnected support agent
5,outstanding
1,waste service shopzilla
5,thank
5,good
5,policies complex happy sellers new shopzilla review ratings poor google shopzilla seller name shows many complaints seller consumercomplaints platform make owful experience shopping via shopzilla
1,customer service good excellent service
5,please send carefully order product product harrase us
1,not satisfied
5,excellent service
5,not good
4,good
5,right
1,product related want return order
5,nice response
5,thanks
5,resolved customer problem quickly
1,told would getting information sms u2019t received conveyed customer rep said would receiving call not received wasted 15mins nothing
5,thank
2,no solution problem upset
4,difficult reach customer care
4,plz solve problem soon possible
1,no
1,one worst app
3,no
5,nice respons
5,nothing chanege
4,good
5,good
5,good
5,good
5,thank much
5,excellent
5,good
5,good
5,please resolve problem
1,really disgusting service
5,tried reach costomer care no invoice attached delivery product not even application register product future warranty claims no invoice costomer service fantastic executive professional approach 5 stars communication skills well done
5,product already picked get refund request please give 1651 rupees account
5,good
5,ok
5,nice talk
5,osm response
1,policy wise tou able meet competitors superbuy delivering product rhe day whereas tour team taking 7 days pick item cancelled 20th centrury yet
5,customer care calling service awesome
5,helpful interaction
5,good behaviour sir
2,concern still not resolved ticket showing closed
5,5
5,good
1,not resolved issue without fault cancel order
5,good costumer
5,good
1,bed prodeakt
5,good support
5,good
5,thank
5,thanks
5,nice person
5,well done
5,help fol
5,thank shopzilla resolving issue happy
1,problem not resolved yet
1,no
5,super
5,nice
5,no
5,person thank much
1,worst ecommerce shopping experience ever
5,good
5,pls time slove problem
5,nice
5,take hold one minute
5,thanku much apse bat karke bahut aacha lga
5,ufo
4,though issue not resolved yet experience customer support executive good
5,bot response many times irritating
5,excellent
5,customer care executive response excellent
4,
5,please refund
5,excellent
5,
2,shopzilla service poor not received help shopzilla quit
5,happy
5,thanks shopzilla company
5,good
5,kindly make return replacement policy transparent like earlier love shopzilla
5,love talk
5,please refund
1,good
5,no
1,useless service no one shopzilla ready help totally disappointed
1,overall experience shopzilla resolve issue not mark
1,delivery boy not take replacement not good
5,best
5,good
5,good parson
5,work fast
1,got duplicate product another model shopzilla not ensuring genuine dealers available site customer spend money no customer support shopzilla sorry
5,good
5,sir ka samaj aaya
5,keep practical options return replacement policy
1,skipping complaint said back end team call stick toatally waste worst workmanship
5,dear team shopzillai unhappy not received product want orders sowing right product received duplicate thank
5,nothing
5,nicely men
5,provide delivery details like name number delivery person confirm time home
1,5
5,nice
5,good work
5,nice customer care service nice good
5,ok
5,good
5,giving new information thanks
5,
5,well done
5,best support agent mr attentive intelligent keeps good work
1,worst assistance asked create new case created case provided different case
2,excutive not polite
4,good
5,good
1,sorry
5,not easy reach customer support excutive
5,please provide options self edit address details
5,tq
5,problem solved
5,thank coustomer care shopzilla
5,mera help bahut acche se kya
5,shopzilla make process verification product delivery yo ensure correct product delivered hassel return sorted also sure actually delivered
5,v good work first time someone help
1,dissatisfied delivery executive
5,good
5,thanks
1,emi related problems
1,bad service took almost one months repair making hundreds call customer service visiting andheri office two times provided repair
5,nice performance
5,thanks much
1,try understand customer concern provide resolution according ce not able listen
4,thanks shopzilla team
5,good
1,support not good
5,thank
5,good
5,good
3,no customer support
5,please support costumer required
5,issue resolved
5,good executive manner
5,minor error service shopzilla nothing else love service shopzilla thnk u
5,best quality
4,shopzilla support nice
5,best
5,sir not deliver open box delivery otb based delivery send different item thanks
4,give call back end resolution
4,problem solve good job thanks u
5,good
5,good
5,gudjob
1,didnt get solution shopzilla
1,not resolved issues
5,good
5,thanks
1,worst experience ever please add zero also 1
5,good
5,nice talk executive
5,good
1,not products deliver imege shopzilla
1,please stick shopzilla policies
5,resolution fast
5,thank
5,good nature full help support
5,osm conversation sir
5,cooperative always
5,yes nice solution problem customer care service thanks
5,good experience shopzilla representative also good information passed helping thanks
5,short policy not favourable us buy product udates availableon portal since longterm trusted customer like us really need improved
1,close business services not good dont time management
5,good people
1,communication
5,way talking customer gud thank
5,rufund policy
5,no
5,clear policy
5,quick solve
5,good
1,issue not resolved
5,nice
5,seller ko boliye product achha please shopzilla
4,nice work
1,unhappy
5,
5,nyc
5,confirm product non defective go delivery
5,happy
4,good behavior nd talking
5,please develop delivery partner packing products
5,good
5,good response
5,good
5,thanks
1,call cut diya hai police complaint
1,worst experience since last 5 6 purchase time going consumer form
5,good
5,good service
1,issue not resolved
5,nice
4,please introduce email service reaching customer care team floor cloth drying stand handed delivery person communication not received system place please thanks accepting return request best
5,excellent jobe
5,nice costomer care
5,thank
5,provide solution mail
5,good
5,
5,thank much
5,may phone not charging properly advance
1,fraud seller
1,jeeves tech closing issue without showing submitting false report
5,good
5,helpful
5,no comments
1,return issue product not working
5,everything good
1,problem not solved
1,received wrong product want replacement replace option not available app
5,use super coin
4,nice
5,good service im happy
5,make sure no return policy product good quality auantity
5,good communication
5,good skills
1,u2019t get resolution highlight ur social medias proof
1,bad item bad experience
5,thanks guide nice guide
5,good person
5,caller understanding good
4,good
5,fast delivery
5,rather customer service logistics reach needs improved everytime customer calls logistics number recieve sms says busy
5,wishmaster poor
5,goog
1,nice product
1,delivery agent bad 3 time oder item without permission canceled 10 kg weights no delivery saying disappointed
1,
5,thanks
5,excellent
4,please make possible return damaged differenf items even items no return policy
5,
1,get team understands issues resolves pls call online companies know talking guys speak customer language 20 minutes call no solution wish best
5,si nice customer service
4,thankyou
1,customer suport executive rute language
5,thanks
1,bad
5,increase options return ask delivery person open box delivery even customer ask
5,good
5,going purchase product please mention area wise product service centre number address easy buy product
4,good
5,good
5,nice
5,good
5,good customer care executive soft spoken good response
5,yo ban fraud shopkeeper low quality products selling used want price products
5,nice
5,customer care not get phone guys make easy called customer care customer problem resolved soon possible chat automatically goes ai immediately call customer care make easy customer thank much
5,nice
5,communication good resolve problem also good
4,superb
5,nill
1,bewakuf
5,satisfied shopzilla team listen problem pls also solve problem give wish size product
5,make options replacement products example bought product x brand not good option replacement product upgraded product
4,tq
5,good
1,facing issues delivery product track order seems deliver time received message delivery take time ship
4,happy
5,good
5,happy
5,please provide customer support number direct screen
5,voice quality increase
1,executive failed answer 2 3 pointed question interested justify words
5,good
5,support karne sar
5,excellent support
5,every thing appeared nice good
5,good
1,told would get sms regarding customer care no aqua fresh company u2019t receive anything
1,please rifund
4,good
5,nothing
5,good
1,12 din ho gaye ab product pickup dusra itna pareshan mujhe kiya hua hai bahut mein call bhi raha hun
5,
5,no need thanku
5,nice behaviour
5,thank helping
5,poor quality products change
5,good
1,coustomer care nothing solution coustomer bailing cutting calls ii received product marked delivered 25 july till 22 aug raising complaining n getting solution evn shopzilla plus membership loss faith shopzilla today no order shopzilla
1,good
5,good
5,good
4,item jankari gunwatta check karke hi aap item ka sel
5,mr gaurav polite respectful helpful man
5,bahut achha
4,pl items provide hard soft copy invoice bill
5,nice
5,best
5,thanks inquiry
1,call disconnected never came back
1,worst service provided shopzilla customer care small issue not able solve 4 5 days awful
5,
4,good
5,helpful us
5,thank still issue persists anyways
5,aacha se bat kri bhaiya ne meri problem bhi solve krdi hai bht bht thnaxx
4,best make delevery fast secure
4,
5,thank u much
4,nothing
5,nice
1,smart watch replace
5,nice talking
5,sorry wrong name
5,good
5,refund money thank shopzilla
5,thank
1,world pathetic customer care
1,not good problem not solved
5,good
4,thanks
5,great person
4,good
4,good excelent
5,good
5,thanks
5,good job nice miting good
1,poor
4,good
2,average taking customer care
4,good
5,well
1,please resolved probles pay later
5,company cheat query problem 2 months company not solved query problem
5,nice customer excutive
5,nice work
5,conversation experience good waiting solution problem
1,mere paise return nahin kiye gaye hain
1,hire guys like making much request not anything
1,thx
5,good information given
5,one world best man talk politely resolve issue good manners happy
5,good
1,get closure issue time frame seller not responding
3,terminate delivery charges many times cancel order due delivery charges
5,problem solved
1,delivery agent responsible everytime number
5,far good resolution time minimized
5,good
5,good
5,please tha needful
5,kindly deliver product time customer think use shopzilla current experience never use recommend shopzilla
1,no problem resolved
5,whoever talked asked good questions guided well
1,not give resolution cut call tell cut call disconnect app help connect call also tell thing fone tl sme
4,purchased pillow slepwell quality bad idontno seller provide pillow original duplicate
5,exllent bro
1,please resolve issue time
5,customer support
1,customer services need better service resolve issues not noted issue
1,improve overall service specially customer care delivery insure delivering original product instead fake wrong products
1,customer support executive call getting disconnected
1,item misse not refund money
5,nice support
5,please sir product request
3,ok
5,thanks
5,congratulations
5,good work
5,super
1,worse experience shopzilla fix issue still issue not got fixed
3,issue pending since 3 months
5,esly contact ho sake
5,good behaviour happy shopzilla castomar care
4,also
5,nice
5,hi
5,nope
5,pleasure talk helped
5,overall good
5,good
5,thanks shopzilla
1,fraud liar irresponsible
5,seller information products accurate quality improvement
5,good
1,bad watch
5,good behaviour
4,good feedback shopzilla
4,make easy reach customer support executive
5,good response understanding
5,happy
5,nice
4,not get issue resolved talking executive
5,nice person customer executive supportive nature
5,mujhe bahut acha lga mam se baat
5,thanks living
5,no
5,good
5,improve courier partner policy
1,no service centre available area
5,awesome
5,good
5,good
5,good
5,good lady call talking nicely resolved problem
1,take 5 phone calls refund order not delivered courier misplaced damaged
5,thank
5,nice
5,give promotion rahul amazing guy solving sort issues think give new promotion like managing problem solving assistant
5,good
5,love good
4,good
4,
5,vgood
5,policy bad
5,hackers way try contact customer care support
1,want replace product
1,executive talk well not able resolve chimney problem still
5,ok thanku
5,counter fake product sellers
1,bad experience shopzilla
1,customer executive behave right way dealing issues address right direction
1,bed
5,good talking language
5,helpful costumer service
5,good
5,best
5,please remove open box delivery faced problem twice
5,fast reach
5,good customer spot
5,thanks resolving
5,care taken packing transporting
5,good
4,happy
1,helpful
5,pls return orginal shoes
5,good
1,shopzilla bed customer
5,customer support number not available product hope need work quitedisappointing family old customer happy service wish best
1,order confirmed
2,good
5,
5,polite behaviour helpful
5,thank shopzilla customer care
4,coustomer care executive taken long time resolve problem
5,good person
5,good customer service
5,customer care officer good guy
5,everything good shopzilla except otp registered no shopzilla come ordered no person initiate return process
5,good service
5,good
5,good
1,solve problem
5,good
5,good
5,nice job
5,good
1,ph
5,
1,already deactivated accont due issue good bye shopzilla
5,according shopzilla service good
4,took precious 22 minutes resolve query please lessen time resolving customers queries
5,good experience far
5,awesome
5,nice person interact moreover please process promised request asap thanks
5,really appreciate help given agent
5,thanking much helping
5,shopzilla needs type quality exicutive sach appreciate work
5,good
5,great experience
5,nice
1,u r zero support company even smallest issue not b resolved ni body else delivers grocery 6 plus days v v poor support
5,best results
4,good
1,not understanding issue
5,overall good
5,no
5,excellent performance
1,thanks
5,good
1,executive gave wrong number
5,namaste se order kiya tha order nova superbrom ng 1148 aur maine delivery address provide kiya tha lekin mujhe dukh hai ki mere order ki delivery boy ne address pahunchane se mana kar diya maine par shopzilla ke customer support ko inform kiya tha lekin mujhe ab tak bhi solution ka koi pata nahi chala hai maine order main situation mein kafi pareshan hoon aap mujhe kripa karke matter mein taki mujhe meri delivery mil sake ka regular customer hoon aur main ummid hoon ki aap mere problem aapki prompt madad ki pratiksha mein
5,nice castomar sarvic
1,not expected product not working
5,sorry
5,good
5,product defective yu help customers provide brand policy take product back geniun customer still yu provide solution sorry say superbuy way better yu solve problems time think twice buy product website
5,nice voice
5,
5,lovey
5,easy return
1,customer care told wait 12 days 12 days mark queries resolved without knowledge call wait 12 days disappointed shopzilla services
4,thank
2,worst experience ever shopzilla never gon na recommend anyone purchasing electronic items
5,nice
5,good job
4,nys talking problem payment issues immediately solved
5,thanks
5,v good
5,meri help kr plz mere missing produsts
3,not resolve issu
5,love service costmor care properly respond
5,good good
1,gave wrong information product delivery asked given wrong delivery mobile number told cancel reorder email
4,make sure not delayed everytime
5,pls action shopzilla
5,helpful
1,call not connecting
1,please improve delivery service
5,good axpirinsh
5,happy shopzilla bzc executive
5,good customer service
5,really happy talk exicutive support
5,love mam
5,good
5,good
5,everything going perfect keep
4,good
1,worst service policy never recommended anyone worst means worst irritating customers no worries customer not customer centric
5,good excutivegood behaviour
1,totally froud rs 4200 approx not returned already call costomer care not solve 14 aug 2023 return amount cancel order totally froud shopzilla not live dubai legal action shopzilla another
5,okkkkk
5,thank
5,nyc
4,good
5,nice
5,nice product
5,provide option upload picture would like upload picture shoe defective
5,taking much time delivery
5,thx
5,nothing
5,good
1,guy name unfaithfully told want talk senior executive cut call without telling please look
5,complete resolution
5,need check product price market price
5,nice
1,good
5,thank shopzilla
5,excellent
5,thankyou vishal resolving problem
5,good nothing else
5,thanks
5,good
1,called shopzilla customer care 10 times every time tell problem right scratch no work log discussion history maintained
5,good
5,please make delivery fast
5,thank
1,service
5,nil
5,good help
5,overall happy
5,good
5,good work
1,not got money till returned parcel
1,update contact details account
3,bad
5,nothing
5,good
5,supperlove u mam
5,good work
5,good person
1,except sorry no information provided calling many times
5,good information
5,good
1,not getting satisfied information
1,wrost shopzilla delivery
5,okok
5,email communication option well communicate issues
5,thanks
5,good communication
1,please check dispatching fulfilling customers order not specifically products no return policy
5,good girl
4,nice
5,customer executive good
5,thanks
5,5
5,wass god satisfied talking idea good
1,maximum time better price deals get delivered
1,get ai instead humans called executive worst ai least ai would respond query executive talking south talking
5,excellent customer service
5,good
1,shopzilla logistics services needs improved worst service
5,excellent delightful understanding quick resolution customer care executive
5,customer care polite helpful
5,good response
5,good
5,good tq customer excuite
5,support good
4,please help resolve motorola g52 64 gb display problem soon possible
4,nice
5,nothing
5,good
5,right
5,lovely people working
3,make sure seller delivers products per committed date
5,like way communicate customer thanks
1,poor food delivery service
5,thank much
1,mera koi issue solve nhi hua
5,good
5,sir explained well
1,issue want resolved continuously escalating felt bad
5,sabse best help center
1,strick action
5,sorry late rec mail give feedback 5 days possitive response really appreciate u
5,order not pick
5,super thank shopzilla
5,customer care executive supportive
5,easily contact customer care
5,great job good skill
1,not happy
5,excellent performance
5,give direct contact number talk problems related products services
1,order not received mail code kindly revert money back
5,excellent
2,please provide otp delivery service early possible absence services degrading damaged near future
1,not good
5,good
5,awesome customer care service company ho aisee
5,happy shopzilla
1,bad support customer care
5,good
5,good
1,order delayed 2 days delivery attempted late evening night shifts want order delivered 4pm like shopping websites
5,
5,excellent behaviour executive
5,idea
5,excellent
5,update software service fast service
4,please keep tab delivery contractors efficient shopzilla compared competitors
5,good person
5,nice talking
1,customer exicutive resolved issue
5,customer care talking good problem not solved return policy last 5 days receive today tomorrow 9 clock not received delivery boy please receive return product immediately
5,thanks
5,great service
5,customer care bahut hi achha support milia karke mili
5,good
4,good
5,thanks
1,thank much help
4,nic
5,get delivery time
5,good
5,good
5,given suggestion regarding issue try
5,good customer care helping
4,please easy available costumer
5,person good
4,please give telugu language
1,complain not solved mostly one month
5,good
5,customer support thank
5,super call
5,good service costumers support
5,thanku
5,good service bye shopzilla
4,response solve issue immediately not shortly
5,good partion
4,interaction customer care representatives impressive issue recently change present mobile number insted old number order use shopzilla wallet amount order expectent product shopzilla though interacted customer care representatives regarding otp issuse many time still not received expected result make disappointed frustrating please kindly needful action
1,please unblock shopzilla pay later
1,question no result phone drop customer care not call
5,satisfied
1,please disconnect without proper information
5,good
5,good
5,good job
5,good working shopzilla happy
5,plzz resolve issue already contacted customer service many times assuring solution technical not visiting address thankyou
5,nice
5,customer service good
5,thanks
5,nice experience
5,good supporting
5,god
5,good
5,good
5,shipping address phone number changeble
5,good service
5,good
3,keep options return request physical issues also options refund
2,no othorite cotmar care
4,please reduce response time
5,way talking nice sounding good excellent work poonam keep
3,shopzilla u2019t resolve issue product purchased website mono channel speaker mention specification configuration channel stereo u2019t return product basis false description shopzilla deal customer
5,good
5,excellent
5,please remove no return policy every product return policy
2,shopzilla customer care service good nothing idea defend indefensible simply parroting cancellation order seller no way restore absolutely undesirable frivolous behaviour pricing said item special price 1 based condition minimum purchase amount shopzilla shirk responsibility saying cancellation seller due quality issues evident act malafide cheating motive item not part rest order delivered part order conducive seller part shown available nearest hub would exercised option returning whole order importantly transaction shopzilla take responsibility arbitrary malafide cancellation concerned goodwill put end incidents onus shopzilla maintain sanctity transaction ensuring delivery said item wrong things keep happening fair resolving genuine grievance customer please look competitors like superbuy jio mart inspiration share instances well address customer grievances documentary proof hope see resolution long pending complaint escalation issue right team since team handling till big dissapoinment information complaints easily handled first level mentioned e commerce sites
1,lost trust shopzilla
5,add bangla
1,thank
5,many time employee problem resolve properly raises request good behaviour good thanks
5,nice person
5,sweet n polite wish best
5,please help every time situation
5,wonderful experience talk person dealing issues resolving process happy know reply response
5,want representatives also
5,please reduce time response query resolve soon possible
5,excellent
1,need callback
5,yes
5,nice
5,ver nice
5,good
5,way speaking polit
5,nyc mem
5,no
5,good overall
5,thank
5,good
5,thanks shopzilla
1,executive not solved issue
4,waited 10 mins connect executive
5,no
1,worst support
5,nice
5,quick response customer support executive please provide information application website thanks shopzilla honest keep growing
5,good
5,kindly remove bad quality products
5,good service
5,ashima provide excellent resolution
5,good
5,customer care service really good
5,good
1,worst support executives know minimum common sense speak customers continuously making customers stay hold
5,product delivered original brand packing along invoice
1,shopzilla se order nahi karo ga aab se
5,zoo
5,good
5,person talked really nice person give 27 minutes resolving problem full dedication never experienced customer support please promote persons
1,shopzilla poor customer service much disappointed issue resolved still
3,money deducted account refund not yet received
5,easy reach customer care
5,issue reported resolving reduced day next day instead existing 4 7 days
5,good men
5,please give fast delivery
5,nice job
4,delivery boy effort sensible person one time not receive item cancel product automatically
5,good
1,customers liye
5,good
2,bleady open box delivery
5,answer responsible defferent others
5,good service
5,purchase order information return replacement meaning explained effectively order page sothat item received issues may not come
5,no option choosing multiple query issue also no picture uploading option term exchange reutern
5,proper coustomer support
5,good
5,reshma took care issue professionally loved way explained process great work
1,delivery pickup partners pickup executives providing worst possible service pickup guy never came pickup order still marked product product mismatched support executive disconnected line neither bothered call back nor provide resolution instead ticket closed good going doom days not far ahead pace
4,ok
5,good help shopzilla shopzilla
1,bad service
5,good talking
5,helpfull coustomer service sweetly talk every time talk
3,happy service
5,nice
5,outstanding
5,great
5,nothing tell
1,bad
1,return replacement policy 7 days customer care say item not return replacement not fair customer recommend shopzilla service not good unhappy shopzilla journy
5,best information
5,good service shopzilla
5,thank nice customer care service
5,good
5,nice
5,thank much calling
1,shopzilla wrost online shopping app
5,good service
5,good personality
5,good
5,please solve problem
3,good
3,donot authorize sellers turned much careless not worried customers need
1,give proper ans hold irritated
2,nothing solve quiery produc delivered old around one year no support shopzilla told new product shopzilla side not give respond new product bad experience not good service provide shopzilla
5,good
5,customer service amazing due seller upset not delivered proper item
5,ok
5,please refund payment
1,not good
5,good polite
5,good
4,thank u
5,good sir
4,umm customer care service good
5,good
1,superbuy best
5,improve refund policy
5,good
5,good
1,return refund
5,excellent communication
5,customer support executive help good manners try resolve issue easily
5,mast h
5,good
5,remove bad sellers shopzilla platform
5,many information provided customer support customer order status increase
5,ok
5,satisfied communication customer executive
5,received remote control tv stopped display one digit supplier 7 days replacement no support shopzilla though product warranty unhappy policy shopzilla seller not recommend another customer product future
5,shopzilla getting worse day day message shopzilla not advisor
1,return policy not adequate
1,please hai wahi deliver ho aisi policy banaiye jo koi bhi wrong ya mismatch product delivered kar rahe hai unhe shopzilla ke app se kar dijiye unka koi bhi product shopzilla platform par na aane dijiyega please aisi policy
5,good
5,super hero
5,please provide details courier boy delivery message anything happens contact directly
1,issues not resolve
5,good customer service
5,delivery executives behavior pathetic
5,good resolved issue thx
2,ok
5,good
5,castmar care sports
5,no
5,good support helped exact delivery agent number
2,respectively talking customer
1,disconnects call conversation call back
5,happy
1,truthfull
1,nice customer care
5,nothing
5,thanks shopzilla
5,thanks
2,customer executive good person make policies easier
5,
1,customer care service not proper please enhance service resolve issue customer priority basis
3,thank
5,thanks
5,problem not solved yet hope solved
5,good
2,try solve issues quickly
5,nice
5,one request kindly share hard copy invoice time delivery grocery products many skus booking delivery location different
4,good thanku much
1,service not good provide defective peice no replacement
5,good
4,better future
5,no
5,improve product delivery time not getting product time
3,query review still not resolve
5,good
5,good
5,impressed
5,executive good
5,thankhs
1,worst customer support
4,keep call option seperate integrate ai support
5,good
2,days orders getting delayed not receiving informationand courier partners not calling deliverynot yet received message emails phone callsworst experience ever
5,thanks
5,good
5,case order cancelled shopzilla please share basic reason customer satisfaction shopzilla ask customer cancel order
5,customer service help complain resolve
3,customer support improved
1,aapke sellar sahi nahi hai
4,nice
5,possible options 5 giving rating experienced nice executive
5,thank
5,fantastic service
1,help less support
5,wonderful job
3,not happy shopzilla first time deliver effected product
2,verify sellers allowing sell products website received refund feels like seller fraud
4,ok
1,issue shopzilla policy not executive person
5,wonderful customer service
4,good
1,close company
5,good support solve problem
5,thank helping
3,automatic cancelation bad shopzilla desicion
5,good
5,good
5,good
4,provide direct customer care number
1,buy product use auctions product supporting application also dsnt help replace another laptop
1,query not resolved
1,complaint not solved problem continue delivery staff not made delivery door step called delivery office 3 rd time actions bad
1,pathetic customer service
5,good
5,make invoices available orders tab anytime without discrepancies atleast period warranty
5,miss helped understand complain easy manner
5,good
1,replace washing machine ordererd 05 june 2023 non working please install replace refund amount
5,customer executive good work
5,really helpful good
1,dont think feedback suggestions important not taken action issue
4,please avoid defective product seller
5,good
5,thanks
5,thank u
5,good
5,v
5,nice
4,plz get replacement soon facing lot trouble
4,ok ok
5,safe zone
5,good
5,good communication skill
3,please contact
5,policy mein bahut hai customer care mein bhi call e raho aapki problem ka solution nahi hota
5,polite charming
3,shopzilla worst company
5,mera problem jaldi solve karo
4,delivery please support customers not received materials delivery partner
5,better samjhay
5,good experience
5,customer care executive support good polite behavior
5,good person
5,nice
5,option getting money account rather gift card selling back old phone
5,good service
5,nice call customer care
5,nice experience
5,change delivery company
5,awesome service
5,instead chat display customer care number
5,mera pankha bekaar
5,right way talk everything good
1,lean superbuy
5,thankyou
1,not resolved issue
1,happen not interested resolve problem
5,no thanks lot
4,v v v v vvvvbbbb good
5,flexibility
5,good service
5,thank mam nice love voice
3,get return order received misplaced
4,good
5,ok
5,thanks
3,customer proper visibility refund status current case show
5,
4,u appointed type fool customer executive
5,cknb
3,good sarvice
4,good
5,happy customer support executive
4,customer support excellent
5,best partition shopzilla
2,not
2,thanks
5,good
5,excellent
5,nice
2,damaged 4 paked retun requst 1paked
5,great service departmentbut dilevery chutiya
5,
5,5
5,good job
5,customer service mam excellent communication skils
4,no need
5,customer executive interacted understood concern put best effort resolved
5,hii
5,excellent receiving
5,
3,good
4,spoke ashutosh entire format wrong zero opening closing lots dead air not followed hold refresh protocol polite throughout call first call tried give best want encourage csat
5,nice
5,good
5,good
5,good
3,got mail yet please sure
5,good
5,nice job
1,cc representative approved return request informed get refund next 3 days next 3 days got email shopzilla stating return request canceled
4,good
1,customer se important hai shopzilla customer seller shopzilla dono milkar wrong item bhejte hai charge bhi lagate hai jaise ki customer ka haram ka hai
2,please solve delivery issue
2,taking long resolve technical issues
5,great experience
4,good
2,airdopes issues problame
5,good
5,good job
1,cancel order refund payment
5,pls solve problem
5,good service happy
5,no
5,good behaviour
5,one request kindly send hard copy bill delivery grocery products checking qty booking delivery address different please cooperate
5,good
5,much time taken system refund policy
5,good
5,good
4,issue not resolved since long time lthe issue content not updated
5,happy customer support services good
5,good thank
5,problem easily solvethank much
5,must take seriouslybeing senior citizen plus member shopzilla must provide direct contact number previous essential daily routine purchasing must tike seriously
5,na
1,call done executive not able slove issue please make sure issue solved soon
5,behtareen experience raha call ka
5,early promotion mayank deserves
5,overall communication good
5,good
4,no thanks
1,resolve problem
1,worst customer support experience
5,nice work frm agent forgot mention plus member script
5,good knowledge
1,issue not resolved tha customer executive want return defected order receive mistake poor customer service shopzilla plz solve issue
5,ok
5,great job mamthank much
4,executive nice helpful
1,not happy shopzilla
5,happy customer service team shopzilla specially telecaller
5,logistics department poor service
5,resolution time vey high upto frustration level customer
5,thank information
5,good
5,thank much
5,shared problems without douts love conversation
5,helping
5,no
5,customer care lady good knowledge concern update issue time taken excellent service
5,good
1,no response fake promises
1,bakwass
5,customer support executive good helpful
5,good
5,good
5,full satisfaction
5,best
5,not sure packed send different fish food mistake voluntary good fish need flowerhorn fish food
5,jaisa chal chalne mere bolne se ghanta koi change ayega
5,thik
5,good person good behavior good good gay
5,nice information
5,good supporting
5,no items parcel rechecked no inconveniences caused received parcel one item missing
5,please check product dispatch recive picture packaging
1,shopzilla cheat company shopzilla sale fake product
5,thankyou
5,supportive well spoken customer care executive thank much kind information
5,next level
5,politely
5,good
5,accessible much easier
4,bad experience product defective product deliver
1,try resolve issues faster
5,proper opening apology also acknowledge issue good call however work script make conversation professionally
5,mice
5,nice meeting
4,happy customer support executive
5,exilent
5,good deal
5,fantastic organisation great cutomer support beginning end process wonderful experience many years shopping shopzilla
5,thanks support
1,call sir
5,tq shopzilla
5,good
5,good no problem
1,worst experience no one help
5,good customer service
5,thanks
5,good
1,shopzilla chor hai
5,seems good little improvement reaching costomer support could better
5,agent helpful quick
5,good
4,good
5,thank
4,make policy customer friendly not seller friendly
5,no
1,changes policy get customer concent placing order
5,helpful person
1,please try cheat us hard earned money
5,good experience
5,no
5,thanks shopzilla
1,delivery agents hurry throw away groceries without give bill matching items app allow speak customer care agent nor customer care number mail id please remove bot using help needed change policy help customers successfully uninstalled app good bye shopzilla
5,got prompt resolution
5,absolutely amazing communication customer service never spoke someone ever shopzilla sounded human not robotic loved way handled call
1,pls like superbuy
5,lady good nice taking happy service
5,good help good
4,ok
5,best communication
5,excellent
5,good no need improve
5,happy
3,customer support okay taken much time resolve get next call 26th august not good even not fault product sent product without company label also wrong product troubling bcoz
5,good
5,good behaviour accident
5,yes
2,customer care officer no adequate knowledge
5,humble man eaisly understand concern qnd responsive personality
4,good
5,good
5,good customer care
5,nice
5,good service shopzilla
5,good
5,ok
5,excellent
5,thank
5,excellent
5,reaching call support
5,good
5,easily solving issue
4,good
5,good
1,improve services
5,well done
5,nice person person solve query happy support team no much happy
1,refund not return 1month 7 10 days shopzilla service bad customer not satisfaction service irritate customer service
5,5
5,helpful thank much
5,good knowledge thanks shopzilla castmar care
4,policy transparent
1,keep customer long hold try giving resolution
1,poor
1,no
5,nothi g
5,good
1,go service centre 1 day product not working properly
4,thanks
5,mera problem solved kar diya
1,not information provided
5,good service
1,yesterday told give 5 compensation today telling no information mentioned system
5,thanks
5,gorjeus person
5,unfortunate r taking many days resolve small issue never expected dis time disappointed
1,working speakers not coming
5,good
5,good
5,nice interact coustomer care service listen issues best resolve
5,thank
5,good service
5,good
5,nice support
5,know satisfy customers well
5,shopzilla active delivery agent deliver product doorstep
5,good customer care
1,pathetic service
5,thank much solving problem troubled since 2 day happy solving problem today thank sir
4,happy
1,customer service not updated
5,good
5,badiya se solve karne ka try kiye hai thanks sit
5,ok
5,please check brand prod
5,nice
5,good
5,good
5,nice
4,good
5,ease reaching delivery service provider even entering registered phone number 3 digit pin call not connected delivery person no call recieved delivery person well message tried calling no call recieved delivery person
5,good
5,nyc
5,good awesome
5,professional support today call good customer service agent like organisation helps customers every time really want shopzilla agents like help us make us life really easy better day thank
5,helpful response
5,excellent
4,speech not clear
5,everything good
5,better solution
1,service bed policy also bed
5,excellent
1,no problem shopzilla delivery boy order speak roughly know misbehave customer even colleage check order 2time come fine plus give delivery charges order deliver us perfectly refused say want order cancel seem like horrible way behaves hope like next time please dnt want deliver order tq
5,good
5,last 4 days issue un resolved please get resolved earliest concerned supplier not responding calls app
1,shopzilla fraud company wrong item provided costumer services also bad bad behavior no justified answer provider no help given wrong product complained within 5 days told delivered 17th august still not received
5,nice costume care
5,happy
5,mera product missing ho gaya hai kripya
5,excellent
5,fatima z understanding skill good fully satisfied
5,nice talking skill
1,agent said give immediate resolution issue not solved mentioned resolution time 27 aug without consent
1,nothing wrong rep waited delivery since yesterday previous rep told would delivered yesterday far hasnt took leave stay home n receive order stay alone disappointed still not delivery yet
5,no
5,tq
5,choose sellers not scam sadly ordered scamster shopzilla company useless not customer support executive no help fraud sellers
5,please deliver promised shown let seller give shown since pay else no one believe shopzilla ever
5,nice work
5,great one
5,customer care feedback something easily
5,good
5,good
5,pickup delivery bad mera parcel 1onths se nahi
5,atleast till product not shipped dispatched size change facility provided non returnable products
5,good
5,agent good please change seller wrong 50 rupees deducted without reason please understand people not fake want request ceo fkp please kind issue person never waste money request please solve query really disappointed seller policy
5,good experience shopzilla costomer team
5,person talked polite listened query patiently responded polity happy response
1,3
5,good
5,no suggestions
5,bad experience shopzilla
5,please deliver product soon possible within 25 aug
5,thanks
5,nice
5,good
5,good
5,achha
4,upgrade help policy
4,complain not solve
5,thanku
5,happy
5,good service
1,issue not solved
1,bad
5,good
1,issue still not resolved customer support not keen resolving issue still unsatisfied
5,still waiting resolution taking longer expected hope pickup old device transfer old device exchange value promised
5,product not working want return reppacment
5,good
5,okay
5,voice good crush person voice
5,5
5,support executive good communication highly satisfied
1,want know take action fraud happened shopzilla
5,thank
1,cancelled order waited refund today received parcel parcel service dont know shopzilla showing parcel delivered
5,
3,mere helmet mein voice rahi hai calling per
5,good servicethank shopzilla
2,product not returnning happened bought 2 recived 1 product
5,best
4,good
5,respect employees
2,bhai ji slow
5,customer returns product payment done within 24 hours cases noticed payment not done within prescribe time
1,issue taken almost month still not solved loyal customer shopzilla long issue lost interest purchasing anything shopzilla
5,resolve prblm
5,thank co operation
5,good
5,5
1,issue not resolved
1,bad
5,good short time resolve problem
2,delivery partner may better
5,people customer service seen problem problem executive good
5,good
1,improve ability flif
5,good talk
4,product techanical details adde web site
3,good thanks shopzilla
4,banda sahi tha par mera product resolve nhi ho paya
5,no 1 customer care sapoort
5,no
5,make customer frustated shopzilla resolved issue month contacted customer care many time issue got resolved
5,thanku
5,good
5,good
5,perfect
5,shopzilla product problem believe product delivery bad unhappy havells fan women watch
2,customer care good behaviour shopzilla not good
4,thank hope product echange soon
5,super se bhi jii
5,shopzilla best
5,love
5,shopzilla good working
4,
1,fu
5,tell delivery boy talkcustomer respect area 75 sec
5,happy
1,call yesterday told give 5 compensation telling no information mentioned system fraud
5,good experience thank
5,product replace kar may happy
5,not able refund please update policy return refund
5,good
5,everything fine delivery successfully return balance amount refunded account
1,product leletive
4,thekes
5,good
5,thanks lot help good conversation
1,thanks
5,good
5,costumer help support awesomehe understand everything resolve problem also assure fast delivery
5,good customer service
1,bad people not execute problem
1,try best solve problems
3,please provide continue options 1 hour cancelling product shipped
5,good
5,customer care experience excellent thankyou
5,nice problem not solved
5,nice
4,thank shopzilla
5,good
5,no
5,good
1,much servicevery wrong information staff
1,not clear voice
5,shopzilla amazing thanks ton helping person polite nature better etiquettes lots hugs appreciation
5,thank much ca
1,bad behaviour
4,na
1,costumer executive k pass koi information hoti nhi h hold p rakhte h meri problem solv nhi hui h abhi tk pucho kuch batate kuch h
4,good
5,thank
5,shopzilla fraud
5,customer call service great polite able understand query hope enhance problems solving addressing time also
1,product not good want return product
5,
1,not delivering product time
4,thanks talking
5,exllent
5,thank
5,no
5,hame baat karke khushi hua jis bahut bahut dhanyavad
5,good
5,good talking
5,happy
5,love
1,disgusting service provided shopzilla ever
5,
1,issue not resolved
5,ok
5,good
1,worst experience making purchase shopzilla bought hisense tv launch offer 5 years shopzilla denying even guys not provided proof additional warranty disappointed last purchase guys made chase claim warranty tv not working struggling get warranty offered shopzilla
5,good communication customer
5,want clear view refund process not able track lost
5,thank
5,nice work
5,tq help
4,ok
5,please deliver products intime
1,problem not resolved mark resolved
5,good
5,understand concern receiving defective product delivery person issues not given open box delivery neither available drop parcel reception move away checked immediately raised issues replacement cse not ready listen understand problem rupali put best efforts understand problem provide solution
5,good
3,provide delivery time not delay delivery
5,good
5,please quick delivered order
5,customer care lady nice shopzilla delivery getting vey bad day got product shopzilla site saying product delivered bad big company people know product delivered
5,good
1,bloody service
5,thankyou much customer care
1,misconduct delivery agent poor delivery behaviour
5,thanks
5,best
1,want replacement refund pathetic product
5,nice
5,ok
5,easy access voice support
5,thank much customer 5 star
5,good service
4,check box product deliver customer customer needs right product right time
5,could please introduce telugu language speak comfortable ser
5,good
1,bad service
2,not happy post delivery actions case product not received proper shape told
5,good
5,thanks
5,good
5,thank shopzilla team
5,fast deleveri
5,no comments
4,good
5,good communication want resolve issue taking not share images
5,good service
4,nice
5,customer care good
1,please deal authorised dealer
5,please understand issue one call call back incase call disconnected customer not required repeat thing
5,good behaviour
5,make ease contact customer care person
5,thank
5,
5,good exactaive support
5,good
5,also called shopzilla earlier time lady picked call irresponsible sent call back request boy called survey responsible man
1,bad service
5,thank
5,good conversation
5,good
2,main santusht
4,ok
5,nice
5,good person
5,good service
4,good response
1,time wasted
5,good communication
5,nice product good product
5,good
1,hi sir purchased product date 22 7 2023 massager 84 mini neck massager price 498 portable add 1 years warranty 49 add plans purchased product cancel warranty refund 49 product not working clams warranty not help product name massager 84 mini neck massager portablewarranty cancel model no nasr no na
5,good
5,deliveries get missed
5,good customer support executive behavior good customer support service shopzilla
3,action immediate like cancel return exchange sport
3,5
5,good service
5,good
4,want report seller
4,thank
5,best
5,make systems easier customers resolve issue agents helpful limited
5,good
5,good information sir
5,nice
5,happy
1,wrong item provided shopzilla fraud company given wrong product complained within 5 days told delivered 17th august still not receivedbad behavior no justified answer shopzilla customer service center supporting team
5,product warranty home services needed
5,excellent
5,good
5,speaking good
1,poor customer service
5,exillent
1,worst service
1,issue
1,poor service
5,good
4,good beviour
1,iam dissatisfied service product pick today 3rd working day get refund till
5,good
5,good
5,happy
4,customer care agent unavailable right problem maximum times
4,good
4,please resolve problem immediately
1,
5,hi
5,ok
5,good person
5,customer support good nice service shopzilla seller fraud
5,thanks mem
5,nice
5,good conversation hope resolve issue
4,must say mr really polite like way talk
5,nice information
5,good
5,ensure ordered products actually delivered
5,nice
5,nice voice
4,areas delivery partner guy not come residence call us road collect parcel time comes late around 9 45 pm
5,returns damage grocery item addressed time delivery
1,not satisified
5,thank
5,nice
5,good
5,thanks regardsgood satisfaction reply
5,customer support executive informative well time efficient
3,fake platform shopzilla
5,good
5,good manners
5,thank apne ache se samjhaya hope delivery shi tike jaye aap mere se cll krke contect kar sakte hai time sukriya
5,4 times called issue unresolved one month
5,5
5,complaint delivery agents needs taken seriously action required
5,good knowledge firstly listened problem cleared complaint
5,overall good experience
5,nice voice mem
5,good
1,person speaking limited knowledge not helpful resolve query trying convince unacceptable logics
1,not happy customer service
5,good
5,helpful
5,good
5,mast
5,good
5,good
5,good work satisfied assistance
1,feel unhappy contact u 3 time every time saying shopzilla team contact u solve problem no team contact approx rs 550 loss order product returned seller refund not received due shopzilla wrong policy
5,great
5,good customer service support
5,hi
1,reasons bc proper
5,
5,good
4,line busy
3,received wrong product nonsense policy not able exchange mistake end still suffering superbuy much better atleast try resolve
5,good
5,nothing
4,no comments
5,best
5,good experience
5,nothing
5,good
5,customer communication best
5,nice one
5,jildi sai
5,please return order zebronic homethrather
1,40 299
5,talk politely giv us totally information regarding query
5,nice customer support
5,nice
5,nice
1,not trying solve problem entertain good talking
4,include chat feature queries
5,piz mo sony ka sikandar thoda se pe
5,nice talk good person
5,ok
5,thank shopzilla thanks man person shopzilla customer helped properly thankyou brother thanks shopzilla
1,nice
5,best luck
5,good
5,need educate frontline support executive lack knowledge application
5,call good
1,good
5,please try resolve problems faster try avoid incurring problems
1,please stronger system
5,satisfied customer service
5,nice executive person
1,poor sarvice
5,great overall experience issue solved given time period
5,amazing
5,good
3,nothing
5,super
5,nice talk cce vanktesh
5,
1,service engineer customer care not understanding
5,satisfied
1,order missing showing delivered
1,bad service provide
5,better understanding quality communicate acknowledges time issue
1,no thanks
1,executive lady even know terms policies worst ever customer service
5,good job
5,tq
1,worth sarvice
5,thank
5,nice
5,thank
1,hii
1,give amount
5,good
5,not good
5,gud
5,give special increment
5,customer support ka bybhar bahut achcha tha aur samasya ka turant samadhan
1,quality call really bad u2019t hear half things saying
3,no trust shopzilla nowadays keep satisfy customer complaint select good vendors courier partners else shopzilla vanished customer mind
5,k
5,associate understanding humble gave appropriate details
5,resolve issuesand good manner executive
1,horrible experience purchasing electrical experience shopzilla not expected kind service defected products
5,good
5,supportive
1,poor service contacted 5 times return not pickup logistics partner cancelled automatically without visiting not received call
5,good customer care behaviour
1,mujhe used product mila
5,good
5,order not picked yet till time pls look matter
1,bad service
5,hmhxxhf
1,order not received home
5,aap ne bahot acchi bat ki humse
5,no happy
5,good one
1,product pickup done yesterday no online update found
5,nice service
5,happy call
5,good service
5,good
5,nice
1,totally worth
5,yes
5,excellent services keep
5,good
5,good
5,excellent performance
3,problem solve quickly
5,kindly show return requests dates cancelled requests shopzilla tracker policy
5,thx
3,hgj
1,shopzilla delay due logistics way 26th july till logistics pickup pending merchant side till result nothing gang cheater working together cheat peoples
1,bad
5,put strict control errant suppliers
5,u2019s awesome talk customer support solved issue simple way shopzilla needs type employee
5,kindly always cheak parcel
5,support customer care service available
4,nice
5,nyc
5,happy
5,good service
5,happy
5,good customer support
1,helpful
1,worst service ever not seen
5,kindly provide good product quality food product deli ered worst quality
5,nice talking
1,charging problan
4,tinkish
5,good
5,not giving n
4,hope issue resolve
5,good
4,good service
5,good
5,nice support
5,good
5,bahut axe se bat kiye aap
5,satisfied
5,good
1,try understand time money r important u customer well either resolve issue u go seniors not waste customer time 10 days disappointed
5,please give extra incentive side could pay possible
5,nice
5,outstanding performance
5,blacklist vendors no return policy show image purchase delivery product completely different
5,good behavior
5,good service
5,customer executive nice
1,vishwakarma
5,photos product pickup must shared cuatomer whatsapp delivery avoid wrong product delivery
5,happy
5,return canceled seller without visit technician return policy return reason enquired shopzilla neutral party returns much simpler superbuy e commerce platforms shopzilla
5,solved
1,prefer buy offline
3,option app make direct call customer care support enquiries difficult reach customer care
5,understandable excellent convincing skills
1,bad experience customer care executive not experience handle customer understand saying also not understand say please improve customer care service executive experience customer understanding
5,try desi products
1,steal grocery item
5,customer service nice good
2,customer support not known proper answer
5,good effective
5,good
5,nice sir bahut achcha guide line kiye thank much
4,previous customer service executive gave wrong information hence call back
5,thx
1,quick response quick resolution
5,love mere bhai
5,speed delivery
5,nice communication
5,thanks shopzilla
5,thank u
5,
5,excellent support
1,issue not resolved
3,improve tracking system deliver products agreed date change delivery date last minute commited delivery date
5,customer care ka alag se number hona chahie
5,gdg
5,good garl
5,happy
5,good
5,thank much helping
4,no comments
5,thanks
4,not tell name properly
5,nice
5,
5,good
5,good talking skill
4,nice
5,quick responsive
5,good
5,no
5,
5,thanks
4,good
5,excellent
5,please send right product
5,good
1,no people knowledge anything talk something else concern
1,query raised 3 times not recieved resolution
5,good job
5,good
1,not solve problem pushing resolution anything like wait 24 hours guys not escalation point not solve anything
1,not put pics products not eligible return exchange
1,poor quality sound
5,nice service
4,address issue get result asap without much explanation customer believe faster delivery product
5,good
1,bad
5,good
3,nothing impossible
5,keep service soon possible delay
5,
5,good response
5,good
3,kindly pickup product given time
5,gd
4,good
5,happy
5,lovely
5,talking last senior executive understands issue till resolved shes value customers time actual problem make sure issue resolved thankful job n god bless mam know name n thanks punam n thank shopzilla
1,customer executive rude disconnected call
1,
5,customer support services good solve problem easily way
5,executive take less time resolve issue putting call hold long time look upto otherwise executive good
5,nice
5,good
5,pretty nice make sure issue must resolved
5,good service
5,best
2,nice
5,please something supercoin b converted money
5,good sir
5,want quick service
5,please try resolve problem soon possible make first priority
5,everything absolutely fine
5,good work
5,experience good
1,focus customer service not rate communication skills order still pending 40 days no one helping
5,good
4,not supported
5,best service impressed
5,please select honest product partner
5,train executive talk one executive currently
5,thank
5,dirty service
1,bad
1,father less activity cancelling extended warranty delivering product without chance return refund product need compensation 1500 risky purchase worst online platform
1,bad
4,nice
5,thank much
5,good
1,bad problem not solved
4,good
5,go idk bhi
5,honest person
5,fggkogfo
5,thank u shopzilla family
3,happy
4,good
5,excellent
5,resolve queries fastly
1,pathetic service 2 3 days order stuck delivery agent people not able find delivery agent phone number
5,good
5,bahut acchi dhanyvad
5,good
4,great
5,thank shopzilla
4,
1,solved issue soon possible take much time solving problem issue
4,good
5,good
5,nice
1,costumers serviece bad communication
5,good
4,would request black list poor reseller save brand name shopzilla due poor quality product mismatch product reseller customer get harrassed loss time etc
1,call hold
5,ensure ease reaching customer support
5,easy contacting important solving problem
5,delevery system pickup return product system bed
3,check placing order placed 2 orders chocolate bouquets received 1 product
1,worst customer care service shopzilla cancels return request automatically customer pay glitch
5,good service
5,good service
4,customer executive good
1,please return fake product complaint ingrams
1,literally not going buy single electronics product shopzilla home appliances shopzilla trusted guys sale service jeeves pathetic 2 soundbars manufacturing defects still return requests rejected no shopzilla future
5,good
5,good experience policy satisfied team coperat yes happy policy thank team
3,yes
5,make policies flexible
5,excellent
5,thanks supporting
5,thank
5,good
1,refund money bank account
5,okay thank
4,check query products correctly uploading status
5,keep thanks
5,achhha
5,customer care behavior good
1,company making fool customer showing
5,helpful nice talking
5,thanksyou sir
5,please help product either refund exchange product
5,please order return payment refund please ap apna pickup refund kijiye
5,shopping shopzilla always better deal
5,hame aap se baat karke achcha
5,thanks help
5,thankyou much understanding problem nd communication really impressive u r sweet person thankyou
5,mayank tried best polite place order payment already went bank keep rocking brother
5,problem solved
5,help support not
5,good
1,frustrated
5,awesome
1,shopzilla customer support team dilewari boy bad last 3 months
5,thanks
5,good tolking
5,thank
5,good response
1,super coin not credit last order diliver 17 july
5,thank solve queries polite support nice talk dear
5,jk
5,super
5,take action pick team giving wrong update
1,no value customer request consultats feel like value customer wants
5,impressive
5,hamen aapse baat karne mein bahut hi anand aaya aur bahut hi achcha
4,excellent
5,good
5,ensure product displayed delivered
3,goods not delivered marked delivered 3 deliveries 1 received three marked received mom dad received product not tech savvy hence not realized yesterday today connect realized hence issue raised today
5,good people solved problems happy thanks thanks people helped
4,nice work support team please contact us option show app
5,shopzilla need deliver products fast thank fevorite online shopping app shopzilla
5,thank much
5,add retail sellers details
4,thank thank returned item
5,good person hear problem solved thanks
5,good support
2,disappointment item not delivered correctly first time raising replacement request disheartened inform replacement item not delivered yet despite considerable amount time passing troubles fact emi order already begun even though received correct product replacement understand unforeseen circumstances occur raised multiple tickets regarding matter unfortunately not received resolution updates end loyal customer always trusted relied shopzilla online shopping needs however recent experience shaken confidence services reaching hope understand situation take prompt action address concerns kindly request following immediate cancellation
4,please check product delivery
5,like executive support ever
1,bad service
1,no resolve problem
5,please make technical service team realiable fast performing
3,receive message side waiting 2 days poor service lost money yyou help anyone shell item
5,customer support executive mr excellent professional executive gentle polite tried understand problem thanks efforts resolved problem
4,voice not clear
1,mere sath fraud kiye tmlog bahan ke loudo kharab product deliver kr diye jab tak replacement ka date contact karne se bhi koi help nahi kiye
5,good
5,make easy way
4,executive politely talking issue not resolved
5,nice talk
1,u r proving client wrong complaint registered u r not sharing docket number inform client not raised concern
5,supportive customer service
5,call
1,help
1,ensure delivery time
5,nice
5,nice work
5,excellent
5,around good
5,happy customer support executive
5,good
5,good sarvice
5,location delivery work bad
5,nice talk customer care executive satisfied
4,excellent
5,fantastic
3,delivery thoda let ho ra jaldi kariathank shopzilla agency
1,received wrong product wait another 24 hours toget call upload images wrong product actions not taken immediately
4,yes
3,every time customer care executive says please wait 24 hours
5,good helper
5,guys improve customer support less time taken resolve issue make faster help customers regarding issues
1,
5,executive good
1,requested pick 3pm however agent promised received call 11am
5,happy
2,please dont show product shopzilla assured shopzilla choice validating dont know manufacturer trusting shopzilla 3 days smartphone started getting hang guys dnt even replacement policy really pathetic difficult connect foreign manufacturers gain service really thought time think option shopzilla totally disappointed
5,customer care agent polite nature delivery agent unprofessional
5,super
4,good
5,good
5,thank help
1,bad service not resolve problem harass
5,happy beacouse custumer support exiqutive
1,seller froud deliver right product costmers failed platform deliver virtually display platform big failure shopzilla type seller lost millions costmers trust type issues
4,good nature
5,good
5,good
4,ok
5,5
5,problem solvedthinks help
1,sad
5,need arrange call back customer delivery time deliver
5,nice employee
5,good response customer executive
5,excellent work
5,ik
5,best
5,satisfied
4,not clear concern request work concern
5,good work
5,excellent
1,stop froud shopzilla
4,good
3,unable return product shopzilla though bought fantastic
5,no
5,good
5,good
5,marq company nothing scam customers continue loose lot customers superbuy
5,customer service noted grievances assured help solve issue booked consignment trunks pockets per product delivery delivered without pockets sri abhishek assured replacement product hope fine regular customer please help regard thank
5,dilevery time far
4,happy
5,not available
5,good
5,thanku much solving problem
5,good
1,no happy
1,make sure sellers sending correct items products categorised no returns always get away sending wrong item customer pay price every single time
5,tq much sir problem solved
5,good
2,still issue not resolved time order not delivering automatically cancelling order prior information delivery delaying grocery items raised concern multiple times
5,problem solve
5,super
5,ecucative extremely friendly hope get ecucative
5,nice
5,best quelity costumer talking
5,please understand genuine customer tube haul customer order bulki see genuine customer still facing unnecessary returning message
5,issue resolved time
4,thank
5,experience purchasing shopzilla 1 purchase socks assurred shopzilla seller product receive see tottaly different not per image show shopzilla call help desk give feedback contact seller agree refund mistack 2 prchase preasure cooker combo assured shopzilla selling company isi certified qa checked company receive product checks one cooker inside metal one spot available initiate replace product come checks one cooker many scratches lines water boiling marks available initiate refund request product mistacks made seller shopzilla involve mistacks 3 place new order one preassure cooker different company not order company schenario assured shopzilla selling company isi certified qa checked company receive product checks cooker outer lid innerside one crack present initiate refund request mistack 4 place one raincoat order check image size review place order product receive surprise 10cm u00d710cm pouch tottaly socked order receive tottaly different product immigiate call help desk give hourable purchasing exeperience give feedback agree refund initiate mistack 5 order lizol harpic mention shopzilla image review not returnable product ok product receive yesterday tottaly different mention image image mention blue colour 5 liter bottele product front printed sticker lizole harpic receive product white colour bottele 5 liter printed sticker lizole hatpic not match shopzilla selling image mistack customer pay full money receive defective product different product many mistack seller shopzilla shopzilla not punish seller punish customer place yesterday new order shopzilla give one hide message return product cut every product 50 rupees return inquery today help desk give feed back seller punish order return give mention issue help desk agree feedback not send higher authority give one message shopzilla mistackes seller shopzilla punish customer first check side product warehouse send customer not job job not thank u please resolve punishable issue
3,g
1,mera order kiya delivery par delivery ok kar diya hai
5,thank
5,really helpful
5,shopzilla customer support behaviour good humble nature bohot jld hi meri pareshani ko dur kr diya thanks shopzilla customer support team
5,thhank u
5,nys
5,good
1,
5,good
4,need balance
5,effective response customer exicutive
5,send product ordered color size
5,costmer service excutive good
2,product cancellation policy
5,good
5,good
1,trust shopzilla brock trust choosing wrong seller guys not able send perfect rakhi beloved brother rakshabandhan
1,
5,good
1,ek dm shopzilla uske coustmer service walo ne coustmer chutiya smjh liya h na shi se baat h na kuch jab mn aat ah call kaat dete h jab mn aat ah hold par lga dete h ye baat h eldm pure system barbaad karke rakha h ekdm worst experiences rha mera dimag kharab kar diya
5,thank
5,good
5,good support
5,no
5,cx care executive good bt shopzilla not providing good services taking long time happens not going purchase anything shopzilla
5,thank customer service
1,policy seller friendly not buyer friendly no return product seller send garbage no one listen buyer problem
4,aapse baat karke bahut
5,problem solving
2,not satisfied
5,good service
5,thank
1,bettry backup verry poor one day bettry backup bedout fone connect product waste problem not solve said no custembercare support technation verry frod
3,deliver picture
1,problem nhi kya krte h smj nhi aata hmko hr baar nya bnda problem whi k whi rhti ek product h wo return hi nhi ho rha h uski date pr date bs aage h ye problem slove hi call kro bs whi baat aage forward kr hota h kuch kariye iska
5,nice customer support executive
5,consultant response polite
5,wonderful
4,product raised refund would use add way yo cancel
1,bad product use product not happy
1,3 products missing cart one sugar one kg 2nd deos set wet already paid amount products beside not send products kindly needful otherwise knock doors court
4,product no warranty clearly mention warn purchase
3,give gift card 3500 query answer
5,good
5,open box delivery delivery executive open order click pictures delivery item entering otp delivering portel updation
5,good
5,5
5,good brother
5,satisfied
5,ok
4,alright
5,thank
5,thank u sir
5,love best shopzilla support
1,helmet replacement policy 15 din tak replace nahi kiya 2 din 2 din asa bolte rahe plus member ke sath asa e ho aakhir tuta huaa helmet muje rakhna pada ye cheating hua na mere sath
5,nice customer service
1,also need solution asapi worried returning product
4,improve quality control
1,bad service customer executive
5,need update clause no return policy case customer receive totaly different product
5,thanks
5,invoice download automatic invoice sharing features not work app website
1,much disappointed
3,please understand situation customer
4,good experience
5,pls monitor delivery consignment
5,awesome support
5,happy support shopzilla executive problam solve
4,part privacy policy banking not allow screenshot shopzilla update policies changing times
5,good person lam happy talking
5,no
5,good support
5,5
1,poor quality
5,no
4,abt delivery agent make sure behave not politely not rudely well connect shopzilla behaviour reflection shopzilla stands
5,polite
5,reducing paraphrasing scripts takes time
5,thanks
4,good
1,missing items received order
1,ordered oppo enco air buds 2 pro not satisfied comfort obviously want return order policy not allow finally unhappy shopzilla experience
5,verify sellers properly many cheap quality products comes shopzilla
5,mujhe aapse baat karke bahut achcha
5,nice
5,right
5,better
5,good
5,good
5,best product
4,good request
5,customer executive talking good
5,nice
5,quick connect
1,three times faced problem no solution yet
5,improve updated details service regarding issues
4,delivery partner number
5,good service
1,bad service time
5,shopzilla good
4,ad
5,good
5,good
5,please refund money
5,nothing else good not satisfied
5,thanks
5,good person
5,best solution
1,no proper supportevery day change date refundrefund policy badno one responding mail shopzilla appno solution provided explain excusesi not happy regular customer shopzilla think next purchase
5,good service
5,good service
5,nice
5,excellent
1,mess ing bastards selling used fake products unprofessional sellers looting people poor sales support
5,good
5,try cancel background noise
5,please delivery product urgent basis
5,excellent lady
5,excellent
4,issue not solve till date fa ing issue till one montj
1,price drop mi tv series 32 inch delivery within 5 days want claim 2000
5,return gay ga
5,satisfactory
5,good support
5,best solution got agent throw solve problem quickly plz
5,charged 50 rs return fee order
5,product not according order
4,conversation good
5,good work
5,har koi shivam ji jaise support karke bat kare chaa lagta haithank shivam ji
5,shopzilla best delivery pick service not good
5,good morning
5,tnx 4 help
5,good
5,nice customer support guide
5,thankyou
4,nice
5,good best
5,goodemployee
1,shopzilla response us like problem product leaving abroad no one solving problem
5,defaultid itam
5,understand problem
1,coustamer rong disijanmy not problem solveplease oder phone
4,delivery agent cancel pike self without calling consulting customer
1,bad headphones coustomer care help nhi krta hai
5,customer care good
5,good
1,product quality bekar hai
1,bed service
5,good
1,service bad
3,case pending since month need refund
5,good
5,yesterday pick product received msg refund today cancel returned msg received
5,bahut badhiya help kiye hai thank
5,good
5,thanks shopzilla help
3,write since long not able solve problem write well think less intelligence
5,no
5,good
4,conversation
5,good
1,pickup man not goodnot proper knowledge pick upevery time says system
5,good
5,nice
1,issue not resolved complaint close end issue dragging since long still not resolved
5,not support
5,good
3,including regional language like malayalam
1,please flexible service
5,thanks lot shopzilla
4,good
5,mam provides good information want
3,good
5,good
5,reduce time resolve complaints
5,satisfied
5,good
5,awesome work customer service
5,solve issue
1,pathetic experience shopzilla
5,good
4,good
5,exclent
5,good
5,help toh hui par refund not product
5,nice
5,good help addressed query well also behaviour good know talk people happy help thanks
5,nothing else
5,bengali language
5,good
5,castermer help best experience call
4,keep no return product
1,not resolved
1,problem resolved agree suggestion
1,cheat people please help customers
1,late late late late
5,thank u
5,ham aapke customer pratinidhi se santusht hai
5,problem solve tq mam
5,ok
5,happy solution
3,ok
5,thank issu no resolved
5,good
5,
5,
5,nice
5,make guidelines customers aswell
1,poor pathetic customer service not getting correct status order delivery since 5days
5,feeling food
2,would like brand new apple 20w usb c one received used product
5,everything improved recently thanks
5,nice
5,good
5,good
5,solve problem good conversation coustomer
5,excelent reply executive
5,good work
5,good
5,focus delivery boy argued customer home delivery
5,polity speaking
4,good
5,reduce timing
5,excellent work
5,thansk
5,good
1,installation poor
5,yes
5,want issue solve proper time
5,verry helpfull
1,bad
5,customer feedback response time reduce improve
1,thank much
5,good communication thanks
5,chat available shopzilla customer
4,compalint solving timeline bad
5,issue not resloved till yesterday also raised got email saying resloved no resolution bad shopzilla
1,customer care dumb show intention help
5,good
1,bad
5,good
1,bad
5,exlant
5,
5,nice experience
5,want solve query
2,worried refund
5,thank better understanding
5,nice conversation customer support executive sakshi happy professional conversation good day
5,nice talking customer support much polite
5,5
1,service poor upset
4,next time kindly not cancel order without consent thank
5,waiting like
5,good
5,sellers black listed sending defective product costomer
5,good
3,not giving good score customer support unable help get permanent resolution 0 rated
5,good supportive person
1,denied help
5,nice
4,everything good executive issue not resolved use service no flexibility services return option mistake vendors gave defective product urgent requirement product defective person wait another 1 week get product terms need gentle regarding mistake vendors policy need modified
5,nice guidance
5,good
5,return polices heavy product easy
5,good communication customer representative appreciate
5,no
3,cash delivery always not available
5,good job
4,helping service
1,provided information
5,sellers always send fake duplicate product please take action situation
5,good
1,always put call hold call automatically cuts pathetic behaviour shameful
5,no
5,good
5,good work
5,thanks
5,good
5,normal
5,nice
5,thanks thakur sir
5,thank sir help karne
5,
5,order delayed
5,nope
4,no comments well
5,good service
5,thanks
5,good experience
5,please remove shopzilla logistic
1,tooo unsatisfied shopzilla support
5,call service good
5,thinks customer care support
5,nice experience
5,thanks ved customer service support
5,thank
5,good feedback helping mam thank mam
1,refund not received
4,
5,thanks
5,good
1,delivery service delivery guy behaviour bad customer executives also not supportable cancel order without informing
5,please speak return partner address issue
5,good service
1,happy customer support
5,required order cross check delivery within couple day receiving local location
1,worst experience shopzilla
5,best person resolve problem
5,thanks helping
5,nice shopzilla team
1,received refund
5,good
5,good
5,good
5,happy concern reslove
5,politely handle resolve problem
4,good
1,e goodmeri tarf se best product
1,product order kiya tha vo mere receive bhi par wrong item aa ke karn mene dilivery boy pickup 15 august kar liya tha mere se dilivery boy ne otp bhi liye mere koi resolation provide nhi return request cancel kar di gai hai please kare
4,satisfied
5,nice
5,good
4,not take 10 15 days replacement give detail dlevery man replace earbuds
5,no
4,
5,good
5,good
5,well nice one job supporting ishuues
5,good
5,good
5,aapka baat karne ka tarika
4,thank shopzilla
5,customer care executives helpful
5,guy solved problem humble request shopzilla please initiate work
1,nothing useful useless company
5,thanks
5,nice talk
5,thnx
5,please make sure sellers shipping accurate genuine products defective fake items delivered not acceptable totally waste money time spend kn
4,good
3,bad
5,good
1,executive okay concern already 1 month passed trying return shit cardboard no resolution
5,customer call good man understand problem acha tell correct type
5,easy access
5,thank much mam
5,good talking
1,worst customer service
1,bad service
1,cordinate customer resolve issue
5,good
5,good
4,
1,query not resolved poor communication not addressing issue beating around bush trying procastinate problem
5,helpful issues resolved within 24 hours
5,nice
5,ok
2,invoice copy not shopzilla
5,sar ne meri bahut help ki ke lye thenks
5,logistic delivery bad
5,awesome
5,problem solved good servicing customer support
5,plz try solve problm within 24 hrs
5,thanks
4,disappointed share wrong information order
4,customer experience good improve delivery excecutive service cancelled order without talking giving reason customers
5,good
5,thanks support company products quality wrong product not good service
4,good customer
5,good
5,shopzilla customer care helpline good responsible person time ismy call pick concentration discuss good performance support call help thank much shopzilla
1,not good service
5,5
5,exicutive helpful nd suputive
5,problems solved thankyou
5,ok
5,good communication skills
5,delivey boy not work
5,nice talk satisfied tq
5,poor dilevery boy
5,good sarvice
5,
5,shopzilla service user friendly
5,nice bro
5,make people happy make solved problems
5,nice man
4,good
4,good
5,good
5,comfortable please solve issue
1,issue regarding order still pending not resolved since nearly 2 months complaint raising issue kindly resolve issue earliest
1,iam not happy
5,ok
1,disgusting customer service provide info available app
5,good
4,good
5,quite satisfactory customer support
5,fully satisfied customer support
5,ok
5,no
4,okk
1,shopzilla ka service
5,good happy
5,gajab
5,best
4,thanks
4,good
1,talk properly even give information
5,good
5,no comments
5,good
5,deliver product time ensure quality product
5,ke employees enhi jinse bat huyi meri unhi krke problem solve krvaye sabhi log happy happy rhenge thank much mam
5,help full
5,super conversation
5,good
5,thanks
5,good
5,good bus order delivery poor
5,service easy
5,good
5,thank
5,thankyou
5,thanks
1,bed service
5,good service
5,excellent customer service
5,thanks
5,talk good
3,shopzilla agent said raise complaint not
4,good
5,good
5,shopzilla customer care resolved problem thanks
1,
5,nice
1,executive knows anything status order provide information executive convey customer
5,good
5,please solve issue fast
1,shopzilla impose no return policy wring product deivery
5,nice
5,last five years loyal customer shopzilla get many times many problems many issues also competing shopzilla service first time get best customer care support shopzilla team personal suggestion u2019s best employee forever
5,took 20 minutes get call ack please improve
1,problem not solved yet plz solve
5,nice
5,customer service best
4,return policy bad
1,still problem not solved pls contact asap
5,thank shopzilla customer service
5,customer support excellent
5,thanks
1,good conversation not matter product suffering month still guys escalating trying customer suffering bad experience not got solution last order shopzilla
5,good service
4,thank
5,
5,sellers support need inhance
5,good guy
5,no
5,thnks
4,awaiting resolution replacement
5,language
5,good behiver
5,customer care support executive polite understood query well assured problem resolved
5,nice
5,nice person
5,g
5,good
5,good
5,help full
5,thanks shopzilla
1,purchase 2 men shirts size color different policy non returnable seller mistake no buddy help
5,reduce resolve problem duration
5,sapport acha kiya moof sat use kiya hova h
4,please understand value person time provide right product first delivery customer
5,ghum meeru ke tub dj ccd
5,nice
5,hari type
5,nice tolking
3,major communication gap
1,difficult get touch customer care delivery guy misbehaving
1,worst service
5,good
5,no
5,excellent
5,
5,verrrrrrrrrrrrrrrryyyyyyyy gooooooooood man
5,good
5,batt kar ka accha lage
5,faced lots problems contact customer care make easier us reach easily
5,please return order
5,far customer support concerned excellent sellers like dealing currently matter concern
4,resolve missing product issues
1,bad
4,good
4,good
5,goodbye
5,first want replace work axceptable thanks listen concern
4,please good product delivered
5,good customer support
4,return policy introduced vendors
5,nice
1,problem not solved
5,good
4,good
5,intelligent
5,excellent shopzilla custumer service
4,kindly add customer executive address issues people
5,good
4,could better
4,good
5,nice good much
5,certified
5,good answering
5,polite behavior
5,one executive finally solved problem
5,please resolve issue first call requested call back several times resolve single issue
5,nice work shopzilla
5,good
5,good sagetion
5,good
5,customer executive nice humble resolved issue within minutes way communication nice listened issue full patience would like wish good luck future shopzilla mind want say try make always customer executive happy always bbyeeeee thanks shopzilla
5,nice information
1,stop wrong delivery improve customer support
5,information given abhishek ji positive
5,good
5,k
1,pathetic experience
5,no issues experience executive absolutely perfect
4,ok good please check error
5,thanks
5,good service
5,nice
5,oh
4,good talk
4,items missing grossery order common side required attention
5,
5,good talk
4,good
5,perfect
3,not onboard fake sellers take responsibility business loss 4900 rs shoe defective shoe return pick rejected
5,nyc talk
5,resolved problem politely satisfied customer care service
5,controlling delivery boy activity
5,customer care really well helpful
5,good
5,quality check done products shopzilla end dispatched delivery
5,nice talking
5,good
5,happy shopzilla accepted request
5,good
5,return polices easy
1,service bad not solving problems also disconnecting calls ashamed complain police shopzilla
5,make returning item otp ensure customer satisfaction
5,nothing else
5,nice exicutive
5,plz provide good product
5,not good not bad
5,good
5,good coustomer support
5,nicely deal
5,voice beautiful respectful behavior thank mam understanding issue thank
5,good call sapoter
5,no nice service
5,thanks
1,mera aabhi tak samsya ka samadhan
1,unblock account
5,good
5,provide delivery wishmaster number better better call directly thanks
5,must action traders selling defective items
5,good
1,information given wrong
5,nice
5,no
5,good
5,nice
5,thanks sister
5,good
5,nice communicate customer
1,no solution problem
5,ok
5,good
5,please provide reginal telugu speaking customer care executive
5,good person
5,xcellent
5,5
1,shopzilla manipulating price
1,improve feedback
5,good
5,thanks shopzilla
5,please talk brand service partner butter fly give service received call service required
5,excellent
5,good
1,supposed transfer call senior call got disconnected
1,nice talk
5,5
1,bad service
5,5
5,please provide us return cancel option
4,dear shopzilla not provide authorisation one use play customers
5,good response
4,nothing else thank
5,thanku much aap ne meri request thankyou much
5,good
5,
3,please give update timely product dolevered
5,good
5,good person
5,nice talk u mam
5,ryt talk
4,raised 2 request still not resolved pls focus issues specifically quality
5,good
1,senior executive disconnected call
5,good
1,poor
5,instead contacting always better allow options wont need contacting customer care every reason
1,please improve return service
5,customer service good
5,nice
4,pls remove product shopzilla not available seller
5,strong action sellers sending wrong products not picking product return
5,good talking behaviour
1,resolve issue disconnected call
5,good
5,delivery time late iam sad shopzilla late delivery thank shopzilla
5,ok
5,improve apps option return policicy refund
5,ok
5,ni
5,good support customer care person
3,customer care resolve query not show status
5,good
5,please make easy connect shopzilla care customer queries faced lot time took connect care please look
5,please insure seller deliver quality products
4,good
5,customer service good
5,no nice saport
3,thanx
4,shopzilla paylater responsible deducted amount idfc bank plz return
5,nice
5,good service
1,good
5,nice work shopzilla
5,add option check bank account details
5,good
5,goods costombers spot
5,deliver product different please check delivery
5,best customer support
5,thank sir
5,thanks helping
4,well nice behaviour
5,nice
5,okay
1,bad useless shopzilla member
4,good behaviour
4,good job
5,good
5,customer care executive gave hope resolve issue team please resolve issue asap
5,customer support good courier teams badand behaviour bad
5,polite thinking customer site
5,nice service
5,thank shopzilla problem solve thank thank madam love
1,issue not resolved event month raisei g concern
5,nothing
5,mam aap bahut hume hum dar gaye kya hoga mere paisa ka
5,issues resolved
5,nice service
5,thanks
1,learn basics resolving customer u2019s issue
5,corn
4,good
5,good
5,happy
5,cancellation made shopzilla informed customer
4,good
5,okay
5,happy shopzilla
2,yea
5,n
1,slowly service
5,thanks
5,waiting time long
5,good
5,good
5,nice
5,kindly keep excutive give positive response customer
5,good information
5,thanks
4,customer care voice unclear sometimes kindly improve good good thanks
5,no
1,issue resolved bad experience shopzilla
5,good
4,delivery correct time sir
5,good
4,thank
5,feel delivery partners hesitates deliver product us
5,best
5,customer service
5,good support
5,good
5,good
5,nice talking
1,calls abruptly disconnected multiple times
5,quite catch name think must new something follow english talking tensed relax take deep breath good job
5,keep
5,thanks ritu mam
1,fraud selling
1,shopzilla persons r rude n non sense make peoples foolish
5,saticfy
1,need time delivery commitment filled promised time
3,4
5,great work sir ji
3,wasvery hard reach mailed twice not even repliedme try contact app always telling lines busy tried call directky using customer care number either telling phone number wrong no executives able take call worst customer care ever problem pay later emi amount updation settled dues lenting partner idfc bank told got full amount no balance pending yet app payment not updated sending mail settle amount shame side cant order anything prepaid also
5,easy reach customer service executive
5,problem solving
5,support
5,good
1,kathua hub
5,awesome
4,thank
1,technical knowledge reqd
5,
5,good experience
5,worst
5,good talk
5,thanks support thank u thanks
5,no comment
1,sleeping talking calls lazy person
5,payment done still showing pending
1,bad service
5,goo
5,nice
5,good work
5,think executive social good personality
5,nice talk
5,yes
1,bad shopping experience customer service not answering exact reason order delay app charging extra money cancel order ways customer suffer never shopping shopzilla
1,worst customer experience
5,good
1,shopzilla plus premium member shopzilla axisbank credit card holder facing problem almost every shopzilla order shopzilla shopping customer support experience going bad thinking quit shopzilla
1,reaching support cumbersome chatbot resolve issues works based key words though chats mentioned u regards connect call gets disconnected never happens mediums communication customer care wiped chatbot assistant available really sad see care good org cust mer issue resolution felt cheated time regards
5,good
4,good voice service assistance good communicate understand issue mr manu thankyou
5,thank much
5,feel relex talk
5,5
5,nothing
4,nice man
2,bad interaction
5,liked voice
4,done
3,customer suitable time exchange phone maximum decide minimum days customer decide
5,thank much
4,please improve customer services make easier customer contact team easily
5,fully satisfied
3,good
5,good care service
5,good service
3,kindly update customers order timely exact issue order delivery still unknown even customer care employees know actually problem exactly could problem order delivery atleast give proper clear reason delay order please make sure contact customer issues beforehand customer troubled contact team still not satisfied reason explained customer care service whatsoever kindly resolve issue asap
5,thanks
1,poor service poor costumer support poor item
1,bad
1,
5,satisfied
1,unable understand concern asked trasfer call higher authority disconnected call
5,thank
5,need take strict action againt product supplier genuine issue product support customer
5,good work
5,happy
5,thanks response
5,time delivery items less
3,dont like product service
5,take much time resolve problem
5,call cuts many times please look
5,nice talk
5,bad return pick ups improve lot superbuy far better currently return pick ups
1,digital gift voucher expected delivered 5 10 minutes waited outlet around 30 minutes not received gv ordered 19th august till today
1,call 3 customer care executives kept giving excuses system not working technical issues one stopped talking kept phone mute shopzilla treats customers problem still unsolved u2019s raising anger feeling totally disgusting behaviour
5,eexilent
5,thx
1,pathetic support system policies
1,shopzilla services retailers bad
5,good quality shopzilla customer care
2,disappointed regarding cancellation order without consent
1,cheaters fraudsters
2,pay late usd charge
5,mam supportive service good
5,good
5,nice talk
4,happy
5,soo much
5,good
5,nice want real order
2,worst service improved
5,good talented solve query happy thankful
5,good
5,good
5,seems optimistic person
1,bad experience
4,need learn english speaking skills listening skills
1,worried
5,best
1,product not delivered
5,super
5,good conversation customer care executive
5,think positive positive things happen
5,good
5,listen problem kindly appreciate talking sense
5,no
5,good service
1,sale service e installation work not done per schedule
5,good customer service shopzilla
5,thanks helping
5,thank
5,good
5,good
3,hi
5,thank
1,bad service
5,customer care support se baat karke achha best behaviour customerthank much
5,awesome excutive helpful nature
5,nice
5,good performance time shopzilla
5,love way talk speaks love
5,good
5,good job
5,please make delivery fast
1,product not received delivery boy
5,6
1,received broken packet atta unable return due box open policy not checked deeply collecting order delivery boy pls get refunded
5,good communication
5,good
1,customer ki taraf se preshan vishwas toot ab shopzilla se
4,would great shopzilla could make convenient contact respective sellers regarding issues faced customers
4,recheck product delivery
5,customer support good
5,
5,issue resolved
5,bipul roy
3,top
5,please make exchange old phone hassle free faced many issues
5,v good
5,please resolve issue
1,no response team
5,purchased anything shopzilla make sure provide service customer
4,good
4,make easy
3,direct contact require customer directly contact
5,nice
1,please issue fast solved
5,nice
5,good person try best resolve problem
5,really happy attitude customer service executive patient kind enough resolve problems asap
5,supporting preson time
5,still not problem solve
5,provide customer option adding adress google location addition detailed postal address like food delivery apps
5,good
5,osm experience customer bhai
5,no thanks
5,good behaviour
3,good
1,customer service phone hai bat nhi kar rahe hai na mera problem solve ho raha hai
1,wrong product delivery
4,
5,great customer service people
5,nice work
1,please resolve problem
1,please provide email
5,good work
5,nice
5,good
5,nice nice nice nice
5,not yet received full refund returned products cancelled products honey yet receive rs 34 led bulbs yet receive rs 13 akhrot yet receive rs 53 total not received yet
5,
5,great job
5,overall good
5,no concrete reply
5,thanks
4,seller scamming description product executive not able help ps screenshot wrong description
5,good
5,good
4,yes
5,good
5,good
5,good costomer care services
5,good
5,thanks lot
5,executive understand said
1,no one help resolve
5,excellent
5,nice
4,issues yet not resolved
5,yes done
1,give money
5,thanks
5,ram
4,good
5,thanks
1,disappointed shopzilla ordered earbuds brother birthday package items missing told customer executive issue need refund buy brother another gift help even though understand issue please shopzilla improve customer service kind service not good shopzilla
5,good
5,good
5,satisfactory
4,issue not resolved yet u need experience candidates
5,v good
1,nice
5,no
5,nice
5,disappointed shopzilla
1,fraudster delivered expired item saying unable help completely fraud thieves
5,good
5,no suggestion moment
5,good
5,thank shopzilla
5,thnx
5,good supporting customer executive really excited customer executive best way solve issue good
1,poor
5,nice
5,customer executive dealing good responsive thnku
1,no help
5,exlet
5,changing number become inactive not possible otp always go inactive number send otp new number regd email instead inactive number
5,excellent
1,customer support hold call not contact
5,customer service guy polite nicely talk grateful minded
5,na
5,good
5,effective
1,wrong product deliveredgive permission customer care person solve
5,thanks mam thank much
5,nice person nd good performance thanks sir resolve problem
5,problem solved ms efficiently proffesionally nice talk share problem listens resolves quickly thanku kind concern
5,like
5,good
5,5
5,nothing
5,hamppy customer service
5,good acchi batchit hui
5,please ensure fake fraud vendor ban complete shopzilla platform
4,good
5,get resolution way talking associate good think shopzilla hire associates like satisfied call
4,issue still not resolved
1,shopzilla fraud making customers fools facing problem got money stuck know problem mine get solved also reported consumer forum hope serious action taken shopzilla
1,worst customer service app 2nd worst experience faced shopzilla no executive able give correct answer everyone gives false commitments nvr gets fulfilled
5,please sir request solve problem
5,right talk person solved problem 1 best customer support man man golden heart shopzilla treat like deserve
1,worst customercare employee ever met call
5,good
5,understandable
5,nice talk
5,best support thank shopzilla
4,good
5,good
5,order always cheked shopzilla takes seller befor deliver customer
1,issue regarding order pending since nearly 2 months complaining raising issue status product not updated product delivered invoice not received due non updation status kindly resolve
4,overall good
1,shopzilla support not expected job
4,tq
5,thanks
5,happy
5,mam support lot friendly give 5 star
5,ok
1,pathetic service shopzilla
5,nice job
5,good behavior understanding lady grateful thankyou miss
5,good job
5,good
5,assistant assist
5,help us team quickly good response satisfaction answer thank team
5,satisfied
4,good
5,best
1,poor service problem not solved
5,thank
5,awesome
4,good girls
5,yes
5,fast solving complaint
1,please request exchange prodect size issue
5,super
5,make otp compulsory prepaid orders
1,poor service supplier decline request item not delivered delivery agent took back item since damaged
5,none
5,nice talk executive solve query
5,good person
5,thank u
5,nothing
1,atleast understand customer wants insect inside product not dilver seller
5,good communication
5,really happy customer support associate behaviour helping nature problem not resolved yet completely expect type service shopzilla
5,replacement pickups slow please improve
5,good
5,good
5,make process simpler thanks
5,please improve delivery process remove scammer team
5,good
2,policy terms good
5,hopeful
4,good enough
5,good service
5,deliver every product time
5,thank much
5,nice information good communication
5,best talk
5,pick collected schedule time not delayed
5,good
5,superb conversation
5,thanks
4,okay
5,bad products shopzilla
5,nice experience costomer care query solved thank
5,awesome person
5,well
5,good behaviour
2,sound quality
4,good
4,please show transition details refund account credited details confirm refund
5,thanks
4,ok ok service order product yet not come please improve delvierys
5,good
5,love
5,thanks alot
4,good
5,
1,local quality another product dilivery
5,good
5,good
5,delay shipping process
4,fingerprint not available
1,problem not solved
5,please return
5,osam
5,polite
5,nothing
4,support good
5,
1,raised issue 14 august till date issue remains unresolved received product without invoice packing complaint issue people delay shopzilla worst app well members thieves
5,achha
5,kindly senstise delivery associates behave politely customers delivery associate mr rude today
1,issue not solved
5,consultant quite polite listen problem properly solve easily thankyou shopzilla
5,flexible services facilities needed
5,good
1,improve missing packaging problem
1,please solve problems
5,please ease connect customer care important
5,try check packing
5,rajat jee good person replay confidently regarding issue
3,good
1,make policies customer
5,good
5,good
1,cheating customer market place sellers sell second hand device
5,improve not issue
5,problem still not solved suggested one solution need try delivery order
1,return not possible company policy replacement must items people hard earned money must utilised not like waste
1,popr
5,thanks million sir bhaut karke aur mera problem bhii solve hoga mere shopzilla team thanku
5,
5,nice balak
4,make refund policy easier
5,3 time complaint ragister no solution
5,good
4,thank helping
3,good
5,nonsense item third class package packings bad 1 rakhi broken
5,required refund amount 597
5,ok
5,happy
5,good
5,evening good
1,make sure onboarding right selllers
5,good
4,needs quick returns
5,good working
5,supportive
5,contact delivery person
5,nice
5,no
5,positive response well done thank
5,nice work
4,good
5,good help nad thanks costumer service
1,grocery delivery never happen pincode 627753 allowing first place ability deliver stop cheating
5,good communication skills
5,hope
5,good man
5,good spik onest
5,well good
5,nice talk
5,please return order
5,good
5,thank shopzilla customer care
4,
5,
5,delivery guy wish master supplier non co operative
5,support good lets see resolved issuethanks
1,product like shit shopzilla costume support good help costume
5,no
5,good
5,no
5,thx help ji
1,chutiya hai
1,not certified
5,nice talking
5,good
5,good
4,call automatic disconnected issue
5,best customer service
5,thanks
4,help customer meet good product service check product getting delivered customer trust important need maintained hope guys improve us service serve customer properly
5,satisfied
1,problem not solvedlol
1,bad
5,better get know delivery person numberso miss call back
1,disconnected call keeping hold not resolve issue hard reach customer support ver poor spread poor support social media shopzilla support poop
5,well speak suggest
5,thnx supporting customer support
5,product k bareme information sahi se dalna chahiye
5,certified
5,good
5,good
5,good
5,good response
5,good
3,thankyou much
4,baat karne mein theek hi laga 90
5,satisfied till
5,appreciate patience communication executive despite poor network connectivity tireless approach
5,good
5,good costumer
1,good
5,good
1,hang call without informing telling hold
4,thanks
5,satisfied
5,no
4,good
5,thanks
1,24 august customer care executive said pickup done today tomorrow next day morning msg received pickup cancelled horrible disturbing took leave pickup purpose waste day time
5,good
5,yes
5,good resolve
5,ok
5,good
1,issue not yet reolved explained issue multiple times email chat multiple calls asked repeat issue wife also raised issue twitter well 2 days back still no resolution yet still waiting 1950 rs refund paid request delivery person shopzilla
5,good
5,thanks
1,no resolved
5,still issue not resolved plz look matter
5,good
5,nice behaviour helpful nature
1,replacement kat
3,delivery service needs lot improvement thought things may changed delivery area live remains chancy
5,good support deserve 10 rating
5,good
5,goodmujhe bahut
5,thanks
5,make issue clearance effective
5,
4,thanks
5,bit quicker resolution would better anyways satisfied outcome
5,thank solve query
5,ok
1,say sorry please solve customer issues
1,one not resolved problem
4,5
5,nice
5,badiya
5,good
5,one best customer care agent spoke helpful towards customer issue want share feedback
1,improve system
1,bad proudect
1,app gradually turned nonsense difficult speak human customer executive tried tak l reaching chatbot arrange call representative utterly disappointed
5,support best
4,good
5,5
5,problem solved karwa dijiyesir na bole ke payment receive ho gaya hai order pending h time lag jayega 24 hours
5,thank
5,thank help sir
5,good
1,mere sath pehle bhi ese hi hua pehla product two months main bhi return nhi hua abki baar bhi esa hi aap chahte kya shopzilla se shopping nhi kare wait kaam product ke liye finally ye batao ki kab tak return hoga
1,atleast return products someone asking ordered mistake
5,good
5,good
5,no scope improvement already highly skilled person
5,good
5,good resolve issue
5,great
1,customer executive left chat without answering questions
5,great man
5,nice
5,unable connect call back call transfer facility backhand team
5,good service
5,good
4,cool
1,purchased tv 10 aug yet not installed no shopzilla executive help
5,kindly make return option available customers not available receive orders person received open box delivery one understand problem parcel ordered not person received faced problems twice family member received product unable return open box delivery kindly make flexible return policy
4,solving problem costomer
4,good
5,nice
5,nyc talk
5,excellent
5,thanks
5,great person respected sir asus laptop related emi quarry thanks shopzilla
5,good
5,thank
4,good
1,bad issu not resolved
5,good communication
3,thanks
5,thank
5,nice
1,make policies customer
3,not good
5,return policy
4,good
5,thanks
5,nice
5,coustomer support executive behavior good politely
5,thank
1,gud
5,best service
5,good services
1,samay chaal
5,excellent service
4,nice
5,happy good sarvices
5,no thanks
1,exlent good job
5,tx supporting
5,helpful
5,overall good
5,nice voice
5,staff great job like way treated customer
5,resolution provided good late shopzilla provide call raise issue got call
5,happy
1,customer executives useless
5,good experience good behaviour
5,veri good
5,problem not solved request problem 24 hours solved costom team viewer good problem solved soon possible
4,better reaction customer support
5,good
5,good
5,provide customer support number shopzilla app
5,mobile accessories not given mobile give accessories time
5,executive answered well
5,oder delivered commitment time requst committee wrong
1,please resolve customers issue asap take much time
1,staff not supportive
5,nice behaviour
5,itracking details user fiendly ter e resolve enquiry
5,cooperative helping nature
5,banda bahut tha baat aur meri problem solve kar di isane
5,please contract loyal manufacturers
5,good service provided shopzilla
1,poor understanding asking wrong questions customers
5,great update
5,excellent
5,nothing
5,warranty resolve shopzilla best app world
5,good
5,best help customer sport executive
5,thanks
1,mujhe mera refund amount dedo
4,nothing
5,dear shopzilla pichhla product mera box pahle se open tha please check
5,good quick response
5,satisfied customer support service nyc interaction customer support service five shopzilla
2,make network strong interact customers phone line network not efficient
5,thank sir
5,thanks
5,improve app providing original products customers happy
5,good
5,please solve problems
5,still not able get mobile ordered pin code
4,onesetly work
1,totally clueless say
1,pooorrrr
5,spoke told problem would rectified soon possible satisfied words thank
5,good communication
5,sad deliver policy
5,helpful
5,setisfied
5,customer care executive not proper experience
1,contacted customer support twice hung call opening ticket consumer court report incident misleading information application
4,good
5,thank
5,awesome
5,informative thankyou much
5,long process return replace wrong product bad experience time
1,meri problem ka solution
5,good
5,v hi u
3,no
5,good parson
5,5
5,no
5,please add option refund order page currently shows option replacement return section
5,delivery charges products even membership
5,unhappy due non refundable policy product looks returned set anyone liability goes seller
5,thanku
5,good
5,please refund account
5,disastrous experience shopzilla days really doubt using services anymore
5,good
1,care
1,
5,5
5,thank
2,plz call casmber care
5,good
5,good
5,good service
5,good customer service support
5,helpful
5,coustomer care agent good
5,vg
5,thank mobin shopzilla
5,nice
4,gud
5,good
5,thank help
5,good
1,sir aap ki sarves accha nh lga na aap ke comstamar care ke pass
1,slow
5,tq
1,please bring negative score call executives top brass junior brass incompetent unskilled ill mannered illiterate uneducated best funny part everyone give response 24 hours mein apka problem solve ho jayega almost 15 days shopzilla following lunar day moon 24 hour 14 days issue not getting resolved
5,nice
1,shopzilla waste
5,good
5,thanks
5,nice
5,please give correct correct product harass people broken products get away broken damage product person receiving product faces lot inconvenience
5,
4,please resolved issue soon possible available 4 00pm please make sure order delivered time
5,good
4,iteam check verified product packaging
5,super service customer
4,happy
5,style talking attractive
4,good
1,improve
5,good
1,guys not want understand issue even want listen us simply saying not anything not resolve issue
5,good
5,atleast mention proper details product colours
5,good
5,good
1,shameless
5,ok
5,love shopzilla
5,ok
5,work good
1,damaged product
5,overall happy shopzilla
5,happy shop shopzilla everything reasonable
3,still product not delivered plz take efforts deliver product today soon possible
1,close company soon possible not handle customer order pathetic service disappointing movement never use app shopping always consider superbuy
5,good
4,refund initiated immediately
5,excellent
5,good experience mujhe inse bat krke bahutt acha lga mai inse bat krke bilkul santust hu
5,really helpful
5,need personal loan
5,cute
5,achha huva dene par
5,good
5,log time take custemer supportif technical glich app know costomer ittoday three times ordeded placed shopzilla every time payment deducted thuogh getway partner apps shows order not placed request tipes issue occures inform valueble customer promt glich
5,happy shopzilla representative
3,sir mere phone resolution nahi hua
5,good
1,customer executive not supportive
5,saandaar
4,good
5,dddd
5,good
5,exchange price low mobile phone perfectly working condition
5,vygg
1,recieved wrong model no one deffending no one solving issue customer service center not accepting shopzilla exicutive no solving isue im feed
5,thanks dear malika
5,
5,good work
5,good
5,helpful nd sweet person
5,duty
5,smart conversation ways
5,thank
1,worst interaction ever
5,stick delivery date
5,polite
4,quick update
2,booked calculator son looking delivery within 1 day failed today working day wanted product delivered 5 pm executive not able help
5,thank
4,got wet grocery
1,please provide customer care number
5,good
4,well
5,happy
5,noo
5,best support customer care
5,send fake product
5,training required delivery partners deal customers
5,good one
4,replace phone policy improve take photo cut prise reciver come not valuate phone value
5,great experience
3,product return refund policy eased
5,good service
5,interaction csa good reaching csa difficult
5,helpful
5,satisfied
5,hello
5,thank shopzilla
1,bad service
5,thanks
1,change delivery partner responsible
4,
5,executive polite
5,good communication information related problems solved
5,good survive
5,thank
5,santosh karak mujhe customer care mein baat kar rahe uske sath baat karne ka anubhav mujhe bahut badhiya
1,
5,nyc
1,executive illinformed puts hold without informing customer know company policy
1,cheater fraud
5,thaku ur support
5,yes
5,nice
5,nice
1,wrong expectations setting u2019t anything least gumption say instead bullshitting explaining survey u201cquality u201d interaction customer service rep customer service rep u2019t customer service get ai serve bullshit least finesse learn thing two superbuy u2019t deliver 80 correct guys 100 correct albeit saying deliver u2019t sasta na ho koi ghaas bhi na dale u2026 pathetic u2026
1,fraud us
5,solve problem thank dear mam
5,good thank much
5,good
1,make sure share proper information query customer try route call right people associate not able help customers
5,good responce shopzilla
4,good
5,good
4,malayalam clearavail unhindered call
5,improve alertness packaging
5,helpful
5,like customer service
5,nyc
5,good talking easy way solution
4,thank
4,please delivered wrong item specially check order customer shipped order
5,
3,kindly issue order history delete option
5,good service
5,good
1,bad
5,try reduce timing resolved issue
5,nice thank shopzilla
1,takes long time resolve solution
1,third class
5,customer care sir good nature resolved problems thank much
5,best service
5,much good helpful
4,good
5,good
1,return problem
5,
5,good
5,good
5,good
2,technical support team well ne add new employees good tech support knoledge
4,good work
5,good
5,vary good
5,
3,improve performance logistic department
1,bed responsibility
5,good
1,things doesnt gets fitter replaced
5,good
1,mention bold charge extra charge not small corner
5,helping mam
4,give us right product
5,executive really polite
5,talk person shopzilla nice talk good languagethanks
5,hi
5,happy support
5,thanks shopzilla
5,good
5,helpfull person
4,un happy vala option mandatory vo optional hona chahiye
5,assistant peaceful polite
5,improve delevery time product delevery also every time customer agent number not attending call reach
5,busy guy like nagging problems hope problem resolved quickly customer support agent great guy definitely feel much hopeful resolving issue
5,nice portion
4,delivery delay rest ok
5,good
5,voice awesome
1,poor sarvice
1,shopzilla delivry late
5,give regional language like telugu
4,not buy product shopzilla ordered product 2 times return everytime take refund product shopzilla sucks customer support good
5,good
1,faced worst experience purchase not buy shopzilla
3,right best supported
4,open google many options connect human would good instructions no readily available
1,solve concern
5,thankyou solving problem
5,complete satisfaction
5,nice
5,good person
5,no
5,resolved problem soon possible
1,please call
5,verify wrong seller
5,bahut badhiya
5,excellent explaining madam super 10 10 rating
5,thanks help
5,agent good communication
5,helpful
5,good
1,mt sister ordered rakhi due worst service received order
1,bad policy
4,disappoint customer frod sellers
1,issue not yet resolved customer service advising contact brand resolution senseless thing product damaged within 2 days purchase shopzilla meaning selling fake products customers robbing customers promoting u2019s number one e commerce site not able resolve customer issues shut everything u2019t blame customers hell mistakes
1,chutiya h ye
4,behaviour customer exicutive manager good
4,good girls
5,nice
5,helpline service best
5,good
1,order cancel send interest amount order also
5,good
5,ch
5,5
5,great
3,customer service executive technical sound
5,good understanding resolved issue requirements
5,thanks
5,hope product delivered suggested thanks
5,no problem
5,good
5,want clear policy
4,language not available speak
1,proper service
1,unable resolve issue call long time one month issue not resolved yer customer care executive unable resolve issue making excuses please call future
5,not
5,umair sir op
5,upgrade product otherwise good
5,nice service
5,good
5,pls help customers ever need
1,not interested customer care call problem not solved cracked conversation poor quality customer calling experience
4,good
1,bad service
1,no
5,experience good customer support executive also helpful
5,bahut acche se baat kiye bhi ki
5,normal ok
5,issue resolution process soon
5,good
1,j
4,good communication skills
5,sangeeta good hope yo get product preferred date
4,meri problem easily handle kiya issue solve ho gya thanks
5,mast
5,delivery perfect date
5,good
2,dealing shopzilla not pleasing
1,refund related
5,time delivery office time like 9am 6pm
5,thanks customers care
4,clear calls
5,good
4,quickly resolve problem
5,excellent
5,mera kismis 1kg ke jagah par 500gm
5,shopzilla customers care se baat krne per feel hua
5,stick language preferred
1,call got disconnected abruptly customer care executive
5,overall good experience
2,need replacement got defective unit
5,best touking
5,nice person
5,none good support team
5,excellent support
5,good
5,well mannered good communication skill
5,nice service
4,good support customer shopzilla
5,normally simply solution
5,hhj
5,excellent
5,good impressive customer service
5,good
5,happy solved problem
5,nice
4,nope
1,disappointed services shopzilla
3,disappointed shopzilla
5,good job
5,good
5,5
5,nice talk customer officer deal smooth solve issue
5,thank much shopzilla
5,thanks atleast mentioned issue
1,unsolved problems
1,service
4,good
5,thank
4,customer service representative assured services enabled quickly partially satisfied fully satisfied service enabled jas almost 6 months since service blockedso via feedback form request concern team restore pay later servicesregardskhameshwar
5,good
5,pleasent calm talktive problem understanding
5,want help
5,good knowledge
5,good toking good langveg thanks bossssss
1,worst ever service ever seen agents sympathize customers provide no resolution following script stain name service know read script put notes forget rest shame agents
5,take feedback phone
5,thanku sir
5,good
5,thanks
5,thanks
5,thanks
5,good
5,good support mam
5,best voice
5,nycc shopzilla
5,good
5,no thanks
5,6 times request repeated
5,good
5,good
5,ever call guy perfectly perfect job thnq much information
5,black list sellers supplying bad quality wrong products
5,good service
5,issue related balance gift card wallet got expired humbly request shopzilla management extend balances customer unable use balance amount within said amount free expiration validity period customers money used shop initially shopzilla got refunded subsequently
5,good service
1,fraud
5,good
5,no
5,good
4,bahut acha bat huaa
1,bed
1,clearly said delivery guy disconnected call help coordinating bring parcel 4 not home called delivery guy morning said deliver 2 pm 4
1,thanks
5,good
3,first u shove problem give review
1,issue not resolved
5,no
1,not sartifide
5,u
1,calling recived not speaking
5,good
5,good
5,good customer support
1,start no return product get return
5,nice support
5,excellent
3,return product worst experience facing right resolve soon possible
4,language support need no one available waiting long
5,good services shopzilla
5,shopzilla customer care fully helpfull
1,no
4,customer service good feedback
1,received totally different product customer care officer directly said product no return policy cant anything means mistake used shopzilla
5,service excellent
2,
1,product value superbuy product 70gram 73 rupees u people charged 195 rupees completely unacceptable want return product
5,please improve delivery time time faster
5,nice lovely talk miss 5
1,call suddenly got muted conversation line customer support executive call hangup
5,no suggestions
5,satisfied conversation
5,good
5,please add languages intaract people help improve
5,super
5,happy customer service
5,
5,haahuehehs
1,not satisfied service shopzilla angry tell today date tell 28th delivery scame
1,good
1,correct information given consumer not give wrong information product reno 7 5g mobile not written 7 mobile reno 7 5g mobile
5,already contacted two executives gem none able understand issue product women one suggesting exactly need case obd showing interface not lot things mention regarding service interaction two executives due right time guy efforts put resolve issue best knowledg thank brother keep manner polite way shine like star nice day
5,good job
5,delivery boy bad behave
5,good
1,improve everything customer service everything needed missing no words explain worst experience
5,great experience everytime shopzilla customer care
1,need think future purchase shopzilla
1,unable connect service make easy method method reach
1,consultant understand problem
5,vg
5,fab
4,4
1,no response resolution problem since past 5 days everyday u2019m calling kurta returned usual wait wait said instead proper action get outcome
1,reschedule order could better
5,good service
5,foip choose sellers carefully seller sent one fan mentioned quantity four not expected
5,fro shopzilla idfc first resolve simple issue shopzilla pay later plus emi
5,thank shopzilla thanks support
5,v good
1,knowledge
5,kind nature handle sencierly
4,shopzilla big brand inspite big brand not satisfied customer care hope works fine future
1,bluetooth damaged
4,good job
5,whatever may ta service u want resolve costumers problem waste similiary please solve problems necessary action delivery agent
5,looking forward get resolved soon
5,thank
5,return money
5,happy
5,5
1,issue still not resolved marked resolved please open ticket
1,worst product make sure supply chain work properly delivery guys giving cal pick product not coming pick actual bad resolving issues late responding customer built competence compete world
5,thank
1,telling contact company service executive repair return policy
5,good
5,nothing
4,good
5,create section missing undeliverable items section chatbot
5,good
1,bad mera order defective delivery kiya hai castumer care likhayi hai ab bol rhe hai ki aap ne nhi likhaya hai aap ki policy gyi hai ham khuch nhi kr sakte shopzilla
5,man older hearted
5,thank
5,
1,good communication shopzilla customer care personthank
5,helpful staff
4,trust customer not wish master address issue solve early possible make customer fed shopzilla
5,thanks
5,thankyou time service
3,give replace option please return
5,
5,good luck
5,good
5,good help
5,osm
5,customer support executive behaviour polite nd clear unse bat karke mujhe bhot accha laga happy
5,executive calm understood problem helped resolving issue
5,improve delivery system many delays even city like hyderabad
5,good
5,poor service quality quantity not shown
5,happy customer service guy service provided
5,good manners speech
1,want order returned replaced expired product
5,executive helpful seller policy made past days difficult disappointed seller happy way executive handled case
4,customer care number displayed website directly least products ordered connect directly solve issue thanks
4,try solve issue resolved soon possible
5,thank
3,good
5,please inform name receiver order info giving gift relatives sometime forgot address
5,nice
5,good understood properly
5,problem solve ho gaye hai
4,
5,nil
5,thnaks
5,nice person
1,person pretending not understand query explain not sure get solution shown attitude
5,please resovle issue sort rime
4,installation happen product delivered waiting week time
1,cancel
5,good
5,costomer care executive good nature helpful
5,please make sure color shade delivered not available cancel order instead different alternative shade ladies particular shades
4,thanks
5,good person
5,good employee
5,thanks
4,good
5,good
5,good
4,dealing good
5,good
5,thank
5,nothing
5,nice talk customers support
1,bad service
1,support team holds call 3 minutes really pathetic
1,full nin compoops new trainees without knowledge
5,nice
5,helpful understanding
5,good
5,good voice
5,good
3,good
2,rep kept saying understand concern not anything bcz chosen product no return policy kept asking order cheese u deliver chalk policy still apply asked raise complaint siraj said option raising complaint second rep said connect call senior kept hold said sorry due technical reasons call not connected wait 24 48 hrs
5,ok
5,good behavior
5,good telling
5,ek baat bataye ab mere pass product deliver hua h aap log ab iska solution 27 aug tk karenge pick bhi aage ke date hoga ye aapko nahi lagta le rahe ho mujhe iske badle main koi ek facewash order vo main ab kaise karu usme time lag jayega mujhe yahi paise us karne h agle order facewash order k liye maine pay kiya
5,nice
5,good
5,pls make easy n comfort policy give fast delivery service costumers
1,please educate customer service good answers automated response getting chatting useless remove telephonic customer service
5,ok
5,good
1,reach shopzilla logistics
1,good
5,good
5,thank
5,please send mobile bill
5,good service immediately solve query thank much service support
5,satisfied query related communication
3,deliver proper product order
5,good
3,good job
5,best
5,godd
3,policy experience
5,excellent
5,done
1,bad
5,thanku
1,please help orde
5,thanku help
5,good
5,mera 1399 rupees kha ke sone chutiya company
1,usual total waste time money shopzilla shopzilla not care customer concern need make money policies beg road shopzilla beg screwed policies
5,rest good
5,thank
5,good
5,pleased talk recently customer care executive solved problem
5,good understanding issue assured get issue addressed soon
1,return feed back
3,good
4,good not authorised shopzilla executive meaning talk bad
5,good
1,pls change headphones
1,
5,good behaviour return team
5,feedback
5,good
5,nice job
5,good
1,time issue ur guys hung placing hold try reach u call connected advisor mute self not reply happened multiple times way problems recent mobile purchased no one helping write grievances ceo well also go consumer forums already recorded calls certainly take u guys not taking responsibility post saleearlier bad worst pathetic customer service well
5,good talking
5,good behaviour
5,happy
5,good
5,good job delivery time
5,pleasent personality
4,nice
5,costmer support bahut acha
1,bad service monika
5,not
5,wonderful speech hindi language communication skills good thanku communicate customer service officer
5,ok
1,informative quality poor service
5,good
5,nice
4,product oder related issue
1,not right information provided
5,excellent service
5,good
5,thank
4,good information
5,thanks
5,nice guided
4,thank please provide emi option pay later accounts limit increase please
4,overall thanks
5,thanks
5,audio line not good enhance call line
5,best adviser
5,thank mubeen thank shopzilla good work
4,kindly resolved problem
5,happy talking sir
4,nice work
2,problem not resolved
4,make sure product not defective
4,instead starting hindi english executive shall ask language customer better
3,first thing let clear not fault shopzilla policy needs changed not fault seller delivered incorrect size product wait 20 days get replaced product policy says no return no refund use service make policy no payment think
4,please resolve issue asap thanks
5,delivery boy ka bhiver improve kre
5,thank
5,responsible worthless item supplied shopzilla reputed online shopping platform seller spoiling goodwill shopzilla not entertain seller
1,poor delivery service not receiving product since last 3 days mental torture shopzilla agent
5,direct toll free number statewise area wise must b
5,thnx
5,hope problem resolve time
5,always custemer suport
1,called 2 times query time telling hold call disconnected customer care service providing continuing customer shopzilla not beneficial
1,bad shopzilla service support executive
1,problem not solve
5,excellent
4,without otp delivered product delivery man
5,good
5,good
5,hi
5,ordered mobile wrong address cancelled order no option change address ordered completed request shopzilla team work make option change address ordered
5,nice taking behaviour
5,supportive customer executive
4,please provide adequate options ur message chat
5,mst
5,exilent
4,need resolution
1,information provided incomplete customer losing due lack complete information
4,happy sir talking nyc sir mr
1,bana rahe ho
1,worst service ever experience
1,product not match
5,thanks shopzilla
5,direct shopzilla need contact issue customer resolved
5,order return policy
1,customer service support disconnected call hold
4,good
5,no
1,bad
1,bed service box package not satisfy buy products
1,u2019t sense humour take calls customers not good understand query needs proper training deal customers bad communication also requires time solve queries
1,customer support not able help since system slow
4,try resolve problem fast
5,good
1,bad experience
5,good job
5,thanku
5,helped solve thanks
1,bed
4,good
5,good
5,good
5,support good politely behavior
5,good
4,app cancelation policy available
5,good guy
1,resolve customer problem quickly donot harras customer
5,orders page need help button work use generic help section get support executive
5,
5,good support
1,bad women customer service
5,super
5,people best
5,please change courier partners srinagar jammu kashmir change alot things thanks
1,diffence product different colour
5,thank
5,good exicutive
1,money waste
5,good one
1,bad shopzilla concern team not supported
4,provide delivery agent number
5,customer service important
4,
5,cooperative nice taking
5,customer care support best
4,nice support team
1,cut call face
4,understand
5,good behaviour
5,executive person good delivery agent bad longer time taken no good behaviour
5,good
5,excellent service
5,good talking skills
5,best
5,good
5,thank youplease soot trooble early please
1,bad service
5,enhance interreaction quality good helpfulness customer support executive thank much talking quality good
1,thank
4,thanku much
5,no
5,thankyou
5,return policy must strong
1,
1,vhv
1,talk business
5,reaching customer service bit difficult app goes unresponsive
3,kindly response customers regional languages asking whether comfortable choosd languages
5,good
5,thanks
1,non customer support supportive
3,please resolve query
5,thanks solving problem
1,pay later block
1,bad
5,thank dear customer
5,good
5,good experience
1,happy
5,good solve problem happy
5,awesome
5,aawaaj bhut achhi hai
3,bad delivery system
1,ver
1,disappointed shopzilla service resolve problem hate app sooooo much never shop app
1,shopzilla ney mujhe 30058 ka diya shopzilla se new phone lene ke baad mujhe bahut afsoos h ki maine shopzilla se mobile liya isse achha market ja ke lena sahi hota
1,not happy
4,good
5,good response
5,overall good support shopzilla customer care thanks customer
5,avail refund options ban sellers sells fake poor quality products
5,phele aap mera refund tb mai ache feedback dunga
1,tax rules
5,good
5,good
5,good
5,shopzilla customer care good
5,nice customer support
1,worst experience ever
5,please check items products dispatch
5,thank u
5,seller held accountable inconvenience
5,well
5,thanks saport
5,good
5,thank
1,bad customer service representative working company
5,nagar rambha appt 102
1,samasya note resolve
5,excellent
5,good
4,gud communication
5,7
1,without permission cancel order
5,good communication
1,good
5,sometimes customer supports 24x7 not working not able place call chat executive
4,problem regarding pay later emi option not resolved yet
5,good
5,helpful
4,please solve fast issue
1,delay proactive information poor service pathetic experience would never order products future
1,bed
5,good
4,good
5,goid
1,not
5,good
5,hasim
3,good communication
5,good service best voice
5,tydm
5,everything nice pickup cancel order fast
5,call duration 37 min please reduce time
5,issues resolved
4,good
5,good
4,dilivery boy content number important customer
5,missing product
3,good
1,bad service providing shopzilla
1,issue not resolved
3,v
1,call
5,ok
5,good behaviour
4,ok
5,describe products company details accurate
5,good
1,not bad
1,return policy cheap
2,not solution
4,good
5,please focus delivery agent resolve issues immediately avoid delay resolution
5,good
5,thanku much mam
5,happy
5,provide return services
1,please make sure customer care excutive enough knowledge solve customer problem
5,get satisfaction talk executive also makes lot efforts know shopzilla not providing refund tired please kindly provide refund ammount
5,good customer support
5,nh
5,5
5,good
5,excellent
5,nice
3,good
5,executives timely attended fault fixed issue happy service provided
5,5 rating de aata hai product knowledge hai hi nhi didi ko baar baar batane par samjh hi nhi ata kya concern hai customer ka aur kne ko call transfer krne ki nikal li ab negative rating nhi dega customer aap hi batao tl aata tl nhi hai aata hota team share krte aise product knowledge achhi hoti team khair koi tl bnne ke baad alg hi attitude rhte ho tum log
5,good experience
5,asifkhan
5,satisfied
5,good conversation thank
5,support member helpful however asked change pickup address create return looks like selected address delivery concern not resolved
5,via communication solve issue must beg shopzilla representative officials plz make type inconvenience may bother customer well plz must check box properly delivering customer product proper condition not regarding size problem may not face becoz trust shopzilla always made thanks support kindly request resolve issue soon possible
5,good product
2,kindly pick return time
1,no knowledge problem solve
5,please try fast solve issues
5,good job
5,best conversation ever
3,trust worthy
5,support awesome
1,bad experience
4,product damaged however according policies neither got refund nor got replacement
5,good experience
5,good
1,no
5,executive surety resolved issue immediate basis
5,good conversation
5,good service
5,good customer support
5,product not received build policy availing product customer rather triggering refund amount create trust faith customers towards shopzilla hassle free process reduce pain going settlement procedure ordering product shopzilla please build policy asap regards
1,plz refund
5,solve problem
1,shopzilla ghatiya market place seller duplicate product sale customer support team not help provide poor feedback
5,nice
1,hi
5,ok
5,nice
5,done
3,well
5,good
5,improve network customer care
5,everything good like customer support talking experience nature good
5,good
5,customer support executive polite resolved concern adequate ownership thanks
3,good costumer service
5,thanks
5,nice
1,train delivery executive well not give wrong information
5,thank much
5,thank
4,good
4,good service
5,
5,good
1,ordered watch quite fit department help matter want close shopzilla account pls
5,conversation skills lady executive
3,long tym check one serial number
5,good behaviour unhappy articles not delivered time
5,v nice
5,good job
5,good
5,vgod
5,thank
5,feel multiple option selection allowed customer select appropriate detail option related problem
5,amazing
5,thank
5,nice
5,faith customers
1,poor
5,not good service
5,customer first priority support assistant
1,bad
1,teach representatives call back customers call disconnected minimum courtesy company policy contain disrespectful dissatisfied today 26 8 2023 calls two separate representatives
5,tyenkyu
4,nees gift wrap option remove product bill product gift purpose
5,fruykwfqdtbu f
5,good
5,please better delivery person
5,thanks support
5,make sure complete comments time provide site
5,thnx
5,good
5,fully satisfy
4,good call jaldi katam karne ke fast call
5,sgood service
4,thank
5,417797
5,first delivery want products
5,happy
5,good
5,times executive says server issue open details please provide good server thankyou
5,good communication skills executive
4,make team solve problem like order pending amout deduction account order still pending 10th august no one helping raising complaints saying wait 2 4 days refund processed
4,products mention return policy u2019t include exchange replacement please include transparency
1,help consumer properly
4,thank
5,nyc call
5,thanks fast solve problemi like shopzilla customer support executive thanks shopzilla
5,yes
1,fraud fake
5,please make easy contact customer carefor paylater query
5,thnx sir mery problem smjne k liye
5,good
1,problem not resolved
5,good
5,thanks
5,nice person
5,good
5,exlent job
5,best
5,customer care service good
1,sab sale h shopzilla chor company h customer care ko baat h mera product pick inko ghanta kuch farak padhta h maim shopzilla use karna hi chhod dunga
5,nice person
5,good
5,thank
4,thank
2,thank sir
5,good
5,thanks
5,good service
5,good
5,good
5,excellent work
1,not satisfied
1,prime member shopzilla bt time worst service shopzilla regarding product quality service
5,
5,no return policy shopzilla helping customers circumstance liked earlier thought would not purchase items due no return policy talking customer executive changed mind try review product delivering
5,
5,se
5,good
4,problem contect custmercare problem going solwe
5,great help customer support executive
1,service poor product quality poor
4,mere product ka turant solution kiya jaaye din aakar dinai
5,thanks shopzilla associate
1,nothing happy
5,excellent
5,good
4,plz add malayalam call center
4,good
5,good
5,good
1,third class service
5,thank full
1,sellers important customers even seller gives wrong item becomes right item even want see ordered received sellers always right eyes never buy shopzilla
5,nice
5,good sarvice probide
5,hhhh
5,good
5,helpful person meri traf se enho ko salary di jaye
5,write
5,good
5,nice information given executive
5,good support
5,castemer cer good
5,make service delivery smooth
5,good job shopzilla
5,thanks suggest
5,5
5,good
1,worst app ever seen
5,thanks
5,delivery vendors thieves anything less right keep scared
5,nice
5,fast delivery discount
5,things good perfect shopzilla good service many area delivery late one problem sitnothing problem apart
5,good conservation thanku shopzilla
1,bilkul bekar phone hold kr k kat diya
5,good
5,thanks shopzilla
5,good service
5,improve order delivery team dont deliver products time sometimes dont even deliver worst delivery experience time
5,great spich
5,nice
4,good
1,wrong product deliveredvery bad
1,wanted speak supervisor kept waiting no one helped no supervisor
4,thanks
5,please add call option need help customer support
1,shopzilla solve problem received product inspite many calls customer care got cheated shopzilla seller loss amount received product disheartening pathetic service shopzilla u lost valuable customer not going order anything th future shopzilla superbuy service customers far better shopzilla take customers seriously shopzilla plays money time customers make sure no one surroundings known persons get cheated future surely suggest order shopzilla service seller customers care pathetic check review also u make fool since hard earned money u cheated awful pathetic account
5,good
5,hello amyour behaviour good love especially honesty sincerely
5,costomer care shopzilla good expect helps us lot
5,vini
1,time ko waste shopzilla se purchase karosaman time par nhi milta next date jati hai bekar service
5,happy tulk cusutmer care problem hes solved ill happy
5,good
5,thank sir
5,good
1,pathetic delivery service every time order electronics delay every product
5,good product amazing product
1,not solve custamar problem tak
5,no waiting time good service
5,good service
1,problem not solved
5,nice
4,keep interaction point no need apologizing delay congratulations plus member take lot time saying
5,nice shopzilla customer support services
5,yes
5,check item dispatch
5,customer help good
5,executive good polite required best skills
5,well
5,awesome
5,helpful invoice available order tab
5,please start give chatting option pay later
5,good resolved
5,nice
5,plz add customer care option every order
1,cheated wish master would register complain resolve issue not try reaching consumer forum
5,good
5,good
5,excellent
1,poor services company shut site products available ur site
1,want return product received used darty product please provide return product trying return product last 9 days no one provide return every time request cancelled pickup boy told please raise proper request
1,bed
5,nice
1,happy costomer
5,thank
4,good
5,good
5,goo dbehavior
5,good quide mam customer treat like family member ki rating hoti toh 100 100 rating krta shopzilla hi shopzilla members ki jarurat hai thankyou deeply heart
4,good
5,kindly delivery item time
5,good
5,resolved issu
5,assistance mark no suggestions
1,2 item shorts issue not solved
5,good
4,requst costomer cheat thanks costomer care maam providing information
5,full satisfied
1,customer care executive told foe 2 min hold 25 min cut call not solve problem unprofessional unmaner person
5,nice parsan
5,good
5,ok
1,order not handled
5,business depend delivery base wish mmaster important key strickly supervision wishmaster work
5,helpful
5,improve ur logistics blame ur associates u ppl hold responsible none thr fault ur shopzilla service totally disgusting
1,bad
1,shopzilla good makes easy customer get product work
1,deliver agent company image
1,not executive good call kep hold statement transfer manager 7 8 min no resposne poor service
5,nice
5,good
1,poor quality products poor service
5,super service happy quick fast
5,good support customer care
5,cmsmfkfksks
4,thanks help
5,good
5,thank much supporting
5,good
1,worst customer executive life
5,good
5,customer support good
5,shopzilla one ecommerce provide good customer service thing give options connect customer care easy manner
5,good
5,please resolve issue faster
4,thanks
5,good
5,good like respect customer
5,nice agent
5,problem still not solved
4,yes
5,good customer service
1,bad shopzillacustomer care information
4,good
3,still receive invoice
1,please give exact reason solution ramble
4,shopzilla cheated got highly hurt
5,good
4,need know order invoice not getting order
1,good service
5,good
5,shopzilla not resolving issue wasting time worst experience faced
5,policy flexible increase number customer care executive
5,good
5,awesome
1,hopeless services shopzilla e delivery learn others
4,helpful
5,thanks shopzilla
5,good response resolve
5,excellent good communication mamm
5,good
1,tell not stop order shopzilla
5,delivery time highly
1,poor service help center
5,happy
5,5
1,nce agent
1,yellow chimes valentine special white crsytal adjustable silver 1 order not received showing delivered 2 even get message order 3 even get call order arrived received order please refund money 4 shopzilla company not make big mistake 5 address entered order not go money also wasted responsibility shopzilla company 6 want money
5,good
3,give refund money soon possible
5,pless full detail provide customer payment product service detail complete provide customer
5,cool person good service happy thish person
5,please send invoice purchase
1,call
5,talks nicely politely like sir helping
5,polite humble nature talking skills great
4,no one yet given proper solution giving new dates one month query no one solved
5,satisfied
5,g
5,no
1,problem not resolved
5,thank thanks lot resolve problem
5,excellent
5,solve issue soon possible please
5,delivered quickly
1,not able connect executive resolving queries not call shopzilla executive
4,no
5,resolve issue simple manner taking much time know problem
5,good
5,santosh hai
5,vg
4,good
5,no solution problem yet
5,good behaviour customer executive
1,solution not resolved
5,arun bhaiya ne meri problem ko solve kr dia tha dekho ab bs mera order return unhone try kia hai thnku bhaiya se bat bhaiya ne thnkuu please
5,well shivam kee
4,4 5
1,customer support executive misguided refund not received provide wrong information time
5,5
5,good
5,good customer service
5,nice
4,solve problems quickly
5,nice meet
5,happy someone able resolve issue thank miss sabhabut executive hung shows unprofessionalism shopzilla never expected kind behaviour executives regards saurabh sharma
4,good experience
5,good job
5,nice toking good
5,nice
5,thank mam
5,thank much
5,thank much
5,excellent
4,ok
5,happy
5,good
5,love sir
5,good
5,thanks mam
5,excellent
4,thanks
5,good
3,ok
5,excellent service
4,get ed
5,good information
5,thank u shopzilla fast response resolve problem
5,1i love shopzilla
5,products book come not products
5,nice
4,kindly educate csa level 1 provide required information
5,excellent
5,well
5,nice
5,costomer service better
5,extremely polite understanding deserves better role handling customer service patience communication highly appreciable thank support
1,uski jagah dusra order aaya hai aur mera order cancel kar diya gaya hai
5,happy
5,good
1,make policy regarding price difference refund within 7 days delivery
5,every shopzilla hub contact no mandatory
5,nice interaction keep
5,good addressed concern well tjank
1,worst services
5,behaviour good
5,customer care executive man good
3,please change delivery partner shopzilla totally not good service
4,good
5,almost good
5,sil problem
5,please try provide refund car frill air freshner
5,thanks
1,improve support
1,meri bat ho gayi h
5,love shopzilla
5,thanks supporting
5,make policy regarding cancellation order flexible
4,ok
4,thank
5,gd person
5,nothing
5,make call directly customer support availability icon would convenient
5,deliver service poor
5,brand tag issue product
1,wrost ever payment deducted order not confirmed yet nykaa superbuy best
5,thnkeeeeeewww solving problem
5,already excellent customer support executives
3,no
2,everything fine disconnected call unable give feedback confused previously connected jayveeriam giving 1 star jayveer reason disconnected call
5,customer executive genuinely gentleman way interact mother tongue excellent hope future feedback also give customer executive sadhuvaad product seller
5,ok
5,nice
1,got different product multiple delays delivery product product received different ordered not got solution till yet
5,thank
5,every thing fine
1,customer representative marked issue resolved without solving also disconnected call keeping wait 2 3 min disappointed
1,simply reading scrips instead actually helping
1,little knowledge
5,frauded shopzilla delivery agent
5,good service
5,thanks full
5,would like say thanks customer care agent miss understanding helpful want say please promote becouse good solve customers issues thanks
5,link connect good behaviour delivery boy otherwise not becz delivery boy behaviour bad
5,na
5,deliver services poor
5,interaction good
5,person good understanding
5,executive speaking not fluent conversation bit slow providing resolution helping nature genuinely wanted give best possible resolution
5,shopzilla pay later refferal service bad waiting refferal amount since 15 days
5,good
4,good
1,tried 3 times every time put hold transfer call seniors not senior resolved query 2 min hold phone disconnect bed experiance
4,thanks sir
1,costnore care
5,good
5,thank
5,mujhe inse firse baat krna h possible
5,struggling issue march 23 today 26 aug almost 6 months working still waiting resolution shopzilla not small company whi irritating mental harrasment process provide resolution pathetic experience using shopzilla long time experience lost trust shopzilla
5,problems not solve hope solve problemsmy shirt not delivered shopzilla app show delivered productthis problems bad reputation
5,thexxx
5,great
5,ok mam aapka no
3,need invoice
5,not formality request person give solution 100 result not hope
5,okhshshsshsish
5,nice
5,good afternoon great talk mr mukesh polite caught queries quickly think send product soon possible nice talk
5,good
5,helpfull
4,solved issues return policy
5,tone conversation fine wanted talk senior call could not connected
5,thanks
5,baat karke
5,nothings
5,resolve immediately
5,nice
5,good
5,good supporting
5,good happy
4,good
1,bahut kharab
4,please support customer pleasure feel comfortable trade future plateform shopzilla
5,good service
1,no proper solution provided
5,try provide sellers better offers products availability
3,give costomer right information
1,could not solve simple issue return getting cancelled
1,kept delaying process value customer time resolve issue soon possible
5,good
1,worst customer service
5,improve backend team services
5,good men problem soul
5,good
5,hii
5,xl size lark half halmet not available portal 1 year waiting sir
5,liked behavior want work soon
5,better
1,sad placed order face wash payment also deducted account order not confirmed order showing showing cash delivery canceled call customer care even call 17 minutes customer care assistant said money refunded sad company like shopzilla not able take care customer not first time also many happened many times payment deducted order not confirmed
5,good
1,please call
5,yes
1,not resolved problem
1,query resolved without providing resolution portal see comment share snapshot mrp label not sure share email address needs sent highly irresponsible support team told receive call never received
1,not good
5,thank
5,nice good
1,bad service
5,fast delivery discount
5,shopzilla not happy please stop fraud loyal customers
5,please check grossery product silled pack time packing
5,good
5,change policy product not like customer keep best product checking shopzilla
4,return fee not taken
5,tq mam
1,good
5,good
5,good behaviour
5,trusted 100
5,good knowledge problem not showing
5,good girl
4,ensure please
5,nice
5,customer care service good
4,thanks
5,thank customer care service
5,many companies cheating without providing offered product times nothing package please take strong action companies otherwise effect goodwill shopzilla
4,nics
5,customer support understood problem well provided satisfactory solution nice way talking
4,simply good
5,happy
5,one customer care executive miss awesome recommend whenever need talk customer care executive plz reffer thanks gouri ji ur resolution u given knowledge behaviour awesome wish get success humble request plz every time connect
5,good
5,good
5,good behavior
5,good suggestion
1,basterd mother ers shoe bloody sister ers
5,nice
5,right
1,bahut achcha support
5,good
5,santusti
5,excellent
5,good costumer support
5,good
5,bahut achha h
5,excellent customer service
5,nyc
5,please take action vendors installation technician work
5,good
1,poor service
4,good
1,junk support people not understand problem close ticket resolve without resolution
5,good
5,nice consultant big help
5,takes much time resolve queries take little time solve queries
1,educate delivery executive polite professional
1,wasting time money technical issues etc
1,bad experience shopzilla item delivered wrong denied exchange
1,bad service shopzilla bye product personally experience bad shopzilla customer care service payment refund service guys take review buying shopzilla putting mobile number comment box
5,good
5,nice
5,customer care adviser good
1,quality issue
5,good information
1,delivery system poor
4,process register grievance complicated direct no customer care given
5,thanks
5,reduce time delivery
5,no
5,nice garding
5,fine
5,good
5,thanks happy costumer support
5,good
4,ji mere se inhone baat
4,good
5,excellent
5,good service executive
5,pls soul problem
5,happy customer exituive
5,good work
5,customer care support satisfy delivery person not okay
5,kindly ensure customers informed beforehand regarding open vox delivery delivery person comes deliver product customer also check fir donot take product
5,good
5,good
4,thank
5,good
5,amazing part shopzilla customer
5,thank
5,bat kr ke bahut achha lga
5,greet
5,well good mam
5,good
5,best
1,customer care number apna
5,service good
1,worst customer care not help actual problem
5,good
1,shopzilla poor service
1,slow service shopzilla
2,bvm
5,good
1,happy
5,please show customer support numbers connect fast
1,plz check call recording
5,good
5,thank sir
5,good job
5,good
5,nice
5,please keep check delivery person
5,thanks lot
5,good
5,connect time less
1,please return money take product
5,please resolve issues helpful reach customer support without hassle
1,bad service shopzilla not help also shopzilla exicutive playing game customer bad service
5,good
5,good
5,relieved much getting connected talk customer support person listened clarified many things respect issue hope addressed issue clearly senior citizen 76 year old tension stress issue noticed installation team yesterday feel bp coming slowly normal thanks
5,nice
5,everything resolved time thats 5 star thanks
5,please make system otp based delivery compulsary
5,good lady happy support frendlyness wish next support call divert
4,good
5,thank sir
1,shopzilla lost customer care control no issues resolved days
5,awesome
5,good
5,good
1,time taken not recieve proper resolution
1,issue not solved
3,fix replacement issue
1,biggest problem nothing updated even call customer care not know anything
5,overall satisfied
1,customer care ko full access milna chahiye vo hi problem slove kar ske
1,last order shopzilla
5,excellent service
5,
5,good work
5,ok
1,shopzilla technical service condom
5,good
1,problem not resolve
5,add chat option also contacting customer care
5,good
4,trying add options causes return like damaged product delivered wrong items delivered issues solved without needing call customer support everytime
5,good feedback
4,everything good sometimes executives formal takes 10 mins talk take 4 mins formality talks
5,good work
5,thank
4,nice
5,customer care good response
5,network issue
5,amazing shopzilla
5,nothing
5,thanks shopzilla approval complete
5,nice
5,good
4,hye
1,see product delivered incorrect refund amount take action seller
5,tu
5,customer service veri nice happy
5,first order grocery items not delivered yet thank u shopzilla bad service done shopzilla
5,ok
5,order cancellation shopzilla told customer telecomunication upfrontly
1,shopzilla poor company
5,good
5,good
4,best
1,shopzilla chutiya hai
1,timely product delivery
5,nothing happy service
5,best
5,good
4,problem still unsolved
5,overall good
1,stop business
5,executive good behaviour must promoted
5,wish repeat person
5,good
5,happy
5,good
5,nice
5,good
3,convey ware house regarding shipment delivery given time line
1,order id date 05 09 2020invoice date 06 09 2020pan not showing website
4,basically improve thesource information poor executives atleast answer not go beyond able see solution problem people dont know howwill solve queries
5,one best customer executive interacted tq shopzilla keeping executive like
5,5
5,delivery agent disappointed
5,achhe se bat ki h mere problam ko handal kiya good
3,bad issues refund
1,problem not solved
5,please check quality send product
5,overall good
5,thanks
5,service good pls refund money
5,exlent
4,good service shopzilla
2,good
5,good
1,not resolved problem pelese resolved problem
4,shopzilla customer helpful issue product
4,please add option contact customer care executive phone call app improve bugs glitches app smoother experience
5,executive professional polite despite not well trying give best
5,thanku mam nice day
5,good
5,fast delivery
5,no
5,okye nyc
5,customer care executive awesome service
5,5
5,good talk customer care
5,happy
5,satisfied
5,hope call attend immediately next time
5,sir best suport
1,bad
4,good knowledge
5,thanks
5,fully satisfied
5,make policies flexible improve ease reach customer support
5,thanks support
5,good
1,resolve tickets without actual issue resolved pathetic service
5,good
1,not shem products
5,nice
1,dispoint service
1,problem not solved
5,cute voice
5,good
1,not solution complaint
5,u2026
5,aapka dukan achha hai
5,good
5,humble behaviour
1,unable deactivate shopzilla pay later account
5,ms handled query like pro mind blowing executive support
5,good
5,good
5,nice happy
5,good
5,happy
5,pleas provide customer care services regional languages telugu people unable talk english hindi
4,good
4,customer support good good behavior
5,happy
1,shopzilla pay latter resion account immediately relise shopzilla pay latter
5,kr
5,tnx
5,happy
5,naic
5,overall good support ensure customer instructions met delivering orders
5,resolution slas based highlighted issue
5,thank
5,not happy last purchase
5,god
5,good
5,hamai bhout acha lga shopzilla pe shopping kar ke
5,good
5,good
1,technicain visit unsuccesful times
1,gift card no use
5,also allow call alternate numbers
5,thank
5,good
5,thank
5,good
5,good
1,garbage app executive
5,intent resolving customers problem
4,good service
5,thankyou much
5,nice helps
5,make flexible otherwise shopzilla osm
5,thank much
4,good
5,good
5,conversation good polite
5,nice way talk customer service executive
1,poor service making fool customer
3,nice
5,good
1,worst experience not recommend using shopzilla anyone using marketing gimics fool customers
5,good behaviour executive good person
5,good
5,thanks
5,please resolve issue soon possible
5,good
5,5
4,good best
5,clear wallet related payment issues
1,fraud
1,shopzilla not good work
5,good talk customers
5,make customer care accessible
5,okay
5,thank
5,good
4,good
5,good
5,great conversation team give good reason safety answer not getting last 3 month great job thank
5,nothing
1,didnt solve issue careless staff
5,everything perfect
5,help fulli call
5,good customer support
5,good
5,good advice
5,custmer care services good
5,first time experiencing way talking coustomer beautiful shopzilla
5,customer support executive humble
4,good experience talk support team
5,accidentally lost shopzilla box product box accessories one executive told not returned done anything another one told returned know happen please try make someone return product somehow shopzilla box please huge request
4,check product sending
1,please improve delivery boy behabhior hurts many time u imagine delivery time 9am till 10 20pm receive order till really shopzilla shame u
5,good
5,mera problem ka quick solution
5,excellent
5,good talk customer executive
5,problem solve
1,product replacement return
5,happy instant response
1,time quality product purchase bad poor qualitythe product get different product purchase
5,good work mdm ji
5,thanks
1,worst service ever
5,nice
5,good
1,not provide ditails
5,good
5,happy
1,not happy purchase
4,order delivery not deliver declare date delivered next day give future date 4 5 days ahead not acceptable yes suffering promise somebody avoid giving dates delivery say delivered xyz time simply wasting time spending one hour daily follow shopzilla order delivery work falling guys
5,nice
5,good
5,good
5,good
5,show solv
1,shopzilla team thief take orders deliver
5,good
1,no response
1,poor
5,problem not solve no unblock options
5,good
5,good
5,shweta quickly resolved issue kudos
1,bakvas system
5,good information
3,consultant could ordinary customer support would not sure empowered escalate something beyond scope yes job well
4,hi
5,happy
1,received one product place two one product also damage
1,jab tak mera picup done h mai koi feedback nahi dunga aur picup lene usne misbehave h mere sath picup ap uthaye refund provide karaiye
1,mam mera product delivered nahi hua 17ko hona tha abhi tk nahi hua
5,emi pe multiple products shopping karne karne par emi par kya effect aayega iss par detailed information chahiye aur iss par flexible policy banaiye thanks shopzilla every shopping order
5,good support
5,good work
5,good
5,ok
5,make policies flexible reaching customer support easily
5,awesome
5,sure product dispatching
5,best customer support
5,good
5,good
1,nothing variable response
4,please resolve customer issues priority basis
5,customer care executive not sync issue discussed executive repeatedly insisting wrong delivery date even reminding correct promised delivery date talking issue delivery bicycle ordered telling aristo plastic kitchen container executive wasted precious time shopzilla company also
1,pathetic service
1,boor customer care
5,good customer support
5,happy
5,excellent lady side polite nature proper understanding problem due cuteness readiness god bless
1,delivery agent company image
5,thanks
5,rtyrd
5,ensure ease reaching customer support
5,good
5,good
4,good communication
5,give better service flexible rull
5,good communication
5,good talk
1,executive spoke told need 500 extra coins redeem 500rs worth coupon purchased 50 supercoins already finally ordered no extra coins deducted change mind not order product due less supercoins
1,poor low level customer care service tendency deal less cost put shopzilla pit history like flaws like call center operations late pickups poor technical equipment work home practices fatal shopzilla times come
5,please improve return policy
5,kajal ji se bat karke bahut mera problem kiya hai problem solve kiya thank kajal ji
5,excellent
5,good quality customer service representative
5,excellent customer care executive polite attitude effective communication skill
1,worst service given team
5,good
5,good service
5,haapy talk executive birrliant
5,good
3,matter linkage firstly speaking one executive call comes rectify number executive asking thing customer unable trace discussion made one complaint shoud handled one person secondly without consent customer declaring issue resolved site worst method people following
5,nice service executive
5,excellent
1,unhappy buying shopzilla
5,please cheque retailer product delivery
5,customer care executive attended v v helpfull polite call shopzilla many time today executive v v good pls inform executive also perform like particular executivethank
5,good service
2,pickup boy not picked return product colour not matching received product returning pack intact pls needful pick earliest
5,good service
5,nic job
5,third call first two executives couldnt give solution call disconnected abruptly
1,no capacity resolve problem
5,thank
5,please provide details time call hold times needs reduced time option
1,shopzilla sucks
5,lovable miss
4,need improve delivery
5,nothing
5,give proper support raise strong action fraud dishonored employees shopzilla types cases try help customer giving immediately solution
5,ok
5,nice interaction
4,check issue not able solve completely
5,good service
5,thanks shopzilla
5,good polite person knowledgeble
5,nice
5,k
5,verification personnel created confusion offered 500 retain damaged product outrightly rejected damaged product no use kindly initiate appropriate action
5,thank
2,cheap things first show get super coins u things things super coins not coming scam also take evidence things otherwise would love show right shopzilla cheater related policy
5,nice
5,nice person
5,customer support excutive humble polite helped efforts
5,friendly conversation
5,good
5,nothing
5,nice work thank u
5,thank mam
5,good behaviour
5,nice
5,issue related banking probably reach sbi improve service anyways good service shopzilla
5,nicc
5,talk good languageshe try resolve problem
5,thanks
5,efficient polite customer care executive best interaction helpful understood problem patient resourceful professional well spoken eager help make quick resolution possible
5,excellent
1,bad resuletion
1,painful
2,read complaint
5,thank
5,good happy
5,pls not sell fake products loose reputation
5,nice
5,try deliver product delivery date delievery delay due issue mention shopzilla app via sms try deliver time
5,excellent
5,two time payment regarding issue
4,customer exicutive good company policy helpfulness product delivered poor quality no return policy product order colour different please solve problem
5,thank
1,showing fake offers cheater
5,return policy delaying days
5,good
5,thank
5,fully satisfied order
5,please make policies better
4,pls solve issues instant
2,not adequate support
5,nice
5,nice costomer care support
3,please keep refund option return time
5,good communicator
5,thanks shopzilla
5,happy
3,shopzilla need improve order quality policies
4,good
5,hope hear customer executive
5,helping agent nice customer
5,helpfull conversations
5,good
3,please something sellerfraudulent activities
1,4th time year guys gave chance escalate issue improve services else shut business ams sit home
5,excellent
1,product cancelled without permission
5,good
5,gald talk
5,defective
1,reduce time process
5,unhappy say u bcoz day order product item amount deducted order cancelled issue day know hope refund amount soon
5,love shopzilla
5,good customer support
1,issu not resolved
5,5555555hu
5,happy
5,customer support decent
1,not support shopzilla customer care hope customer face issue
5,nice
5,thanks sir
1,never buy anything site hamesha warranty kel liye ghumnate hai disgusting service not refer anyone tu buy ur site
1,everytime raising new complaint not solving
5,really good service thanks supporting
3,
5,good
4,give information pay later policy cancellation
5,5
1,super coin claim not showing confirmation
3,delivery partner not making call delivery pathetic service shopzilla
1,worst experience shopzilla
5,good person
5,please cancel matter pass order no delivery no cancellation fraud
5,good
4,badiya hai
5,nice
4,shopzilla services poor
5,good talk
4,good
5,bahut achha
5,helpful thanks
5,good
5,good work
4,nice
1,please give refund amount upi link account
5,superb interaction
5,no comments
1,wrost experience using e commerce website ever
5,
5,no suggestions waiting product iphone 14 plus able give suggestions post delivery
1,angry service shopzilla
5,excellent
5,good
5,glade customer care
5,good
5,good job
5,good service
5,fully satisfied shopzilla
5,although not pitch csat still resolution mark laudable resolution expected
5,good
3,mujhe ye return krna hai
5,thanks
5,good
1,agent promised connect senior cut phone 2 minutes
5,thanks
4,good
5,good
5,good
5,customer executive supportive love
5,good
5,improve voice quality
5,nice talking
5,osm
2,bad habit
5,totally satisfied problem solved ok
5,
5,good response
5,good
5,vvvvv good
1,not good
1,call cx support return product ensure already raised request return call 23 confirm wait till 26 product returned call 27 said help way definitely escalate social media
1,poor
1,not happening
5,good
5,srk bindki
1,closing company
4,good
5,happy customer care service
4,complain yet get resolution
5,plzz help
5,link 1 account multiple email addresses phone numbers makes login difficult also grocery delivery bad
5,good conversation
5,good service
5,nice
5,customer support achcha hai
5,thank u muchhh sir great help literally great help much careful towards customer much satisfied th help thaku muchh
1,every one not ask true chiting customer
5,ok
5,tanc
5,no
2,issue not resolved despite assurance provided agent
1,customer support bad
5,nice
4,voice not clear
1,worst ever experience
5,achha tha
5,good
5,speaks much works late customer much patience yeah thankyou
5,nothing
5,thanks shopzilla team
5,nice
5,a1
5,mai jankari saubahut santosht ho
5,customer care service good
5,nice experience
5,improve return policy
5,ery good
5,amazing
4,need improvement good
5,thanks
1,thanks
5,thanks
5,good
5,thanks product delivery
3,competition superbuy please raise standards
5,customers spot
5,excellent
5,good team leader service
5,best
1,customer care not understand issues always told company rules months customer care support time solve issues careless facing
5,good
5,hii
5,thanks understand issu
1,nahi huaa resolve nahi huaa
5,thanks
5,good
5,good
1,bought tuf f17 shuts plug placed replacement not return per pathetic policy it闁肩儤甯 崺妞ゆ垼妫勬俊绌 week not received replacement product called customer service say visit near buy service centre even though e service guy came checked product sealed said getting product soon done job sent doa letter issues confirmed
5,really nice talking shopzilla assistant genuinely tried help
5,excellent
5,reduce delivery time maximum 3 days
5,good talking solve issues
2,difficult reach customer care
5,5 56e 15
5,thanks castomar care
5,thank
5,goos behavior executive satyai recommend shopzilla appoint employee like satyathanks
5,pl solve logistic issues asap
1,worst customer support
4,happening time either product ar missing wrong product delivered
5,provide option direct contact customer support service
5,nice
1,bad
5,not able use super coins always show not delivered pincode please solve make easy connect customer care services
5,good speak
5,bahut achcha bhav baat karne
5,not cancel orders without costomer permission
5,no
5,thanx
5,thank
5,one call salution thats would like see future
4,tq
5,cute seriously get number whts app
1,no support customer service
4,communication good not solved problem
5,nothing
5,excellence service
5,tqq
5,thanks sir
5,thank much
4,good
5,good experience
1,defective piece shopzilla committed fraud ordering product 10days refund policy showing 7days replacement policy stitching not working properly thread breaking continuously not able stitch clothes trying lots settings also not resolving shopzilla not helping way screenshot refund cancellation also invoice return policy not replacement policy
1,not issue consultant entire process messed trying fool people not issue consultant one fooling people
5,everything seems good
5,okk
4,thanks
5,exchange option every products
5,best person
5,good
5,good
5,thanku
5,u not apply delivery charges delivery charges refunded
4,thanks
4,good information
5,good
4,no thanks
5,nice
5,ok
4,good
5,good
4,brought tempered glass rs 750 inferior quality non usable
5,good
1,mudhe par gor nhi kare hai
5,want say q regular customer pls see matter serious mannerthank
2,not interested
5,satisfied ur customer supportive
5,im happy
5,beautiful voice man
4,good community
5,food
5,service good
5,happy thankyou much
5,thanks response
1,not happie
5,
5,good
1,serious issues response process
5,plz add call support feature app
5,communication customer service good
4,zhhsususdgdg
4,good
5,open packet policy phone try implement electronic scam cheating happens electronic items
5,nice customer executive
5,nothing
5,nice
5,nice
5,customer executive name great person great experience talking
5,baat
4,help get parcels refund pleaseand lady talk really good communication skills
5,aap se baat kr mera return aap apne send se kosis kr dijiye ga plzz
4,good
1,not getting correct response ua customer care executives
5,good
5,please products cross verify product order product delivered photo
5,please provide customer care number anyone share issue directly executive
5,nice
5,good person
5,good
4,happy
5,exilent
5,not happy injured throught ur product
5,make sure agent call voice could heard without echo
5,thx shopzilla
4,good
4,solving issue backend team must contact customer clarity
5,no comments
5,happy customer support executive
5,nyc
1,mickel ekka
5,good experience
5,good
5,imtyaz
5,thanks
5,helpful
4,delay grocery not acceptable
4,kk
5,
5,first thank shopzilla costumer service 3 5 minutes talking u slov issues u sir
5,got good support thanks
5,happy
5,satisfied customer support executive executive helpful able understand issue gave clear instructions resolving issue
5,good
5,really polite person good talk
5,osm
5,good
1,bad job
5,please per concern make new policy dilevery excutive
5,good
1,nice
1,
1,bohut bekar sarvice h frod h koi policy h
5,baar baar problem aayi ki glat product receive hua aapki side se koi response nhi bad service
5,good support
5,good
1,poor
1,yes
5,good
1,customer not cheat
3,please replace mobile
5,happy customer sport thank shopzilla
5,thanks mam
5,not happy
4,try resolve soon possible
5,good
1,unhappy customer service
5,good customer support executive useless company executives solve simple issue
5,thanks helping
1,plz help problem till not solved
2,customer executive ordered no 5 shoes exchange instead 2 5 size
5,good
5,good maan
5,good
5,valo
5,good
4,make invoice available app
5,excellent service executive shopzilla work return pilicy
5,thank u much
1,poor service
4,really happy fir consent agent
5,shopzilla best
5,good
5,tekyu aapka
5,good service
5,excellent
5,good
5,customer support service nice
4,yad
5,thanks lot helping within minute
4,please resolve issue
5,good executive
1,sounds problem
5,please open offline centers shopzilla
5,good
5,loved nothing say
5,good
5,5
5,nice
5,like cod please option cob please shopzilla
5,well
1,try register complain sellers denying warranty policy
5,good exicutive support
5,way talking sargam mam awesome
5,v good
1,wrong information given customer service
4,helpfull support
4,
5,5
5,thanks
1,not responding
5,good helpfull
5,nice
4,se pahunchayen cancel hone ki samasya ko
5,help customers reach sellers directly case wrong damaged product delivered
1,not good
5,thank sh
5,good
5,good
1,disappointed cut call middle conversation supposed send warranty one assist fire safety email hung phone
5,
5,good
5,kindly resolve issue early possible
5,good jon
5,good
5,thanks
5,gooddddd
5,thank
5,reduce time return refund
5,thanks shopzilla
5,good customer care executive
5,thank
5,substantial system noise consultant speaking may system issue time shopzilla consultant repeat several times
5,feedback customer care not shopzilla
3,not satisfied product need return
5,good
1,tnx
5,happy
5,thank much problem solved i闁肩儤甯 崺妞ゆ垼妫勬俊绌 happy thank shopzilla
5,good
5,good respond
5,coustomer care good problem not solve tym coustomer disappointed
1,not good service
1,worst app full frauds
5,nice talk
5,good
4,please pack right item secure delivery process
4,please not cheat customers wrong policies
4,solve query hurry
5,really appreciate issue not resolves big issue
5,happy
3,pay later no working
5,veri good
2,providing best customers care resolve order paid order not confirm
1,need improve customer care executive knowledgeprovide full basic description product
4,good
5,disappoint purchase satisfied customer service
1,bad customer support
5,awesome experience shopzilla
5,thanks
5,no appreciate ur support
4,awesome
1,shopzilla cheater platform
5,help support executive ankit humble person trying best resolve problem thank much
5,na
4,please solve problem soon possible
5,mam superb resolving problems
5,problem solve
5,superb interaction support executive
5,good
5,nice voice perfectly experience handle customer nature good
5,good nice talking costumer supporter
1,not support proper
5,thank u shopzilla agent
1,product not product
3,please provide specifications product advertised
5,happy
5,good customer service
5,trouble every time facing system error pz work
5,bahut achcha karke
5,everything good nice person good behaviour customer support
5,ok
1,worst experience inordately put call hold
5,good
4,please confirm product order
5,help centre good
1,repair microwave oven
5,happy
5,v good
5,super nice meet
1,poor costumer service
5,excellent
5,thanku
5,nice
5,good work
5,ok
1,nice
5,good app like
1,executive slow understanding problem
5,nice services
4,good
5,rahul
5,good
5,thanks
5,2good
1,worst customer support
1,shopzilla extend resulation date not resolution provided nothing
4,thank
3,
5,longer waiting period orders
5,thank shopzilla support
5,thank
5,no point charging return fee product delivered not correct first place
5,good working jisuperrr
1,customer executive not helping customers said please wait wait bought tws delivery date 26 aug product not delivered till 27 aug executive said please wait product ptahatic shopzilla
5,good
5,less nice talk practical work produces result time
5,nice talk shopzilla customer support
1,per samasya ka ho raha hai shopzilla forward
5,awesome
4,nice man
5,refund
5,thank
5,good work n best wishes
5,no
5,nice
5,customer representatives friendly nature service awesome thanks shopzilla
5,suppliers harassing last two three orders please careful
5,problem communication due network issues
5,good
5,good
5,nothings
1,charging 5 handling fees unable cancel order disgusting
5,executive really helpful really appreciate support thank
5,nice
1,query still pending times call disconnected putting hold
1,useless not ready compliant
5,nice contact support
1,please options delete orders history us
5,
5,thank shopzilla
5,thank
5,achha
5,5
5,tnq
5,nice
5,yes
5,good
5,excellent
5,dear shopzilla team
5,v nice
5,great say using shopzilla
4,hi
5,good experience
5,good
5,customer executive whim talked really polite put effort resolving issue thanks resolving issue understanding
5,nice
5,everything good
5,employee sweet kind thank uh resolving problem
5,thanks costumer sports
5,badiya giod
4,try solve problem customer
1,bigef badhiya
5,good person thank muchh
5,ache se samjaya thank shopzilla
5,please provide products time
5,provide contact number not switched
5,customer care support order related problem thanks
5,good behaviour helpful
1,worst setup many complaints raised no responsei
4,try add options app talk higher authority directly time serious action done related delivery agent without hastel
1,chor
5,nice talk customer executive
1,platform taking much time solving issues kindly request make policy flexible trustable rating 10 0 1thank
5,thanks
5,excellent
5,missing itam
5,return take placed yet
5,ok
5,nice talk
1,policy clear
5,things good yaaaa good enough
5,yes
5,excellent performance
5,good support shopzilla
1,charge nahi le rha h
5,good
5,good
5,good
4,thankyou much
5,better
1,certificate tide not good like way understanding
5,customer care mam polite solve problem effeciently
5,good
5,better
4,happy
5,recurting people company
5,reduce return good add clear pic images better clarity actual product condition closing pic missing commercial
4,good
5,muje bohot ke customer supporting team se bat karke mere taraf se 5
1,call dropped no solution provided
5,fill better talk shopzilla excutive thank much
5,experience
5,good
1,please return order refund money whatever get return pay soon possible
4,shopzilla customer care service good help
5,
5,good
1,thank sar
5,please check product package proper
4,wrong items return accepted immediately delivery open box
4,good
5,interaction customer support executive excellent explained everything thoroughly satisfied
5,customer support executive behaviour manner speaking good
5,ok
1,change attitude towards customer not slaves never try make fool
5,completely satisfied customer care service executive
4,good
5,shopzilla return policy irritating wish not buy anything shopzilla superbuy myntra even meesho service far better shopzilla
4,good
5,like mazaa agyaa thank resolving problem
5,good customer care service
4,problem not associate fk process service associate not connect delivery agent delivery agent not pick call nobody reach also customer not know delivered wait 9 9 pm
5,thankyou
5,pik lijiye
4,good
5,thankyou
5,simply reach towards customer support
5,make gift card every product sorry thanks
5,name change
1,bad service
5,good support
5,nice
5,good
5,thank
5,happy
5,good
5,good
5,good
5,thnks
4,kindly take care customers convenience
5,good communication
1,poor
5,thank siryou great
5,good
5,excellent
5,issues not resolved
4,ok improvement required
5,aacha
5,thank shopzilla
5,quantity limit increased atleast 3 aata allowed ordered
1,first change voice tone harsshly speak confused answers
5,good impressive divya mam
5,not give defective goods customer
1,quick action
5,awesome service customer care
5,5
5,noce
5,good bahut say baat ko b say like
5,thanks helping
4,ruturn time
5,plz take action type seller thankyou
5,happy
5,good
2,no thank
5,good
5,please make sure seller providing right stuff really bothersome go return product process becouse seller scamming us
5,excellent
5,customer care executive proffesional good behaviour helpfull person shopzilla service worst not shope shopzilla
5,give authority customwe care executive solving problem customer
5,happy
4,nil
5,mam bahut achi h uski sallery bhadha diniye
5,good
4,excellent
5,good saport team
5,thank much sir
5,ok thanks
5,good behaviour
5,good
1,third class service shopzilla seller hsa retails making fool customers sent used shirt unpleasant odour no price tags also shopzilla defending fraud sellers restricting comments real reviews third class service shopzilla
1,worst service totally disappointed
3,learn superbuy customer centric
5,helpful conversation executive highly satisfied time effort given resolving issue
4,ok
5,nice
5,directly contact honi chahie phle ki trh
5,avilable good f
5,good combination skil
4,please change delivery support team shopzilla another delivery
4,excellent
5,execelent
4,satisfy
1,not solve problem
1,it闁肩儤甯 崺妞ゆ垼妫勬俊绌 days query hasn闁肩儤甯 崺妞ゆ垼妫勬俊绌 resolved yet long customers wait
1,still got refund
3,no
5,kindly include malayalam language well
5,problem time
5,happiness
5,shopzilla banned garud seller
5,no contact number email mention customer care portal difficult talk shopzilla customer care
5,good
5,
5,good
1,pathetic dont idea resolving cases giving sme information already showing shopzilla app not single executive knowledge resolving case every executive says please wait time much time resolved providing one date already given app customer gets irritate talking absolute talking nonsense one thing would mention every time person picks call explain case study everytime no ownership solving case acting puppet nothing else please something better customer support close window additional cost company sorry
5,good talking thank u much
1,still issue not solved
4,thank
5,gud
5,no
5,excellent performance
5,solve problem easily
5,satisfied
1,costomer care bihaveyear not good
4,good
3,help
5,nice customer care support
4,good not solution issue
1,dont whow solve problem fdrop call
5,good
3,technical issues related network took long time resolve
5,nothing
5,ok
5,good
4,good
5,thanks
5,reduce tym solve issue
5,good
5,good
5,representative solved problem thanks lot
4,no
5,good
1,poor service
1,query resolved asp
1,need help regarding order not delivered status showing delivered kindly request please help
5,good
5,no feedback everything good
5,nyc
5,shopzilla company good delivery boy language bad order not pickup
5,inspite repeated requests still receiving groceries polythene pack kindly deliver hard case either two parties shall not suffer regardsm r sharma
5,good nice experience customer care
5,plus members replacement policies extra
5,plz ask seller not cheat us
5,good
4,good
5,good behaviour
1,delivery boy not connected
5,jitni order delivery aata utna pickup bhi aana chahiye 4 bar order nhi karna pde
1,person talked provide information untill n unless u gave confidence right wrong enterprises made transaction responsible not person want refund back person talked not responsible company
5,talk customer supporti feel good
1,told issue resolved today refund provided customer support asking proof not told wandering around one month bad experience shopzilla
4,good
5,customer service madam full gauid faithfully support thank
1,sir regarding order 300g chai seeds order placed super coin option came payment part reflected cod option not available whereas beneath product ur app clearly mentioned cod available sought ur associate assistance received call 9 34 one end brought problem notice resolve issue wanted wait 2 minutes waited 14 minutes no response side thereafter disconnected phone 9 48 sought ur associate assistance lady came line repeated problem no help came please look matter needfulregards
5,shopzilla best
5,good experience
5,polite nd well behaved
1,product wrong size send total number 4 iteam receive 2 iteam short 2 iteam shopping next time shopzilla bad service
5,thanks
5,proper action taken sellers fake products
5,talked customer support service mr supportive cooperative
5,outstanding information
4,good resolving problem 31st august 23
5,add replacement exchange option well app eligible
5,na
5,good
5,good
5,pay later service activation activate account
1,hopeless shopping app completely fraud nonsense no return exchange policy superbuy 1000 times better not buying also 3rd class app fraud shoppy product not delivered app marked delivered complained no response government take strict legal action
5,good
1,police complain
5,thank u responding
5,well mem
5,good
5,thanks shopzilla customer
5,thank
5,
5,best
5,support executive great really great
4,good
1,aur kabhi bhi se karunga copy perfect saman nahi milta hai
5,nyc
5,kindly send groceries closed box many items missing time wasting calling customer care refund
5,really nice talking
5,easy resolved issue
5,bhaut aacha laga
5,good
5,nice
1,refund
5,hope query solved
5,understand problem essly
4,disappointed seller product kind unfair demonstration cheating
1,concern ordering product showing date 26 08 2023 delivery successfully ordering product showing date 27 08 23 disgusting going gift 26 08 2023 also waited asked coustomer executive tell delivery person deliver product soon possible unable help biggest disappointment shopzilla not fulfilling details given befor placing order think would not use shopzilla purchasing product needed instantly shopzilla lack logistic service
5,good
5,good
5,ufcutcyrboh
1,policy rigid
5,please reduce time important
4,good job
5,kucho nai
5,good
4,tried many times get support everytime team not able solve problems
1,okay sir problem not solved
2,not understand language
1,worst experience ever never gon na use shopzilla ever
5,good
5,please improve system make customers friendly
5,good
5,happy
5,5
5,thanks
5,good
5,delivery agent answer call fast
5,make easy way connect customer service
5,good
5,nice staaff
5,5
5,excellent
5,good
5,fine
5,ohk vrrerry niceeeing
5,best luck
5,thank shopzilla supporting n nice talk customer service
5,mam helpfull
5,good
1,fake promises given shopzilla team please check staff capabilities customer handling knowledge dilivery date shifted
5,good
5,no
5,provide instant resolution
5,thanks
5,nice customer care support
1,issue not resolved kindly resolve issue
5,good
4,customer care executive mr polite listened understood issue transfered call senior person call got disconnected bqz given 4 feedback 5 please cancel return frustrated issue
5,good
5,good
1,problem not solved
1,coustomer excutive good shopzilla need progress work response soon possible solve coustomer problem
4,nothing
5,nice service
5,nice voice
3,ok
5,overall good
1,bed responsibility
5,nice talking
5,good response
5,polite conversation tried best resolve query
5,help us feedback
5,impressive work
1,issue tyup service centre
1,not solve problem product missing shopzilla not solve problem plz request u solve problem immigeatly
5,good provide
5,good
3,ghe
5,good behaviour
5,good sir
5,good
5,thanks customer support
4,good
5,thanks resolving problem thank much
5,customer support executives behavior soft good
5,good
5,good service
5,try communicate regular customer telephonic conversation make help place order
1,lying
5,nice job bro
1,reached consultant update contact number instead consultant cancelled order
5,polite tried best help although know priority delivery not possible still tried best quality team check give applause least effort towards resolving product really spectacular laudable
5,increase seller honesty
5,muje bohot ke customer supporting team se bat karke mere taraf se 5
5,nice thank love
5,satisfied executive
5,issue solved satisfied costomer care support
5,good
5,no need change satisfied fast quick
4,thank fpr efforts issue
5,nice
1,
5,no
5,bhai hamare bhaut badia admi hain please unka salary badao unka thoda khayal rakho unka hai pata lag raha tha please unko thoda rest dijiye
5,please maintain request call back shopzilla customer care
1,product received wrong
5,5
5,thank
5,best
5,thank sir
5,thanks u shopzilla sopoting
1,pathetic service
5,thank sir
4,good
4,previously customer support complaint wrong description complaint raised
2,please avoid business sellers not loyal customer
5,good
5,good phone call
1,
5,good
4,products cash delivery unavailable payment wallet available cash delivery payment wallet
5,improve call quality
4,good
5,super
5,thank u
5,please delivery exchange size soon possible
2,difficult connect customer support connection established not supportive attitude shown towards problem unfortunately
5,customer service really brilliant hope problem resolved
5,good
1,worst e seen long 1 month taken resolve issue no concern team back end team reached issue kindly look matter customer care members saying concern team reach raised complaint
5,good always happy ad every time thankuu make life easy
4,hood
5,customer care executive toooo good supportive
5,product installation date 25th unable get installation time even not getting assistance shopzilla never recommend purchase high value product shopzilla
5,problem solving question
4,nice person
5,love aap alot
1,representative trying avoid issue asked transfer call higher authority executive cut call saying trying transfer call not goingthis not acceptable handle customer like thihigher authority needs audit call
5,customer support
5,no problem
5,good issue close one call
5,good
5,good manners nd treats beautifully
5,thank karan sir
4,good service order lat dilevery
5,good behaviour exuctive
5,wishing bright future
4,explained well thank
5,sellers penalised delivering wrong products ordered 1000ml water botlles received 750ml water bottles
5,good
5,good executive behavior good
1,customer ko time ak product wo baar baar customer care mai call rhe kuch smadhan no hai bus aswasan se nahi chalta hai kam
5,
5,good service
5,thank mam
5,big hassle returning products coz sometimes products never shown picture
5,duplicate product dont send
5,good
5,5
5,nice work
5,
5,good
5,good person
5,tx coustomer care executive
5,issue resolved
5,provide option person resolve problemsthank
5,bhai ka nature badiya
5,okay nice
5,no thanks
1,query get registered customer executive neither complaint get lodged
4,ok
5,happy customer support
5,excellent
5,good
5,good
5,improve qualities products
5,please addthis delivery adress
1,noise wotch still not solve 9 date 27 date still not solve dely dly date no give riplesment not rifund shopzilla frod
5,understandable
5,
5,good talking
5,good
5,good response customer support executive
5,nice guy
1,tried 17 days refund still get inspite many call executives
5,please ensure shopzilla delivery partner make sure no given delivery agent get connected easily
5,make offer transparent one get easily claim
5,good
5,nice
5,wery good
5,hope escalates issue promised
5,product delivery not fair
1,atomic coll cut
5,help current issue please please help
1,trouble instead getting help no solution giveni requested return order return policy cancelledplease provide solutions
1,actually ca not wireless product called deactivate pay later account person handled call good terms response transferred call another person lot voice disturbance waited response almost 3 mins disconnected call least could called issue not yet resolved expecting call back issue not yet resolved completely network issue call not expected
5,thank bhai
5,helpfull thank bhaiya
5,good
5,sirtoo good polite sincerely
1,issue not solve
5,no
5,fast service
3,nice
5,satisfied solution person providing solution feom customer support team genuine helpful person
5,
5,support exicutive helpfull
5,good behaviour
5,thank
5,supportive
5,good
5,gud
5,nice metting
5,good
1,order shopzilla
5,good
4,good
5,increase support villages
5,want 100 please refund give mean lot thanks exicutive
5,good response customer care broo product bad quality
4,please one step superbuy
5,solve problems soon possible u look like lightly
5,done really great job great help thank much
5,hope not getting solution
1,not good service
5,highly recommended everyone deal shopzilla
5,issue solved
5,wonderful boy
5,happy shopzilla
1,no happy customer care
5,nice experience customer care talking friendly nice within 10 minutes solve problem thanks customer care man also thank shopzilla
4,agent repaeting thing ang really pissed services gave 5 causd atleast responded call back
5,good
5,good
5,no ok
5,shopzilla custember service alwys good delevery boy bad behavior totally bad please improve delevery boy behavior wise shopzilla custember left online shopzilla thorugh shopping resone delevery agent miss behavior
5,nice customer service
4,please provide open product check
5,veri nice
1,costomer service like good
5,good
3,3
5,share direct number reach support team
5,customer support best
4,valuable conversation
5,excellent
5,good customer servicekeeping
5,good job
5,good
5,verify product price accept upload price
5,nice
5,good
5,sale consultant polite helpful possess excellent knowledge job well understood issue solved expected satisfied also assured best services shopzilla thank shopzilla appointing mature lady make shopping experience delightful
5,nice supporting nice talking
1,bad product
1,going uninstall shopzilla
5,delivery partners response improved
1,bad team bad experience
1,sach bad service exicutive shopzilla not helping anymore
5,good
5,nice
5,good service
5,not good
5,good
5,best
4,kindly customer response time
4,ok
5,delivery process smooth transparent
5,good emformesion
5,nice conversation support team thanks alot help
1,shopzilla
5,good
1,
5,nice ta
2,shopzilla delivery poor false updates upon not reaching customer location
1,delivery person behaviour bad
5,thank
5,good
5,nice
4,please add option delivery service grocery
5,kam se kam samay problem solve krne ki
5,nyc
5,good
1,issue not resolved yet 10 days
5,thanks
5,customer service good
5,delivery person not good customer care always helping
4,outstanding superb shopzilla costomer sport puja great
1,query not solveshopzilla scam
5,nice service lately satisfied
5,thanks
5,nice
5,good
4,good
1,poor quality service well delivery boy misbehaved no one help
5,thank shopzilla
4,order mesing
5,updated policy mentioned website
5,frtyyyyy
5,no problem
5,customer care service good genuine great women thanks shopzilla customer care please solve problem
5,nice
5,good
1,thank
5,bot aasa
5,overall happy issue solved executive
5,good
5,resolved issue good communication
5,thanku
5,good support
1,delivered right product
5,thank
5,every time shopzilla customer executives solve problems
5,consultant polite helpful
5,ok
1,worst service
5,provide delivery boy contact number also
5,thank u given support
5,good
5,delevery boy time lagts bllta
5,thnx
5,customer care executive enough knowledge solve issue really mentally harrass customer
4,thank help mam
4,no
5,good
5,thank
5,please return money
5,product issues airpods headsets please provide appropiate options return refund
4,om
5,customer
5,osm
4,yes
5,good working
5,super
1,customer care executive put call hold not talked directly rejected call
5,good knowledge owsome behaviour provided proper information asked get promoted
5,good talk executive explained well professionalism
5,add exchange return policy
1,missing packaging
5,good
5,thanks
5,kindly request deliver order today
5,thank helping payment issue
5,thank
5,happy
5,not going shopping shopzilla future return fee 75rs apps not taking charges loyal customers
4,sometimes delivered wrong products
5,educate courier agents correctly inform customer issues regarding returns instead informing customers not accept return no brand name printed product even though no brand name written anywhere product even shopzilla website images
5,wish orders not delayed much possible
5,good excilent
5,good understanding
5,thx
4,fast solution
4,nil
5,good person
5,good
5,nice explain
5,thank shopzilla
5,good
5,happy thank sir thank shopzilla
5,executive well informed well mannerred heart decent conversation keep
1,fraud company
4,resolve problem
5,good
5,sir totally satisfied side thank u much sir
1,worst
5,good parsion
5,5
2,not done anything
5,kindly short family problem due product thank
5,thanks helping
5,bes
5,
5,good
1,shopzilla company frord company
5,issue return product refund
5,good
5,good people
3,good prr order pura kre
5,executive good person
5,nice
5,good
5,excellent
1,not mentioned
5,good
5,nice
4,good
1,shopzilla not good plz superbuy used sequrity charge apply many products extra amount charged
4,
5,thank
5,provide customer care support number app website
5,thanks
4,costmer cair exicutive good rispon
3,1st call didn闁肩儤甯 崺妞ゆ垼妫勬俊绌 connect voice heard
5,hmmm
5,no comments
5,please complaint delivery men ganshyam yadav
5,good
5,check issues self instead waiting complain
5,give power
4,good
5,good communication
4,festival comes one last moment get replacement time please check kind wrong items delivery
1,haaaa
5,nice
5,talk good
1,refund problem
5,fake product local brand
5,good
5,great job customer care executive
1,issues kahan solve e complaint resolve kar dete bahut bade bale kamine
5,super customer service exicutive got really satisfied guidance support thank much
5,thanks support
5,god
5,thank shopzilla kind services
5,nothing
5,shopzilla customer service good
5,happy
5,goo
5,staff understand queries supportive helpful
5,okay
5,taking bit time resolve issues reduce time duration resolving
5,good
1,want return order telling return policy not thr possible items must returned
5,good customer support provided customer care executive
1,much upset issue remain unsolved 10 days
5,best features
5,yes
5,nice
5,thank
5,good job
5,good
5,good experience though executive lady talk polite friendly thank
5,good
5,good
5,good
1,customer care team not solve issue
5,bahut acchi ki hai aur problem ka bhi reply diya matla happy b samchyea hai
5,resolved issue talk politely thanks
3,please make sure slove problem soon possible
1,dont like
1,wash
5,good
5,customer care executive helpful talking politely
5,good conversation
5,call karna
5,nyc
5,bhai promotion dedo inhe ceo banado
5,thanks sir bat karne ham thank much sir
5,proud executive customer support
5,person know name fabulous job serious honest work flib proud working company due reason left company definitely hire send good blessing dearthank
5,good
4,nice
1,worst service provide shopzilla
5,thanks
4,send update status properly
5,solve issue soon possible
5,good customer care supporting nice helpful person thank
5,super coin expend full detail provide like thatpatym 300 coins rechargeshopzilla 420 coins purchaging
5,customer support good
5,thank much sir
5,supportive
5,gud
1,0 star
4,good
4,nice
5,yes good resolution provided customer care
5,problem solve quickly try
1,shopzilla deliver wrong different order correct order made customer back end team not working properly
5,please provide toll free number soon possible
5,good job
4,please test product start shipping product please provide working pair earphone waste time end ask replacement deliver
5,good
1,whatever time given within time not yet resolved automatically open issue got resolved state without resolving issue
5,great
5,thank u
5,please bring easy way connect customer care support
4,add invoice change options
5,nice job
4,good
5,dilevery boy noise ka product muje jb muje hi nhi write product tb mai kaise dun apne app sea please help teem mere papa muje pr stik hi stik padega please help teem
5,good communication skills
5,nice experience
1,not satisfied
5,helping
5,good
5,best
5,good
5,effective manner
5,good
4,im happy
1,no solution last 10 days
5,happy
5,happy resolving problem minute rate 5 issue not conform resolving not say 24 48hours slove problem thanks
5,hapy
5,tq sir
5,every thing okay
5,respond us especially seniors
5,excellent
5,like service getting
5,nice
5,good
5,need information customer avoid courier partners delivery boys related issues also needs provide delivery preference time slot provision
4,mera grosary time par mil chaye
5,good
5,bahut achha ji
5,good
5,make rule return order delivery agent could not cheat fraud customer
1,please increase warranty related services team
5,nice service
5,thnku shopzilla team help wish good luck
5,good
2,delivery boy pickup call time say get away
1,call multiple times still not resolved
5,good
5,shopzilla customer support great
5,nice person
1,worst customer care no idea ai far better customer cares
5,nice approach communication nice appreciate
5,thanks
5,amazing experience
5,thanks allllllllll team members rn thakur
1,executive no information issue worthless employee u2019t even listen query knew one word u201c sorry sir u201d pathetic service logistic customer care team shopzilla
5,good experience
5,polite person
5,shopzilla shoping expensive lowere middle class boy cheap
5,understand shopzilla excutive
4,improve delivery part fridge still not delivered call executive good nothing happening ground level
5,nothing
5,exp good feel nice talk executive
4,teem
5,good
5,damage bedsheet
3,product missing packageplease refund
5,thanks
5,please enquire punish person tried send pre opened phone packet customer
5,good
1,not proper knowledge
5,good
5,thank
5,superb customer service
4,hope case resolved soon b grateful u
5,good
5,helpful solved problem easily
5,please resolve issue asapthanking
2,product not delhvery sadfuly
5,good
5,thank
1,customers need support kindly try provide directly saying no customers u2019t find helpful requested deliver day u2019t small thing support u2019t expect support means trying help customers better way
1,rep mrs sana no knowledge talking provide information must trained properly common sense answer
5,supporting parson polite nice girl
5,thanks
5,super fast delivery thank much
5,nothing
5,yes
5,good joob
5,customer care number easy way reach every u2019t chat u2019t smartphones maybe chatting knowledge
5,
5,nice customer care
5,hiii
5,thank
5,fine resolve problem
5,like behavior executive
5,good performance
5,thank help
4,good
5,good
5,nice
5,shopzilla customer care one best honest person respect
5,
5,thank
5,please give option delete order history
5,please return additional item given return order pick
4,good experience
5,kindly arrenge invoice copy pdf format shopzilla application site also
5,good conversation
3,good
5,nothing
4,nice product replacement chiye
5,ha
5,good
1,disappointed shopzilla
5,good
5,good
5,thankyou much quick customer support
5,brtter
5,nice
5,send refund amount asap
5,good
1,poor customer care
1,customer support holds gone without solving issue
5,thanks
5,good
5,nice
4,try display genuine authentic quality product customer
5,good
4,not got discount 1500 payment mobile
5,please provide earlier resolution
5,easily solve problem
5,excellent
5,thanks
5,improve app quality not show wrong delivery information
1,sir product missing package
5,aapko contact karne ka syastem thoda bada hai
1,make false promises not single resolution given
5,nothing
5,great
5,customer care support good
5,bahut accha
1,hopeless policies not customer friendly
5,problem not resolved please look matter
5,love best
5,thanks
4,thank
4,jldi delivery kia krea
5,excellent
5,good
5,good
5,everything goodph
1,please resolve problem
5,thanks much
5,done
1,good spoken
4,thanks
5,nice communication
1,no problem solved product
1,shopzilla company bad
5,provide direct calling option product
5,good
5,thanks vishal great day
5,good solution helpful costumer service lam happy
5,good
5,satisfied
5,thanks
5,fully satisfied thanks shopzilla
5,good
1,retuirn
5,excellent
1,problem not solved
5,nice customer care support thank shopzilla
4,keep
5,nice service
5,
5,impressive employees
5,good
5,thank help mam
1,fake supporting u2026
3,good
4,good
1,hopeless policies not customer friendly
5,feeling happy
3,mujhe apna order
5,happy shoping shopzilla
5,please resolve issue soon possible
5,good
1,customer care not talk properly
4,good not bad
5,good manner behaviour executive support problem smoothly clear thanks shopzilla
1,making fool last 1 week
5,customer executive behavior outstanding
5,nice
5,customer support awaited
3,product icon 3 display liling
5,good
4,nill
1,quality product problem not solved poor service customer care support
5,good
5,happy shopzilla coustomer
5,good
5,excellent customer service
5,request team ease policy reach customer service executive call option customer service directly implemented asap
5,good
5,thanks
5,thank
5,5
5,need change policy
5,happy
5,always technical error seeen
4,please make 7days pick policy clear case exchange ordered mobile exchange opting 7 days pick not showing order detail kindly clear accepting order customer must see exchange details order summary
1,not understanding problem
5,great behaviour issue resolved seconds
5,awesome sarvice
1,bad support
5,thanks
5,good good eccilent sarvice thank shopzilla bihover good thanks everyone
5,thank help matter n politely friend speaking customers thank
5,excellent support customer care executive police n sweet voice would love interact
1,good
5,thank
5,no
5,good
5,good
5,company culture positive way direct report learns new skill direct report comes inputa direct report feeling burned outa direct report shows skill improvementa direct report proposes great idea direct report models company core values noticeable way
1,ple
5,give customer care executive good raise understands well
1,nice
5,good customer service
1,bad agent help
5,vert intellectual girl
5,thank
1,delivery slow
1,please sarisfy custamer
5,tq
1,bad services bad support team not resolved 30days
4,thank
5,make executive like
2,shopzilla check fraud selling ex seller mentioned nib compatible apple products kept no return
5,excellent
1,vary bad service
1,solve customer problems
1,problem not resolved
1,query not solvedwithout solve call disconnect
5,smartly
5,vary good
3,good
5,thanks support
5,nice
1,bad support
5,12345
5,good job
5,thank much
1,mode no
5,v good response
5,nice
5,good
4,no comments
5,not auto cancel return request
5,customer care good
3,please solve issue
5,good
1,solve problem
5,nice
1,bad service shopzilla no response ordered product still 8 days delay superbuy batter service shopzilla cheap service
1,no resolution complaint 20 days good customers leave
1,corrier boy not come home deliver
5,excellent
4,yadav
5,good service
5,couster services vary good
5,good interaction
5,good
5,good
5,mam voice cute
5,good
4,please see delivery agent delivers intact product service people kids pick product verify damage product delivery person
1,
5,delevery needs improvement
5,good supportive executive
5,payment refund time limit
5,please solve problem asap
5,thank
1,not satisfied not cancel order not not give order going consumer court not deliver order cancel order without permission
5,aap se baat kar ke bahut achcha thank
4,need return policies
4,customer support executive not able understand problem instantly customer support executive no variety knowledge regarding problems request fix
5,good customer support talk politely takes many time solving problem
5,no
5,thanks informationvery polite talk
5,thanks qualitative extraction
4,ok
5,
4,not mention wrong information
5,good
5,thanks problem resolved
5,certifies
5,two months problems not solve
5,plus membership give u suggestion reduce time taken delivery time refund
5,please follow issue
5,pending eccue clear
5,good
1,understand customer problem say understand problem help
1,worst quality
4,please help product damaged please refund money
5,please solve problem
5,good
5,nice
5,thanks
4,nice police
5,ok
3,good
5,delivery time long
5,5
5,no
4,good discuss
5,good
5,5
5,best
5,small items like mobile accessories not cross checked purchasers please ensure provide shopzilla suggestions purchases avoid buyer seller conflicts
4,want parcel asap today know peoples please process fast
5,thank solving issue
5,make ur buisness strong
5,fault seller end customers suffering
5,thanks
5,executive knowledgeable aware work
4,not responding properly regarding return policy
5,no
5,keep telugu language also
5,helped
1,1st worst experience years relationship shopzilla also service industry thereby helping numerous customers flexible way today left problem unresolved lost years trust genuine customer finally shopzilla unethical battle loyal trustworthy cuatomer
5,good experience shopzilla executive
1,want slove problem customer become cheats
5,good reps like
5,u toll nice u00e0m happy thanks u sir
5,easy eco friendly website app
5,good
5,good
2,never buy shopzilla
5,done customer care
1,want return product
1,shopzilla impose cancellation charges cancel orders mental harrasment due delay service say sorry
4,try answer question staight forward things good
5,good
1,poor service
5,please change kashmir headquarter delivery head unprofessionals shopzilla lose alot customer dont work
4,suffer seller default tired pathetic service shopzilla please provide refund take faulty product
1,chor shopzilla
4,nothing talk
5,like behaviour customer suppotive way talk
5,excellent
5,nice behaviour
1,customer care executive sitting washroom
1,bad
5,make sure contact number provided hp printer working condition past 3 days try contact number gets disconnected automatically resolve
5,thanks
5,fast helping
5,nice customer supporting
5,thank
5,coll
5,
5,thank much
5,good
5,good service
5,good
1,totally ridiculous
5,nice
5,expected delivery promised abided
5,veri good
5,thanks
5,great knowledge share
5,nice behaviour talk good
5,
5,good
5,good girl
5,service good
5,customer support ka option app kahi show nhi krta hai bahut dhundne pr isme sudhar ki jarurat hai
5,helpful
5,thanks
5,shopzilla help full apps
5,speaking customer nice
5,executive talked recently polite nice shopzilla service worst worst customer centric organization worst company worst policy eed changed
5,every thing best not complete
1,not setisfy service request 100 times resolve issue give dates last shopping shopzilla really disipointed cheap service
5,ok
5,good
5,nice
5,customer care interaction time consumed
5,good
5,happy
5,impressive
5,good service
5,ok
5,product already arrived nearest hub delivery option not enable forwarded faster delivery
5,good
5,nice girl nd understood prblm satisfied name ranjeta think
1,deleting flup account
3,good
5,super service
5,good
5,good
5,ok
5,nice
5,yes
5,thank mam
2,iam seeing checking order thats customer support also tells nothing else also give exact solution question order
5,perfect
5,adequate number regional language speaking executives
5,good
1,fulfill demand
5,thankyou help
5,encourage genuine sellers
5,make easy return parcel came broken damaged already
5,thing good
5,good
5,thank customer service
5,good behaviour
1,bad service
5,make sure resolve customer issues within time frame block sellers kind negligence
5,order please today delivered
5,thank customer support
1,aap log scam kar rahe h
5,aap mere ko bahut help iske thanks
1,not deliver order accepted request today sad never purchase item shopzilla poor services
5,good customer executive
5,introduce quility products
5,good customer service customer support
5,nothing
1,cut call poor knowledge bahavior
5,good
5,plz refund
1,costomer care services poornot supported costomer care crevice
5,thank much support
5,good communication solved problem
5,good customer support
1,shopzilla ki return policy bahut cheap
2,
5,good
5,ok
5,excellent
5,happy
5,good
1,totally bad service customer care executive cut call
5,thanks
5,nothing
5,vary helpful customer service
5,nice
5,good service
4,thik hai
5,reduce time resolved issue
5,great providing prompt resolution
5,good
5,good sport shopzilla team
4,no
1,cheat customer
1,im unhappy shopzilla policy
5,thaks
5,happy talk customer agent
5,u2019t delay
5,gud
5,thanks
5,keep
4,nice
5,good
5,happy support executive hope always continue hope time problem resolved
5,provide customer service calling available chat
5,good talking experience resolve problem executive
5,good
5,product received fake
3,improve image
5,good
5,delivered wrong product
5,happy
5,good
2,loyal customer shopzilla using shopzilla regularly ordered many products shopzilla trying access shopzilla pay later since 1 half year still get pay later customer support saying less orders account issue not resolved need shopzilla pay later account immediately please resolve issue
5,good
5,nice talking
4,good customer executive nice unhappy shopzilla services provided nd application working slow look getting irritated open aap
5,plz provide defective product
4,good behaviour
1,bad curior service
5,thanks
2,tell executive talk language chosen customer
1,bed selars
1,executive not product knowledge
5,nice
5,nice recommendation
5,nice service
5,good
5,best luck
5,good
5,good behaviour
5,good person
1,bad experience
5,nyc customer service
5,nice costumer
1,waste time contact customer care
5,good
5,nice
5,har bar color size defferent aata hai oder usse koi na koi defferent aata hai size colour please order replace order iteam received
1,bad
4,good
5,excellent images resolve problem thank much
1,bad coustomer support not given proper information
5,awesome beautiful manner thanks
5,exeilent
4,good
1,problem still not solved
5,yes
5,nice
5,thank u
5,every order refundable
3,sad
1,shopzilla inflating prices gon na buy big price products shopzilla anymore future unfair practice shopzilla
5,thanks dear representative sir
5,good fast response system far issue resolution see
4,hello
4,good customer service
5,thank
5,loves products customer service good
5,nice
5,abid
4,thanks
1,incident product still not delivered complaint lodged 22 aug still no solution please god sake could refund money tired speaking
4,need immediate return
5,keep growing enjoyed every time shop
5,nice feefback
5,best service
5,good
1,wahiyad bilkul bhi santusht nhi hu
5,thank shopzilla
5,good
5,mam concert issue ensure issue resolved
5,thanks
5,nice talk u
5,kindly help resolve issue
1,bad
5,thnx
5,time taken much
4,reduce time issue solved
1,poor service installation still pending 22 days spending money no use cheating shopzilla
4,ummid per delivery
1,bullshit service bullshit customer help undelivered orders marked delivered no resolution done months never going shop shopzilla
4,customer recieved wrong bad product place order return request policy must flexible take action cheater seller spoiled prestige reputed shopping site think first quality must check shipped
5,bahada cha
5,nothing
5,nice
5,good
5,good
3,provided wrong information
5,person talked polite nice also please include share whatsapp icon feature products exists make visible find thanks
5,anders seins problem
5,good
5,satisfied
5,good
5,exllent
5,humble
5,good service
5,good
5,still communicate no resolutions
5,excellent work
1,
5,good
5,good communication executive
1,return
5,costemer service awsm
3,authority shared major complain ceo level officer regarding delayed mis address details
1,problem created wishmaster delivery end neither approaching customer nor receiving phone called must take action wishmaster defaming shopzilla services
1,good
5,nice
5,reduce time product problem issue costomer
1,please focus exchange policies issues
5,good sujhavo
5,helpful friendly customer support
5,ka samadhan hogya
4,satisfied
5,best
5,nice help
5,thank sporting
2,not happy
5,nothing
5,good support
5,ha soloson dediya hai
1,bkvas
5,good behaviour
5,thanks shopzilla resolving issue definitely shop
5,nyc
2,delivery please check expiry date quality product
4,make arrangements adding product order
5,excelente
5,sar se baat karke achcha
5,good support customer care
4,kindly give option cancellation delivery
4,good
5,good
5,shopzilla superb customer care service thankyou
5,good job
5,please improve delivery process thank
5,good
5,thanks
4,almost good date not told
5,thanks
5,customer service good
5,good service
5,everything good
5,good mam
5,like communication ways
5,thanku
5,displayed even seller not item please check customer problem
1,try not make customers stupid start accepting fault not make customer pay mistakes end
5,call supporter executive 4 times disconnected calls last able call thankful man raise issue
1,shopzilla fake
5,good
5,talented
5,cknchh
5,think customer care also improved company
5,thank much concern please look matter earliest thats request
5,good behaviour
5,
5,plz solve problem
1,plus member suffering even date product delivered
5,kindly make clear bold note product required
5,thanks
1,rocking roodly
1,worst service shopzilla
1,shopzilla show orinal product send duplicate product customer support say sorry not help cheating not happy shopzilla
4,b
5,customer complaint regarding issue shopzilla responsibility take strict action issue facing delivery issue many times complained no strict action taken shopzilla today also facing problem please take strict action suspend fire job
5,thank help
5,overall experience interaction customer support executive nice helpful
4,improve seller quality
5,everything good
1,no service provider shopzilla
5,thank
5,good
5,help full
1,good
5,request directly resolved app
5,nice talking
5,no
5,please help customers short period time
5,nice
5,solve extra charge demand deliveryman display lessamoint giving excuses extra charge
5,no
4,whatsapp service
5,thank
5,thank
4,
5,send mani
5,nice talk
5,super
5,office staff good field worker need improve like delivery
5,good conversation
5,good behaviour ur executive 10 10
5,thnx
5,nice
5,good person
4,want resolve problem
5,best
3,resolved issue fast possible
5,check vendors delivers incomplete order gives status fully delivered customer know seller knows shopzilla incidences defame
5,politely talking trying solve query good conversation thank
5,thank
5,good
5,good
5,ok
1,polite conversation
5,nice
1,worst experience ever
4,improve response timedecrease call hold timeimprove time resolve query
5,nothing else
5,take hard action seller regarding issue
5,good behaviour
5,long time pacecse 3 4 month bad experience
1,every customer order valueble customer order not delivery time customer loss recovery
4,good
5,good
5,best
5,good
5,love
4,nothing good
1,bad services bad support team
5,
5,nice
4,need improve terms conditions
5,happy
5,unable change delivery location please resolve
1,women tae 15 minutes time 10 minutes still weating unhold ask question cut doy tha phone bad customer support
5,nice talk shopzilla service centre
5,good
5,thanks support understanding regarding concern please let delivery persons know never insult anyone even bad day always mind know others going control emotions little careful understand today delivery person insulting health issues knows might bad well words really hurts anyways thanks timeyou blessed day shopzilla team
5,bad
1,meri payment bahut let ho gai return hone mein
5,nice
5,thank
1,dear teammy issue still unaddress countinue following last 15 days no one potential resolve issue disappointed see service level customer executive superior team everyone given wrong communication issue resolve still unaddressed bed experience shopzilla e
5,good
1,consultant talked seems know english
5,good customer care
5,resolve problem
5,good employee
5,
1,make sure payment not gets failed frequently make sure information available application website customer information available agent assisting user
2,good
5,nice
5,good
5,thank
5,goog
5,goo
5,customer service good satisfied 5rating
1,need improved delivery person behaviour
4,please refund product
4,nice
5,good
5,cool
5,tnx
5,nice
5,good respect understanding complaint definitely asset team
5,happy
5,hii viru babu
5,make open box delivery video necessary delivery man
5,excellent
5,nice
5,thanku sir
1,despite app reflecting return eligible not able returny product pathetic service
3,happy
5,nill
5,ji ka good behaviour achcha helpful vyakti hain clip agent
5,good
5,shopzilla pay later possiblenot available
1,ordered rakhi unfortunately receive wrong
4,please send order quick possible
1,3 agents none aware running plus premium membership plus member really disappointing
5,best
1,order delivery expect 2or 3 day long days delivery worst please keep immediately delivery ok
5,good
5,helpful understood query well provided quick resolution thank
5,thanks
5,dear sir madam customer would like inform shopzilla orders always issues seller product received damaged please request take verification products end customer customer care face problem waiting call solving issue bcoz seller mistake start small process verification picking product seller save time rest good thank muchyours sincerelydhiren panjwani
5,nice
4,please remove fraud sellers sends wrong products
5,exlent process
4,thank
5,excellent
5,good
5,please resolve issue asap
5,good customer service
1,service not good
5,good
5,want discounts sale
5,
5,happy
5,chirag sir communication skills know handle difficulty situation customer easy way
5,xyz
1,bad support
5,jffm
5,nice one
5,nice
1,bad experience
5,
5,nice person
5,good
1,issue not resolved despite several calls
5,satisfied resolve issues customer support executive thanks quick support
5,na
1,bad experience
5,good
5,nice talking costomer
5,super
5,friendly costumer service shopzilla customer care service agents
1,executive shopzillashared wrong communicated escalated issue reality return cancelled due serial number mis match not fault initiated return proscess due ineffecient customer service executive advance payment prpduct circumstances not accepted bonafide customer shopzilla type action shopzilla not appreciated
5,thankyou
4,app nike deal 50 going e 28th aug 10 morning recieved update subscribed along 7hrs sale live yet no offer product page
5,good
4,fine overalll
5,customer executive sweet supportive
5,nice
1,
5,good
5,everything fine keep going like good job shopzilla contact helper
5,ok
4,make policy flexible
5,good
4,customer service better customer problem not solving properly last time issue facing
4,nothing
5,thanks
5,good
1,return order 7 days replacement cancel please give refund take order
5,good
5,goood
5,good job
5,good service
5,happy
5,no thanks support providing us stress free online shopping platform
4,thnks
1,wrost service
1,not happy disappointed buy produect shopzilla bought many thing response not like unhappy shopzilla
1,stop making fool consumer
5,bahut acche se baat kiye meri problam 45 dino se resolve nahi hui
5,good
1,nothing superbuy way better
5,liked coustomer care service received answer questions
4,good day plzz best reach order tomorrow
4,thanks
2,issue not resolved
5,excellent outstanding good etc no words please subscribe youtube channel od majnu gaming
5,best customer service
1,chihn
5,thanks sir
5,thanks service hope muly issue get resolved 72hrs delivery master accept return
5,thanks
5,no
5,nice canvassing
5,
5,
5,feeling good customer care one best communication skill appreciate
1,issue not solve reference giving invalid still refund not insisted account bad 2 weeks worried refund no response shopzilla think giving 5 feedback
1,list possible deliver customer
1,bad
5,beri good
5,good
4,phone exchange pickup policy bad easily corrupted bu pick executive
5,executive divyanshu really osm solved problems quickly really like thanku divyanshu well shopzilla
5,good customer executive
5,thank much mam
1,worst management looted delivery missing product never buy anything shopzilla last purchase
5,thank much
4,nothing else need fast delivery
5,please ensure logistics well
5,good
4,good
5,friendly helpful person
5,good
3,aacha se hamse baat kya aur mera problem ka koshish kya
5,good
4,good conversation executive customers not good delivery pick services
5,yes
5,good
5,good
5,features customer support section like superbuy
5,good
5,overall good
5,helpful
5,good
5,good
5,thank sir
5,cooperative
5,add home button screen near cart button easily handle app
5,helpful
5,ok
3,good
5,no comments
5,happy
5,5
5,thnkq much family solve issue
5,happy
5,good communication
1,still no resolution fake promises
1,customer support representative need training customer satisfaction issues resolved
5,good
5,good answer
5,kindly proved direct tollfree number
5,nice
5,customer call good spek
5,nice satisfied
5,thank customer support
5,nice
5,great customer service
5,best employee ever thanks alot sir
1,hi
5,good
5,no
5,good
5,nice
5,excellence
5,na
5,three days return period pls make 7 10 days like sites like superbuye three days even rec night day count size small waste money order
5,good
5,thanks
5,good communication
5,everythink good happy
5,good
5,good boy
4,call service good
5,thanks ji
5,good
5,
5,good
5,prove option notify shopzilla items not delivered
4,please look matter already harrasment item
2,good
5,wow
5,good
5,nice
4,tq
4,good
5,late connecting shopzilla customer care not option quickly contact
5,good
5,good
1,ui outdated
5,thank u
1,receive myrefund
5,good
5,good
5,nice
5,change logistics team please
5,no
5,develop bengali language customer service easy regional communication
5,good response customer care not clearing problem
5,hi
4,ok
3,call back process tedious
1,recently purchaged many items month not receive single supercoins many times call customer care issue not resolved
4,nice
5,626477
1,good service
1,no resolution problems
1,shame u shopzilla customer care
5,nice
5,cery good voice talking
3,thanks aditya bro guys best world
5,happy customer exicutive
5,
5,yes
5,wonderfull customer support
1,returned received product product not returned far please neeedful soon possible
3,like
5,good service
5,good
1,order cancellation
1,worst service tried somany times not received proper update
5,super
5,generous
5,nice work
5,good
5,good satisfaction
5,nice work
5,service good
5,thank much
5,no
5,excellent customer service
5,thank
5,good
5,nothing
5,strongly agree
5,happy customer support shopzilla
5,problem solved
4,thank much dear shopzilla
4,happy
5,good maners customer service
5,good working happy
5,bahut hi acche tarika se baat kiya
5,nice
4,thank
5,thank solving issue great polite communication thank
5,good counsaltent
5,good
5,good
4,plz quality improve filipkat produckt brand
5,provide complete detail sellers reached
5,nice
5,good customer service
5,verry good
5,good communication skills
5,nice
1,nice
5,good
5,good
5,good service
5,good
5,not good service superbuy provids customer
5,yes
5,thanks shopzilla
1,bad delivery quantity less received talk customer care return date longer
5,thank sir
5,good suggestion
1,call disconnecte not resolving issue
5,14 days issue resolved yet
5,good
5,good
5,non return policy product product delivered defective duplicate totally fake shopzilla find seller verify not allow sell defective duplicate fake product health related product
5,customer care executive solve problem good feedback
5,wonderful girl nice behaviour happy
5,no
5,good thanks update sir
5,
5,happy
4,issue no resolve
4,ok
1,not received order marked delivered bad experience kindly refund money deliver order
1,bad
3,product retrun issue not solved sad
5,
5,ok please check delivery deliver product optimised
5,nice
5,swati helped solving issues
1,poor
4,brand item shopzilla delivered wrong item please collect ignore disturb customer time attention please
1,please resolve problem
5,nice support shopzilla
2,get money account disappointing shopzilla
5,shopzilla customer service amazing supporter cool thank shopzilla customer serviceand call service man deepak sir thank much
4,maybe find better solution explanation late deliveries
5,thecustomer executive try solve problems
5,good
5,good
5,thank resolving problem
5,information good knowledgeable process also giving ifromation currently
5,santusht hai
5,good
5,guy humble polite
5,no
3,good service
5,good
5,nice behavior
1,issue unresolved n top call back not made call got disconnected
5,thank u executive
5,best service
4,strict protocols approve supplier ensure ethical business practices customer concerns reduce case stupid supplier sent less quantity
4,pls make right delivery customer could not face unnecessary issue
5,no
5,problem not solve aswasn pura h
5,please deliver right orders
5,customer excutive job
5,good communication
1,not problem not resolved
5,satisfied
4,good
1,product recieved not fitting car customer care representative says not eligible reason return
5,nice
5,simplify rating process
5,mast
5,thanks helping
5,well
5,good customer care
5,please restructure dilivery promise dilivery patner tell lies make hell moment pretend make decision cancel order time please make dilivery agent strict delivery time make dilivery given time otherwise definitely cancel order delete shopzilla app never suggest anyone order app loss not think honest coustomer
5,nice
5,emi automatically set without customer awesomeness notice properly manage shopzilla
5,also good
5,add regional language
5,thank help
5,good
5,good sarvesh
5,helpful
4,could unblock pay later
1,cancel products without customer concent worst service shopzilla
5,good
5,sir nice
5,good
4,ii
5,good
5,thank
4,yes
3,including local language languages not local language contact customer care support
5,customer support executive best working helpful
5,excellent
5,okk
5,nice
5,thanks
5,good
4,people getting scamed platform please take action take strict sellers like customer care extremely polite understood problem help
5,thanks
5,complaint twice time solve problem third time time return expired working
5,happy call care
5,problem solve kariye ji
1,ghatiya helpline
5,order ho
5,kindly resolve issue
5,good behaviour
1,fed service regarding shoes ordered no justice still
5,wish wrong product coming talk customer manner solve sushi problem not solve job thank much one sir helped lot solving problem pray product come right else money refunded please
1,please try help stop dictatorship
1,still not received order per schedule no meaning providing delivery dates unprofessional services
5,good
5,good
5,good
5,nice
5,happy service
5,na
5,keep great work
5,nice
4,thanks good person
1,try resolve issues customer
5,good
4,doubt soul
5,good
5,refund
5,glad
4,good
1,delivery agents not good work
5,thanks sir
1,updated making commitment
5,ni
5,12345
5,support executive polite humble supportive
5,try insure dilivery partner make least call customer cancell order
3,watch details manufacture
1,bad service
5,nice explanation
5,food
5,good parfomo like madam please contact
1,seller cheating customers improve satisfaction customers
1,unable cancel order
5,nice
1,dont want product back want money back
5,pls resolve sooner
4,shopzilla account blocked
5,good
5,thank much sir happy talk easly slove problem
5,100
5,fully satisfied
4,mast hai
1,not satisfaction
5,good service
3,good experience
5,nice service
5,good response customer care
1,never trust shopzilla
4,good
1,shopzilla faltu bad service haipaisa khata
1,shopzilla worst
5,good call
5,rong product
2,want right help requested not convenient offerings accept
5,
1,service bad
5,please enable chat option pls misplace things last moment literally shopzilla banned
5,
5,thank
5,customer support executive nice behavior
5,excellent work
4,support r good problem not resolved
5,happy
5,agent nice person
5,good communication patience
5,best
5,u2019t issue
5,customer executive good professional polite knows problem helpful throughout conversation return refund service shopzilla know first time facing issue tell good bad order canceled automatically itslef
2,coustomer service good
5,good service
5,nice
5,good
5,kotak 10 credit card discount big saving day 4 9 august shopzilla not given discount not accepatble never buy anything shopzilla hereafter
1,mera product kharb nikala koi solution nahi vv
5,nice
2,make service secure
5,nice
5,customer executive polite good behaviour want rate 5
5,call comfortable
5,please check product delivery get wrong product request return product rejected request called customer support request activated customer care see happen tomorrow
5,happy communication support
5,good
5,mat
5,th
1,no no manufacturing date no expiry date bad quality
5,nice person iam happy employe
4,please inform customer advance return fee charges
5,nice
5,thank
5,happy solve problem
5,good
1,poorrrr
1,delivering service bad
5,good service
5,pay later
4,teach delivery partners talk politely customers
5,nice
5,thanks
5,phone bill box not available
5,ok
5,nice
5,happy
5,bahut achha
5,good
5,nice response shopzilla customer support
1,delivery boy helpless
4,good service
4,hope solve soon
5,good
5,overall good experience
5,happy customer support executive
5,nothing
5,thanks
5,
5,ni complain good
5,god
5,okay
5,thank
1,bad service
5,good
5,nice
5,no
5,ok
1,bad service
5,thank customer care
1,worst service shopzilla scammed time
1,emotion need respect
5,good
5,customer support effective prudent also improve availability customer support executives
5,thanks
5,please solve issue
5,full satisfayed
5,nice gay
4,please take strict action fake sellers
5,good person
5,dear complaint rasie previos customer care agents no image share replacement order created 29 08 2023 agent complaint rasie images share shopzilla explained
5,good 5
5,nice good
5,good experience
1,
5,ok good
3,first time bad experience shopzilla agent not bad not convinced effectively next time think switching superbuy thank
5,favourite online shopping app please break trust
5,badiya sarvice
4,grocery delivery stopped pin code fully dependent shopzilla grocery
5,super
5,thank much sir
1,please make email id something consumer directly contact seniors everytime new executive everyone views every time senior person busy many times consumer satisfied executive no options complaint discuss seniors problem not resolved satisfied resolution no options available complaint
5,comfortable customer support assistant
5,good costumer service
5,best ever experience fabulous supporting guy
5,care executive
5,
5,vare nice
5,liked talking customer products important no better marketing
5,shopzilla good shopping app not happy order itom missing
5,please dalivary faster please name please mame
1,not solved problem
5,hello
5,ok
5,resolve payment gateways issues
1,got defective watch not replacing refunding told go samsung service center also wasted time
5,nice
1,lied
5,nice
5,no
5,
5,want executive no please share
5,thank supporting please track fastly
5,good service provided customer service executive thanks
1,senior customer executive not listen query properly cut phone call not help not fault fault seller end
5,would helpful delivery agent also supportive customer issue
5,extremely satisfied castomar care executive behaviour supported concernbut disappointed delivery boy done bad behaviour many time cut calls asked come place recive order ask 700rs cash exchange phone many time disappoint shopzilla delivery boy attitude also
1,bad shopzilla carvice
5,ok
5,good work
5,shopzilla sarvis
5,good
5,consultant good query taking much time already 10 days guys still want wait 10 days
1,customer support actual solution make customer fool nothing
5,
5,right
1,bad service
5,good
3,good
5,no thank
5,amezing person best guide
5,nice
5,make chat available customer executive calls get connected time
5,hame shopzilla ke sath aur yah bahut behatarin hai
5,plus member avail membership benefits
5,good
5,best
5,good
2,not shopzilla
5,5
1,service not good
5,v good
5,thank
4,update faulty information shopzilla application
5,good
5,excellent service
4,reason issue share customer
1,executive not able deliver corrext information ordered wired headset told press bluetooth button left hanging call several minutes not happy
5,thanks dear
5,nicely tackle problem
5,jam happy talk
1,bahut bakwas company h esse koi v order mat lena help support bahut hi kharab h
5,ys
2,language telling customers care support
5,thank much
5,good
5,good
5,nice
5,nice job shopzilla
3,good
5,good supported person
5,return policy
5,good
5,good
5,ek necessary action seller receiving complain frequently causes inconvenience customers not good
5,issue solved good
1,whoever said lied
4,good
5,good mam
5,good service
5,nice talking mam happy thanks mam
5,good
5,good
5,want refund
1,please explain open box delivery customer reach campaign
4,understand customer point view
5,5raiting
5,ok
1,order resolve issue
5,nice
5,good help
5,costomer care agent good understanding
1,selling products shopzilla assured not even seller addresscontact details shared also unusable
5,good
5,happy us
5,good
4,1st got call mr venkatesh poor conversation sent call request forgot name gentleman got response rating
1,called 4 times 2 times intentionally representatives disconnected call
1,use customer executive atrocious
5,thanks customer care
5,xlent
1,customer issue not resolved
5,good behaviour
3,thanks
5,customer care person personal number
5,nyc
5,osm
5,excellent
5,thanks shopzilla
1,useless
5,no
5,good
5,agent polite gave quick resolution
5,helpful person
5,no thanx
5,thank mam
5,nice castomar cear
5,customer executive point precise help
5,customer support services ie excellent
1,bad
5,good
5,solve problem
5,nice
5,found helpful supported trying give best polite humble
5,nothing
5,good responsibil customer care
5,no thanks excellent
5,bad experience first time wrong product delivered refuses exchange refund amount customer taken granted would customer pay wrong product delivered not expected unprofessional attitude towards genuine customer hope understand customers resolve geniune problems without hassles
4,delivery status could shown easily
5,thank
5,good
5,well
1,share office number local areas delivery agent installation person time person came installment delivery not receiving call nor responding
5,ok
1,almost 2 months passed still cashback not paid shopzilla fraud
5,great
5,thank
5,nice work team shopzilla
5,ok
5,supporters not good helpful us
1,bad experience cal get disconnected
5,1no
5,love sir thanks
5,good work
1,bad
5,na
1,told wait hold 2 minutes kept hold 5 mins
5,good day
5,excellent
1,3 month mere mila h filekert company koi solution nhi kr 2 june se 29 aug h ab police companies kru ga ki company mere de rhi h mere kimti time barbad h
5,good
5,nope
5,helpful
5,good
5,helpful good luck
1,aane ke bad mein bhi koi madad provide gai
5,thanks shopzilla
5,good communication skill
4,good
5,good job
4,thank u
5,thank urgent delivery perpas
5,language problem
5,good
1,issue not solved customer service available problem solved pathetic system
5,good
5,non returnable items return policy case gross violation like wrong product charge vendor mischief like short delivery etc straight no hassle return
5,nice person
1,poor
5,product not delivered somewhere else except hands owner thank
5,call get disconnected must called back concerned exe know details called back customer unnecessary wastage time repeat whole story
1,bad not resolved
5,nice
5,thank
1,customer centric policy policy
5,good service
5,problem solve
1,currently talk one lady unexpectedly cut call side give resolution product please provide correct resolution regarding product
5,good
5,good
5,good
5,stay happy
1,delivery boy kaam time pe nhi krta
5,please provide right products customers first time delivery issue replacement return not happen
5,nice conversationconversation
5,customer service good
5,good conversation
5,iam satisfied
5,good behaviour
4,
5,gud
5,no
5,good
5,experience good thanks vivek
1,products denying pickup
5,good platform shopping
5,think shopzilla quality executives check item ordered item delivered 2nd time got different shoes different brand afterall always happy shopzilla
5,good conversation customer
5,yes
5,update things fastly
5,no
5,good
5,nothing
5,good job happy
5,excellent customer service
5,no
1,refund
5,good supporting team
5,no thanks
5,thanks
5,aapse baat karke bohat acha laga bss aap mera refund dilwa please 6 din ki kamai hai meri bohat mahanat se
5,baat karke achcha
1,miss behaviour
1,review deliver partners
5,good
1,going hold check details till 15 minutes no response longer waiting disconnect call
5,best
5,bahut hi achcha tarika se batchit ki aur baat
4,thanku sir
5,good
1,please provide faster delivery village area
5,good work customer talking nice
5,good
4,resolve concern asap
1,thanks
5,nice
5,good
1,need refund productand want purchase another product shopzilla onlysame company juiceer high end product
5,thank sir provided best resolution time really happy fastest service solutions u2026 spoke 2 3 executives resolved query 1 call 3minutes really appreciable thank
1,order 15august confirm 25 august automatically cancelled seller status show per request order cancelled status seller order cancelled
5,solve problems
5,today not delivered cancel order
5,pleasure talk customer care
5,excellent
5,thanks
4,delivery fast
5,everything good
5,excellent
5,good
5,nice
5,good talking
1,not expected shopzilla face many problems returning defective products consecutively 2 orders trust take years build seconds break return policy changed deli
1,feels cheated paying shopzilla issue not resolved 3 week compliance poor people goest movie cinema paying ticket feel paid getting harshnment
5,shopzilla customer care no talk us patiently nicely
5,
5,shopzilla members issue plz solve quickly politely
1,please complete customer grievances
5,acche se batchit ki
5,delivery time py nahi poch rehay
5,nothing say happie rakshabhandan
5,good help
5,delevery boy behavier bad
5,good
5,thank
1,people give authority customer support team resolve problem ordered canceled delivery partner not receive team told receive money back pathetic need product time delivery partner face issue contact mandatorily customer customer providing cancel order order canceled kimdly implement
5,good
5,good voice executive helpful nature cooperative polite good shift mam thank
5,well explained lovely
5,good
1,itna bhi nhi kyu rakhte seller work e hn
5,nice
5,facing issue bothering decided reach customer care pleasantly surprised swift effective resolution provided team attentiveness problem solving skills professionalism truly commendable rare come across dedicated customer centric team want extend heartfelt appreciation turning frustration satisfaction keep great work
5,thanks
5,good
5,5
5,helpful
5,bed prodekd betray
5,nice
4,please recheck customer receive original accurate product seller not sending original products
5,behavior talk good problem solution easy understand thanks
5,allowing sell defective products esteemed website not good market image cheating customers
4,plz refund
1,wrong product
5,please direct sellers delivere right product
5,good
5,query not solved even touche customer executives consistently daily 20 days no resolution provided end day left no option sue shopzilla
5,customer care representative helpful way entire matter happened unfortunate shopzilla handle efficiently waste time
5,good
5,goid
5,nice talking problem solved less interval time
5,nice
1,new l e damaged 15 days no one listening calling since 10 days no response l e care
5,return
5,good
5,thank shopzilla team
5,send proper product per ordered
5,thanks
5,good
5,ability reach customer support via call quite inconvenient not user friendly
5,please think villagers
1,good
5,bht kam tym ache solution diye tnks
5,got resolved issue hope product rakhi delivered tommorow nice talk nice way talking thanku much
5,thanks shopzilla
5,shopzilla offered thru call purchase complete protection plan cover liquid physical damage work took 45 days repairing phone even take rs 1500 not repaired shopzilla cheated shopzilla not tell pay service charge shopzilla told plan cover things emagins bears scared purchase anything shopzilla appreciate talk prakhar executive
4,everything good need delivery asap
1,customer care agents selectively note issues described 2 issues related product no return policy understand oy 1 noted fixed resulting query marked resolved leaving hanging no recourse second problem
5,best
5,good
5,no
5,seamless
5,no
5,thanks
5,nice mannerd mam
5,good
4,ashi h
5,super best
5,good communication skills shopzilla customer care service good
5,excellent customer service responsable
5,thank help
5,good
5,good not solving problem early
5,5
5,gud
5,good
1,worst customer support ever
5,best
5,good customer support request shopzilla please check delivery much issue promised delivery date
5,awesome customer service
5,5star
5,not able reach custom support first go chat bot multiple times sudden showed option receiving call agent fee shown first go
5,good
1,many feedbacks give u u not anything shopzilla services deliveries also pay later idfc bank also bank mother er bank
5,blacklist dubious fake websites cheat customers
5,fone
5,happy us
5,ok
5,good
3,not sort
5,please timley update query
5,best
5,excellent
1,already 20 days raise complain still not solved
5,thanku solve problem
5,wish different billing address delivary address done superbuy not shopzilla
1,dear team poor customer service shopzilla team pls improve customer service pls request improve customer service regardsgaurav dubeythank
5,nice
5,nice help
5,na
5,nice job done amit
1,not satisfied also delayed order
5,thank help
1,ordered 5 items paid received one item needed help called customer support hear properly please refund money send correct items thanks
1,hate shopzilla send another product nokia 110 2023 instead nokia 110ta 1803ds customer executive not solve issue tell product non already complaint consumer forum grievance successfully lodged docket number know status grievance v
5,accha
1,bad
5,firozkhan
1,bed service order cancel angain
5,thanks
5,thanks dear
5,nice
1,thank shopzilla
4,first interaction good female executive got call fli evening female executive not understanding issue imposing policies frustrated conversation want resolution refund amount asap care damn seller refunded not shared upi app transaction history screenshot first caller female executive blind person also see 18th august no transaction
5,make products refund easily
5,good
5,good
5,nice
5,customer support good
1,no
5,good experience like
5,thanks ur support
5,thanks customer service supporting thanks shopzilla
1,please go conversation
5,happy
5,please allow customers check product receiving issues missing damaged wrong product quite often
5,helpful customer support
5,helpfuli like information order
1,negative remark would given hopeless people u r
5,thank
1,customer suffering
4,no
1,waste service
5,coustomer support mr helpful n polite
5,no
5,good talk customer care
5,happy
5,good
2,ordered tws shopzilla supposed delivered 26th 26th morning get message shopzilla package available self pickup regarding contacted shopzilla support asked ignore message shopzilla next day morning 28th kept getting message back ignored waited order canceled 28th night without asking spoke shopzilla customer care executive comforting
4,not satisfied
1,no
5,best
4,quick fast
5,
5,query not solved might solve 24 hours mr agent shopzilla talked clearly told everything thanku much mr
4,think option customer service contact may displayed chat box better
1,good customer care executive
5,good
1,delivery executive misbehaved woth not get kind resolution side
5,good
5,customer care executives well trained knowledgeable kindly make customers dont harrase cheap policiesthank
3,mail request return accepted saying policy kindly send return reason return not done
5,okay
5,nice help keep
5,plz respond quickly
5,customer us nice
5,everything wonderful
3,display updated information app like live tracking ordersdelivery time late totally upset app customer care duties app developers bad
1,poor types behavier castomer care also call cut talk
5,nothing
5,excellent
5,excellent
4,good person helping
1,far educated speak english solve problems illeterates point view add telugu language customer support make ease reaching customers thank
5,good behaviour customer executive person totally understand
5,good
5,nice person helping nature
5,aap se bat kar ke bhi achha
5,customer support good
1,chutiya banaya ja koi ishu resolve nahin sab 24 se 48 ghante ka samay de rahe hain bus aur hai pichhle 20 dinon se
5,option contact coustomer care executive
1,worst ecommerce ever
1,give refund proper product
5,polite
4,good job
1,please give fast delivery
5,great
5,good talking
5,good service
5,good
5,overall good
4,unable listen properly may bcz network think
1,due mistake people no product customer troubled duty help
5,sir please mera resolution jaldi kare
5,good behaviour customer support executive
2,problem payment transfer issue credit card order cancel plz transfer payment day
5,explain properly regarding open box delivery
5,thank
3,help
5,good help
5,nice good
5,thank
5,agent really humble helpful highly appreciate patience help
1,worst service product want return
5,good
1,worst services ever since
5,good job
1,nearly 13 days still not received grocery products not even able cancel worst customer service even side also not able cancel product giving us fake assurance product come everytime whenever call please refund money compensate well much day delay delivery dont words tell pathetic service also customer support executives giving false commit connect higher authority leaving headphones
5,good
5,excellent
5,product damaged outside home one family members attended product open today found one screw product not working properly wnna replace customer service tell call long time unable process replacement bad behavior talking customer service good talking politely gave 5 5 thank
5,good
5,thanks
4,no
4,no
5,thanks
5,tnx
5,ladies assistant duty 0600 pm mostly
5,ok
5,polite issue resolved
5,good
5,provide good product
5,good
5,update return status real time soon item picked
5,return policy fast
5,good behaviour team best
5,happy
5,good person
5,need implement shopzilla hub contact number along fast delivery
2,received bad product not lavender water 70
5,good
5,
5,good
5,ok
1,trust good shopzilla
5,nothing
3,voice not clear us
5,good
5,nice
5,ok
5,im happy talk ashish nyc wrk good luck
5,bahot hi
5,good
1,dont make fool customers
5,excellent
5,good
1,harrassing customer
5,good
4,good
2,
5,happy wd executive bt upset return fact
5,support exceptional
4,fraud
5,goodgood
5,fgjj
5,nice
5,nice
4,fair feedback provided issue either resolved conclusion drawn matter not immediately raising issue request feedback issue closed
5,delivery service poor days
5,please help dear sir
5,customer executive work well
5,osm sarvice
5,please help change order transportation
1,bakwas
5,good
5,good job
5,customer service executive good solution pending 50 days
5,good communication
1,return order
5,no
5,contacting customer care chat easier
5,super
5,please take action sellers incorrect misleading product description
5,thanks
1,poor management
5,v good
5,waiting
5,thanks
5,shopzilla customer care policies worst rated 5 onlu
5,good
5,reduce time solve problem
2,happy
5,best support
5,good good
5,good
5,customer care service good
1,bed service shopzilla
5,shopzilla take care complaints regarding damaged repaired
5,thank
4,not resolving issue since 5 aug
5,
1,worst
5,please provid faster customer service
5,good
5,good executive ashwani
5,good not helpful
5,psc 8f6pji
4,good
5,nice guys
5,
5,
5,request shopzilla akriti mam appointment customer service thanku akriti mam
5,good
1,no
5,ok
5,happyi give 5
4,good
1,not solved problem slow service
5,good work
3,need product today without failure
5,vivev polite call proper knowledge process product thanks
5,afifa good experience talk made day totally depend get refund not
5,received product late damaged disappointed
5,last boy explained properly much thank u much
5,u2019t issue
1,aderstand
5,excellent
4,good
1,problem not solved
5,good service customer care service
5,thank
1,good
1,shopzilla
5,
5,nice
5,nice
4,
5,representative helpful representative good knowledge
1,issue still resolved 2 days
5,issue slove thanks
4,helping customer needs need help improvise matter not give answers tought
5,good
5,nice helpful interaction sumit
4,good
5,good service
5,good
1,fake shopzilla kar employees siniar
5,nice talking customer care helped within minutes plesure talking shopzilla support keep
4,customer support list nice
5,good
5,nice
5,good
1,poor service
5,nice job
3,deliver product time
5,weriewru
4,nice experience
4,customer care active
5,kindly allow upload photo product received case issue regarding product help chat option
5,good work
4,improve product shopzilla selling fake product
5,customer support executive called humb polite fixed problem like problem way talked gave assurance good much satisfied not fixed problem within second custom support executive like help shopzilla grow hope lot shopping future thank
5,nice guy
5,good
5,logistic improvment
5,thank
1,mane apse ka leya 3 star tabse kharab nahi huva mae retan kar ne ka kiya tha retan nahi huva
5,excellent
5,delivery issue happy
5,good
1,best solution not order website
1,executive rude not resolved query
5,no
1,bad
5,no
5,product shai item milna chahiya
5,great job please keep
5,good
5,nice
5,everything fine
5,good
1,product missing package
5,hdj
5,good
5,issues resolved
5,thank
5,kindly solve issue
5,ok
5,customar support executive farman polite helpfull
4,issue not resolved
5,improve voice call quality
5,meghna madam thank much
5,excellent
5,totally satisfied agent tried solve problem problem
5,currier delivery man details cleary transparent easy delivery
5,good
4,good
5,good
5,great
1,ddh
1,bad
5,take action seller
1,cancel withosol product return money paid
5,best support
1,keep delivery fast
3,anurani horo
5,comfortable quick customer service appreciated
5,hi ache se samjaya
5,happy
5,good behavior
4,good
5,person patient guided well clarity
5,good
5,v good
5,jab order delivered delivery boy ko authority nahi honi chahiye ki wo order delivered show kar sake
1,issue not solving 2 months
4,good
5,thank
5,ok
5,thank
5,nice
5,nice talk feel much comfortable deal
5,happy
5,good customer supporter man
5,thanks quick response politely conversation
5,humble
5,good
5,nice
5,good one mam
5,thanks support team
1,mantena coreare service
5,good
5,happy
5,good mem
5,good
3,not good
5,best customer executive
5,thanks done
4,
3,horrible customer support shopzilla always never satisfied resolution
5,5
5,hell
4,items refund please proceed fast
1,big failer
4,grocery service stopped pin code 621704
5,good
5,nice person
5,question solve customer service
5,good
5,no
5,thanks
5,good
3,good
4,nothing
5,well
1,issue not resolved even know talk
1,customer executive not raised compliant
5,nice conversation
5,excellent performance
5,customer support executive polite cooperative
4,tysm
5,happy talk guy
1,fraud done shopzilla
1,keep words least order not delivered today guys committed not acceptable worst customer service first improve delivery service not game take responsibility
1,no proper sulution receive even multiple follow ups
5,good
2,bad girl
5,product good
4,good
5,deliveri time
5,good
5,thank
5,good
5,helpful
5,good
5,good communication
5,executives great bt pls improve delivery service
5,5
1,15 20
5,
3,fair solution customers satisfaction
5,good
5,excellent talking coustmer
1,bad service
5,customer service boy mr professional
5,ok
5,good
5,thank
5,happy information nice polite knowledgeable
5,please send used copy product
5,im happy costumer service good thank shopzilla team
5,thanks shopzilla costumer care
5,requested please talk like human evey customer care talk like bot things ok
5,good behavior
5,thanks
5,thank shopzilla customer support
5,make flexible customers support
5,solve prblm
5,good
5,easy talk thanks
5,good person convincing skill
1,hey shopzilla please open eyes fix issue customer services customers unhappy services order placed time time sold fake 1st copy product delivery agent behaviour rude point sale profit year year one day company shutdown please improve services feedback genuine customer
5,kindly make process reaching costomer care executive directly
5,customer service good no action trying 20days
1,problem not slove
5,totally satisfied shopzilla
5,customer service good
5,shopzilla app show original picture product saller send local products customers
1,no satisfied delivery time delye slow
5,
5,good appreciate
5,send anything express demand money delivering items
5,good executive
5,nice
5,executive good understand problem give faithfully solution executive voice pretty good experience happy
5,nice
5,good job
5,way talking customer care executive well mannered good problem solving understanding
5,good
5,good behaviour
5,good support
5,excellent performance
5,shafaque polite understanding resolved query quickly hope keeps great things per shopzilla policy pay later disappointing never using
5,bell
5,good service executive understand customer problem resolved issue
5,last interaction nice customer care executive much polite empathetic solution oriented shopzilla need guys like
5,nice nice
1,poor delivery system
5,kind helpful understand query handle angry polite manner gem liked way talked showing concern even apologized things thank much sonia helping know tried best best future samethank much efforts
5,solve quickly try problem
3,delivery always time tried calling number provided shopzilla speak delivery partner no response delivery partner tried calling hundreds times
1,due not interested concern not resolve problem
1,call back request app call back shopzilla speak dont help purchase order product ring delivered need help dont know dont help shopzilla please call
5,please get technical assistance asap
4,people facing problem recieved defective product please make easy refund replacement one thing shopzilla authority resolve issue sides not seller wise customer facing lot broblem customers loosing faith shopzilla
5,give better service nahi koi bhi shopzilla pe trust nahi karega
5,thanks request
5,thanks
5,nice
5,nice
1,lifetime disappointement shopzilla worst customer service no proper information installation date time
5,good
5,
5,saport nyc 5 reting
5,good man
5,thank
5,good
5,super sapott
5,
5,best
5,good communication
1,return order payment slowly
5,ok
5,happy talk shopzilla executive
5,give response customer concern
5,good
5,add faster delivery option
5,good
1,please try actually provide customer support support provided compromise customer favour shopzilla commitment given ordering product exchange amount returned bank account not followed purpose returned gift card ensure shopzilla sale trap customer money not way earn customer trust good
1,1
5,excellent keep
5,good
5,good service shopzilla
5,glad customer care solved problem
5,good
5,good
1,not happy
1,sixmonths 2 months
2,
5,good service
5,welcome
5,done
5,good
5,return policy sabhi products chahiye
5,team work apriciable well done shopzilla
5,opinion prompted next level
3,no problem
5,best customer support
1,still no solution problem tv stopped since three days send technical staff
5,arun sir best help feels good know people generous helpful like today world always keep people like work make well brand achieve heights
5,thx
5,thankuuuu dear manaav
3,good response
5,good
5,good customer support
5,refund
5,good service
5,customer support osm
5,good
5,customer support
5,products defact
1,not respons customer service
5,good
4,thoda bahut
5,good
5,thanks support customer
5,savatm
5,okay
5,excellent experience
4,ok
5,karo bahut galti e hai
1,shopzilla
4,good
5,nice
5,5 star
5,thanks shopzilla
5,thank
5,yes good
5,beautyful voice
5,hi
5,good
5,yes
5,simply good
5,best
5,add directly customer sevice
5,good communication
4,thanks
1,service not good
1,call
5,thank youh much
5,good
1,good
3,right product not send similar product customer happening frequently please correct soon possible
5,mast
1,close automatically request provide third party instalation aur conditioner
5,awesome
4,agent tried helped lot unfortunately didnot received help
5,happy
5,guy amazing excellent communication skills much fast query solving person much appreciated thanks solving issue
1,bed behaviour also delivery executive cancil order without consent
5,good
5,5
5,nice
5,good
5,awesome
5,good mem
5,no
5,gud
5,way taking awsome easly resolve problem
3,ajit
5,
5,thank
5,
5,good
5,satisfied
5,glade support
1,issue not solved
5,conversation literally good mic used consultant good condition audio bold unclear try improve audio quality
5,good
1,support customers
4,improve payment detection system payment detected fraud not true
5,thanks shopzilla
5,thik
5,u2019t issue
5,fully resolved
5,yes
5,support executive person polite
4,good
5,ginesys guy
5,helping guy talked resolving issue
1,happy
1,bekar product chhi chhi chhi
1,hii
5,remove fake sellers shopzilla
5,good
5,good
5,good service great job good person
1,bad service
5,helped solving issues
4,shopzilla logistics services poor please delivered order today
5,thanks
5,happy
5,nice
5,thank
1,bad
5,great
5,
1,thank shopzilla
5,return reason option simple easy understand customer need impoove
5,nice
5,plz provide proper customer care no
5,order hold even making payments shopzilla pay later
5,gud nice person speaking skills awesome lady
5,good
5,good representative
5,not received invoice last order
5,please solve issue
5,excellent
5,happy
5,well helped
5,please improve quality services thank
5,thanks
4,good
4,4
1,not able return order
3,please allow partial cancellation grocery orderand improve packaging delivery service make tamper proof
5,make products refundable
5,good effort done customer care executive isnvery good communication humble nature tried best resolve issue shopzilla enhance croos check delivery product customer get exact product ordered
5,good work no problem
5,good
5,good
5,thankxxx
5,wrong
5,good
5,good
5,nice costumer care
1,always provides wrong information no proper resolution
5,good
5,okk
5,time satisfied shopzilla customer care executive bad experience e delivery boy wan na tell break relationship shopzilla resion e delivery boy
5,good
4,please make payment policies flexible allow online payment part payment along cash delivery
1,issue not solved taken complaint alredy 2 3 times taken complaint not solved taken complaint know problem not solved
2,good
5,nice way approach
5,nice
5,please resolve warrenty related problems
5,take product information detail
5,easy coustomer support
5,bad
5,nice good
5,well helped
5,good
1,order not good galat product aaya hai
5,good information
5,good
1,sab log useless shopzilla logistics vi uneducated hay
5,thank sir resolve problem
5,12345
5,good
5,nyc job
4,order complete not received ok
5,ashutosh really helped regarding issue took less time resolve matter whereas executives not able help used hang call face really grateful directed ashutosh effective helpful kudos need executives like
5,good
5,no comments deliver ordee
5,ok
1,haras 2month money no come back haras every day complain criber crime police u2026 please resolve problem
5,good
4,consultant mple nd nice talking
5,taking long yet not resolved
5,nice executive
5,thank much shopzilla costomer service
5,good
5,nice
5,complete resolution
5,thank
5,good
4,not shopzilla pay later issues
5,chat boat new system difficult plz arrange old call syestem
1,u increase electric gadet policies
5,try help genuine customers get best delivery return services
1,bhut bad hai
5,nice
5,good
5,warranty not claim please help
1,ur customer service good ur delivery agent behaviour bad
5,thankyou
5,helped lot
1,poor quality service
5,put order product paid installation first confirmed us
4,careful customer orders
5,please keep track return request based person delivered items open packet policy ensure items correct rather taking pin first denying return request case incorrect item
5,case address shipment pickup different shipment delivery must show application
4,good
3,waiting time reduce
1,bandh kr please isse kisi ka tyohar nhi bigdega jinka ye shopzilla usko bolo ghar bethe
4,solve problem sir soon possible
5,5
4,
5,really worst experience delivery person asked pay 1000 not provided amount receipt nor revised invoice copy moreover complain shopzilla application frustrating receive repeated mail provide payment screenshot evidence 20 times complain conversation shopzilla executive received worth rs 1000 not satisfactory action cheater punished strict action breach trust customer shopzilla suggest shopzilla avoid cash transaction delivery person
5,good
5,agree talking
5,nise
4,please return replace product
5,good time
1,buy anything shopzilla fully useless good service not able deliver product time suggestion every body care full
5,ok
1,bad
3,gift card sent incorrect email address requesting gift card sent correct address nobody helping
5,good
5,given feedback product supplier take bacm nk return policy always deliver wrong
5,pls
5,nice
2,refund amount asap
5,happy
1,access gift card customer service executive solve simple problem
5,nothing
5,nice
1,focus providing resolution customer instead closing issues ticket
5,good
5,good
4,good
1,good service
5,thank
5,agents agents disconnected call even want hear issue let alone giving solution please take care otherwise last agent excellent helped raise complaint instantly well gave complaint number receive email
5,thanks aashish bro help order amazing customer service experience shopzilla
5,cooperative kind
5,good service stuff thanks shopzilla
1,pathetic customer care response
4,issue solved asap
3,please show call backspot
1,not time delver
5,pls exchange product early possible
5,good service nice jobe
5,make payment network better
5,good
5,no
5,kindly arrange delivery person contact details
4,try check vendor went wrong delivery product
1,
5,thanks helping
5,wow
1,directly put call hold
5,ok
5,plz help asap issue
5,nice
4,ok kindly
1,product not actual
4,check product deliver
5,nothing say
1,completely waste time not able update anything not listening concern repeating line complete waste time team please provide worst customer experience really pathetic unprofessional behaviour no solution oriented approach repeating line parrot really pathetic experience no solution received till time
5,nice
5,ok
5,complete larged wallet amount not showing get gift voucher pin
5,nice thank sir
5,generat direct customer care no
5,nice understanding help properly understanding actual issue
5,good
5,need good quality tnk
5,good
1,try deliver product time
5,nice person love person
5,good bat
4,
5,bad service shopzilla
5,tkank call
1,ing service shopzilla u2026 shopzilla wale chor h sab ke sab
5,hope issue resolve
5,tnx
5,ok
4,shopzilla must addopt system everything done within scheduled time frame no delay delivery refund may taken connecting customer support due shopzilla internal system issue disappointed harassing buyer
4,good
2,hold par rakhe raho phir thank bol kar call cut kar dena sahi tarika nahi hai
5,good
5,no
5,nice
5,nice conversation day feels like real sister helping wished happy genuinely forgot query thank connecting sister like customer care executive made day
5,amazing
5,good supportcustomer care
5,comfortable conversation like way talking thank
5,customer se baat karke bahut aur aapane bahut se mere sat baat kiya thank u much
5,issue not resolved
5,super
1,empower ppl information serve customers better
4,try resolve customer issues aaap
5,please make products surety
5,happy problem solved
5,good
4,thanks
5,great job
5,good
5,good service
5,mand really good conversation
5,good
5,nice
5,good
4,please give money back
5,good
1,bad effects shopzilla
5,good behaviour customer
5,excellent experience communicate consultant assuming issues resolved soon
5,amazing shopping experience
1,worst customer care service time
5,helpful employ
5,refund balance
5,excellent
5,really helpful
1,please fire customer executive unprofessional provides wrong information misleads customer transfer call senior adamant novice removed immediate effect please deliver product request ceo company look customer executive team performance average waste value time customer need unprofessional novice team
3,executive called quite good communicate english first try get call executive waited 10 15 minutes pick call worst frustrated experience shopzilla worry ab
5,lot
5,happy added language option customer support
5,understand problem raise complaint
5,thanks
5,good
5,customer support executive much impressive expectations fully guided right track solve problem much helpful
5,10
5,none
5,happy
5,seller service need approachable
5,good sugeastion
1,transferred call disconnected
5,good
5,excellent support
5,customers service executives not good enough work shopzilla work handle person problem
1,try solve issue customers
5,thank
5,thank
5,outstanding
1,repeating sentence
5,danish tried solve issue
5,shopzilla always help hope keeps way
1,customer service executive incorrect answer could see later shopzilla app either exchange bank offer applied not applied time executive told bank offer credited product delivery
5,good response
5,good
5,best
3,please force customers accept unlike unfit product applying 50 charge
5,thanks
5,good
1,fraud
5,thanks
5,happy
5,nice guy thanks help
5,thank support
5,happy
5,best customers service aggent
5,thank information
5,info site product actual product got different quantity serious lapse commitment ensure never ever repeated
4,good
5,no
5,thanks
1,ghatiya shopzilla
3,help us
5,everything alright guys pay attention queries customers like lot delivery boys scam like asking extra rupees day secretly logged account facing since 4 5 months already raised query got solution well another query got like pay attention thank much
4,help resolve quick resolution
5,please provide bengali language coustomer support not problem hindi language executive nice simple easy communication not good speak hindi executive understand solve problem
5,shopzilla customer service good products
5,nice
1,bad cx service bad no respond ur blackened team side
5,good
1,worst support check comments ticket patience explain
5,solve issues soon
5,customer launguage problem pls arrange customer flexibility
5,nice
1,complaint 3 items returned pick till one rakhi got delivered wrong product replaced still happen
4,sent clear intimation warning correct product delivered later not create issue comes pickup
1,bad
1,not solve issue
5,good
4,keep return policy simple cancelled customers not made run pillar post
5,no good
4,good
5,not issuing invoice along product comments given product display web site evident invoice not issued customers purchased item case
1,ramlal chargat
1,customer executive good concern not resolved return
1,faltu hai bhai ab service bohat hi kharab kar ye log refund pahle return k date main mil jata bhai 10 10 din 15 din main v nahi aata hai
5,customer boy good
3,done return order pickup side staff showing return cancelled solve issue otherwise give new order money refund back
1,executive end call conversation not complete call not solve problem
5,bahut achcha karke
5,nice work sir
5,thank
5,good
5,excellent executive quickly understand resolving problem
3,disappointed shopzilla time cancelled order no reason
5,good
4,good
5,still waiting grocery order become late kindly needful improve timely delivery
5,think much sir
5,thanks
5,good
5,no comments
5,friendly
5,best customer service
2,case return item permissible per policy time selling product without wasting single minute amount must credited customer account fixed lead time one day rather must hours
5,good
5,good support customer care grateful thanks allowed
5,good
5,g
4,improve
5,good
4,kindly take care not free sample expired product
5,satisfied policy
5,thanks
5,good customer service
5,excellent
5,good overall
5,exllent
1,nothing good experience
5,nyc
5,advisor beheviour excellent keep
4,not bad
5,thank shopzilla
5,please create system change address product shipped
5,send wrong product time also value
5,nice
5,thanks
5,thanksu sir
5,order problem
4,nice miting
5,good work
5,nice
5,mera prodect pickup nhi huaa hai abhi tak 25 days hai mere return call e huyevoice master pickup hi nahi kar hai photo show original brand name show different brands ka update nhi huaa ye bolta hai pickup karne aata hai tab
5,thank team
5,refund return policy hactic take much long time nearly 1 month
1,waiting product since 15 days still received product support team not helping us providing information please imporve quality disappointed time
4,good girl nice support
5,good
5,veri nice help
5,picks messy call many times pick refunds try work better delivery partners superbuy amazing deliveryparthers work lousy
1,internation quality
5,good
1,no
5,u2019t take return fee
5,service already good
5,good
5,no
5,aadarsh forgot ur name u really help alot tqsm ur help update feedback seller plzz dispatch product shows images mentioned description tqsm
5,thanks shopzilla teem
1,pathetic service
4,good
1,last three times providing worst worst service cancelled order without informing cancelled return order without concern never order product shopzilla not not nearest one
5,resolve problem
5,good feeling
5,puja bahut bahut meri aapne call par ki bahut bahut dhanyawad really respect u proud u thank u much
5,good
5,good helpful
5,thanks
5,happy customer support executive not happy shopzilla
5,iam happy castomar carethank
5,yogesh polite appreciate help
5,good job
4,taking much time resolve issue please improve suggestion
5,good
1,koi help nhi
5,good
5,bahut
5,good
1,please provide delivery person hub location detail waiting product delivery since past 36hrs detail frustrated guys
1,impossible reach customer support
4,toll free number shopzilla easy access
5,sir talk good time resolve
4,kindly provide official email address directly issue share easly
5,good
5,great support
5,best customer support
5,excellent communication skills
5,nice interaction customer care agent
5,thank shopzilla
5,happy customer supporter
1,issue not resolved
5,good
5,everything asap
5,good shabina mam
5,vary good
5,
5,excellent customer service would say guys amazing person really amazing words
5,help
1,nike shoes different
5,good nature
5,please kindly check watch solve service centre
3,hi
5,good
5,nice
5,good happy
5,product itna fast cancle na kiya jay
5,good costumars support handle
5,please mention exchange policy properly app make option exchange along return sometimes size issue need exchange
4,takes much time contact shopzilla executive contacting shopzilla customer support made user friendly no return policy product shopzilla must assure get right product delivered customer wrong product delivered difficult contact shopzilla support
5,excellent
5,nice behaviour
5,nice interaction
2,worst return policy
5,best
5,goo
2,
5,good man
5,good
5,friendly customer support thank shopzilla
5,thanks castmar
5,good experience
1,services must customer friendly not responsibility customer talk seller issues resoved shopzilla no meaning communicate seller product purchased shopzilla talked havells company per shopzilla request regarding latest product replacement exchange told talk shopzilla not responsible anything baught
5,good
5,every thing good
5,good sporrt
5,thank
5,good experience
5,fully satisfied executive
5,good
3,direct customer care no mail id shopzilla takes hours arrange call back chat also took 10 incomplete calls final call
5,good communication skills
1,communications dealing customer much poor totally disappointed service two months still got product refund money back give money back
5,things good
5,tie courier good courier provides bad service without attempting update attempt
5,ok
1,no resolution even 12 hours false rejection done delivery agent
5,good communication good behaviour
5,good mem instance solution
4,delivery status current time
5,take care deliver ordered product described app
5,good
5,behavior good satisfied concern thanks shopzilla
1,mera pement nhi kar rha h
5,good spot
5,good customer care service amd thanks sir time take time
5,excellent
5,good
5,would like thanks deepika address resolve query regarding wrong damaged product return professional supportive mannerthese people make shopzilla first choicethank deepika thanks shopzilla
5,good
5,good executive talking supporting shweta madam
5,time product u2019s companies not responding shopzilla take respond
5,please provide feedback app easily
5,raj
1,not good
4,no
5,good
5,thank
5,direct contact customer care
5,good saeivse
5,good
5,good
5,awesome loveable
1,bad
5,satisfy
5,good
5,check products quality sale
5,thanks
5,best
5,nice
5,superb customer care service
4,pay option must fixed cash delivery service
5,happymy problem solved
1,no
5,good service
5,nice help
1,shopzilla not go policy related shopzilla pay later
5,good conversation customer service
5,app good services good helpful
5,good
5,good service good sport
4,good service
5,5rating good response
5,thanks
5,good job
5,good
5,nice
5,best service
5,google man
5,ok
5,good service
5,good
1,worst services shopzilla
5,good
4,
5,welcome
5,good
5,nice
4,good
5,friendly staff
5,good
1,felt good talking problem solved please postpone delivery till tomorrow
5,good
5,good
5,everything fine
1,need improve policy
5,good
1,right shopzilla
5,good service
5,best suggestion found
5,nice
3,not deals cant keep
1,poor service
1,bakvas
1,2 pipes missing
5,please make process easy customer easily reach customer service executive call
5,gud
5,wonderful
1,call
2,kindly deliver products time
5,good
5,good communication ankita
5,wonderful
5,nnn
4,good
1,time no work
5,customer care executive really helpful addressing query hope gets resolved priority
5,nice one
5,thanks shopzilla team
5,good
1,customer service words
1,super
4,good service essu
5,need improvement features application not user friendly
5,overall good response side
1,till not solve problem
1,bad customer care service
5,work properly
5,thank
4,stick time schedule
5,try solve seller problem
5,wish masters behavior bad rude
4,try deliver products time
5,good
5,shopzilla ka care ka dhanyvad
5,good
5,make policy seller late ddel8very
1,completely waste time not able update anything not listening concern repeating line complete waste time team please provide worst customer experience really pathetic unprofessional behaviour no solution oriented approach repeating line parrot really pathetic experience no solution received till time
5,nyc
1,issue not resolved
5,no thanks
5,good
5,good
5,thanks saporting shopzilla
1,experience shopzilla online payment services bullshit response team also bullshit
5,madam ne mere se ache se bat ki meri problem ko bhi kiya
5,coustomer product service awesome
5,good service thanks
5,good
5,good costume service
5,happy talk employee solve problem
5,good
1,delivery time
1,unhappy hrx shoes return not responses shopzilla service wrongly product delivered shopzilla service not properly respond
5,impressive effective communication gave proper solution problem
5,overall good experience
5,nice communicate
1,want change delivery address cunsoltant denied
5,need update automated support interface user friendly
1,customer care auto call disconnect
5,shopzilla staf good
5,customer service agent polite helpful
5,executive supported lot related quarries hence solved problem also nice talk
5,osm
5,
5,sellers good like got experience current product
5,good
1,fast possible need delivery
5,good behaviour
5,no
5,best service
5,good costume care services
5,good
4,thank
5,nice product
5,awsome
5,customer support service ok issue also resolved soon
5,thanks much
1,worst customer service ever seen
5,good
5,nice
5,nice sir mujhe apne baat karke bhot acha laga sir plz mara oder jalde cancal kar de jea
1,refund deley
5,excellent communication resolve problem
5,nice
5,good
4,happy
4,resolve problems quickly
5,thanks
5,shopzilla better good customer support
5,thank
1,faltu facility
5,good
5,thanks shopzilla
4,happy hear executive resolving problem skill thank sir
5,happy
5,nice
4,nice
5,sanki lover
5,best issue not resolved
1,mam ne meri bhut bhut help ki hai uske lye unko bhut bhut thanks
5,nice guy
5,share number contact customer services directly
5,good
1,claim coupon deliveryhow claim link not working saying https www shopzilla com spotify premium 1 aq27di store
5,nice talking definitely help
5,nice
2,still get invoice
1,yery long time refunded not completed shopzilla regular castmar shopzilla long time shopzilla bad service provider shopzilla
5,make easy customer care support
1,zero slow facility
5,good
4,provide every information coustomers written ordering product time
5,good
5,reduce hammer noise behind makes cumbersome understand person saying
4,need atleast one comunication automatically cancelled resolve problems lill fast
5,nice simple way understand issue customer supporter
5,well support
4,thank much help
5,thank
5,good response costomer care shopzilla
5,good
5,nice
5,provided consultancy
5,grace polite effective support staff
5,customer sidhe customer care se sampark nahin ismein sudhar karen aur helpline
5,good man best best 10 10
1,not knowledge
5,good person
4,help greet good support
5,mistake ordered size l instead cancel order place fresh instead getting size product changed order
5,nice
5,outstanding experience
5,way taking good
5,thanks
1,poor delivery service
5,good
5,good
5,thank
4,called yesterday regarding pick order executive named unprofessional like told issue raised complaint no help provided today told executive issue much professional polite raised complaint really angry initial executive today much better need employees like not like sit absolutely nothing provide no guest service
5,thanks
5,thank much
5,good service provider
5,please deliver correct product ordered
5,nee fast delivery soon possible
5,thank
5,ok
1,scam
5,ik
1,one worst service ever seen time wasting service 12 time called customer care number no proper solution every time order delay not respondingevery time get reason technical issuesevery day technical issues
5,problem resolved conversation executive satisfies
5,u fine help ful shopzilla comstm ceyar happy
5,special thanks mam
1,sucks even change phone number login account
5,
5,happy
1,ordered 2 qty received 1 qty short parachute oil delivery challan biil not provided
1,not good
5,bahut achcha mam
5,good
1,
5,good job
1,no ny word discribe give feedback cheap sevice also would want shopzilla team take responsibility elete customers service
5,thank
5,ati su u00f1dar jbab
5,thank much sir
5,product come quickly
1,last order deactivated account
5,bahut santust aapse bat kar ke
5,totally disappointed shopzilla executive sister good
1,logistics poor
1,customer care executive answered query also gone silent without responding
5,thanks
5,good
5,good customer
5,good
5,customer support team helpful concerned customer feelings
5,goog
5,shopzilla customer care good
4,inhance connecting features wishmaster dilevery agent face lots issue regarding last order
5,5
1,pichle 1 5 months se mera ak bhi order diliver nhi ho rha kyoki pehle muje shopzilla ke hub pickup karna padta tha unhe door step dilivery ka kha toh unhone mere orders ko dilivery call tak karna band kar diya order cancel krne suru kiye jiski mene shopzilla complaints ki par aapse koi action nhi ho vajah se mere orders diliver nhi ab aap mere orders par cancellation fee bhi lete order aapki taraf se cancel aapke excutive se bat kre toh vo roj 3 4 rati ratai lines kah kr call end kar dete hai par resolution nhi de pate nhi kis vayakti ne aesa system banaya hai ki ak dilivery partner shopzilla ka boss ban kr jis par shopzilla koi karvai nhi kar skta
5,good
4,good sarvieses love
5,parassuthar
5,super
1,customer care shit
4,thanks
5,nice service
5,thank abhishek sir
5,customer executive response good politily understand issue help resolved itthanks
5,good
1,ask support executives not hang customer call
5,good job team shopzilla
5,no please solve invoice bill problem thanks shopzilla team
4,slove problem
5,wonderful
5,baki sb thik hai bs seller ke end se product sahi bheja karo
4,shopzilla delivery service one worst present competitive situation faced issue two times within 3 times shopzilla never reverse amount interest cancellation problem shopzilla customer additional amount form interest processing charge credit card no fault
5,good
5,courier partner shopzilla not good terms courior delivery please discontinue pathetic courier partner shopzilla
5,nice friendly response
1,sorry feedback issue not resolve want know information shopzilla backend team said no update make sure improve asap
1,bad service
5,good
5,bad service shopzilla
5,good
5,thank u much
5,good person
5,nice
5,good
5,good
5,no
5,good
5,good
2,firstly responded wrong resolution method provided number not exist
5,one best costumer agent shopzilla customer service giving wonderful information
5,good
5,happy
5,good customer service
5,good
5,nice service
5,customer service good delivery services poor
5,parfect
5,good behavior
5,helpfull
5,good service supprt team helpfull talking
4,tq
5,nice
5,connect executive difficult
4,problem not resolve
1,start calling seller care since sellers exploit policies customers rejecting deliberately people show no help finally go consumer court instead customer care executive told reluctantly initially not give name saying private details took 50 minutes no help poor knowledge subject wasted time giving information whi h already knew
1,time pass time get money back
1,send samsung customer guy solve problem
5,return policy change defective item not working item
1,solve issue
5,good
1,bad quality
5,customer care excuetive awesome not sure people not promote take shopzilla another level
5,customer support good solve issue time way talking impressive also behaviour good
1,3rd class service
5,v good
5,yes
5,awesome experience great person
5,bahut sunder
5,
1,pathetic service
4,good
5,customer service good
5,good
4,please sell original product sellers fake product also fake
1,problem not solve plz help change product product bed dummy
5,thank
1,deactivated account suggest others dont buy productfrom shopzilla
5,super shopzilla
5,nice
5,nice memorable day speak speak thanks
1,worst delivery experience delivery boy name ramesh
5,outstanding support
5,happy service
5,ha
1,vary bad
5,no
5,customer support team good communication
4,best
5,good
5,setified
1,poor service
1,delete group buy not working properly sent link time asking pincode entering pincode displaying pincode not available rejecting pincode
5,thnx supporting
1,need experience person
5,xgkxhlcul
5,good
5,nothing
5,one time call missed try contact back contact easily kindly improve service way provide us instant service soon possible thanks shopzilla hearing issues
5,best coustemer service
5,good talk resolve issue
5,excellent
5,customer service helpful talk polite manner
4,good
2,customer see app not showing customer support team terms raised issues fixed
5,polity customer service happy shop shopzilla
5,good
5,good
5,policy clear delivery agent coustomer policy coustomer ordered delivery
3,never use shopzilla family friends also
5,good customer supported
1,late delevery
5,make arrangements costomer contact quickly every account call back request option chat option not needed chat not useful proper answer chat proper inquiry not available options come back
4,shopzilla costumer caere op girl nay boy
5,good
5,great
5,good
1,thanks shopzilla
4,issue still not resolved hope get done soon
5,good
5,pls provide reasonable response order get cancelled side
5,good talking experience customer care executive miss madam thank u
1,return request cancelled without intimation since return period not refunding amount
5,happy
5,c
5,check products sending customeritems working properly not
5,thankyou
4,good
1,problem not solve
1,shopzilla help unhappy customer
5,coustumer care excellent shopzilla service agent bad
5,good
5,happy solve problem
5,thankyou much
5,good
1,rong
5,awesome
1,no issues sort next day sort issue complaint forward speak not done problem 4 call last 2 days issue not resolved
5,please sure commitment matter initiated customer
5,thank
5,good
4,every time call explain situation new person taking time
5,good job
5,hate not bluetooth working airdropes131
3,thanks shopzilla
5,good
4,not solving query 25 days please give refund giving dates never resolve issue type service would never buy shopzilla
5,try deliever products per mention date
5,good
5,kindly send correct items always
5,thank u
1,support system totally fraud
4,good job
1,properly delivery not received wrong item time show delay product information time clint
5,middleman like technician complicate matter probably due personal interest ultimately customer sufferer shopzilla look issue
5,good salf problems
5,good
5,sumit good polite answered query good process knowledge well
5,happy
5,order multiple items talking order multiple items monday orders made day multiple items get delivered day time great please help us get reshedule order day time instead waiting order available get orders days order
5,please take action order defective maeq tv return exchange soon possible
4,refund process delay please look matter
5,nice customer executive impressed talking f
5,nice
4,oo
5,information okay
1,problem not solw
4,good
5,best
1,waste time customer without help people know value time fooling us problem related ausu laptop not solved 2 weeks need strict action
5,best
4,good
5,nice talking
5,thank shopzilla support
5,calling 4th time customer care finally took initiative solve problem
5,exllent
5,good
5,good
5,noices
5,koi help nahi kiya ja raha hai na koi sahi bata hai humra saman delevery nahi hai 25 din na cencel hi raha line pement kar diya hu hum bhaut compani se
5,thank shivani mam
5,nice information gupta bhai
5,alart delivery boy
5,good customer service experience regarding issue hope issue resolves soon thankyou
1,10 days gone issue not resolved
5,nice loved talking
1,issue not resolved
1,refund not received
5,nice
1,dont get refund order since 17 august 2023
5,good resolved issue
5,helpful good service
5,please check fraud sellers
4,nice
5,sir sir krke
5,issue queeqly resolvedexecutive support necessary
4,fools get rating
2,remove type seller purchase paid review sending cash back 25 fake paid review
5,no thank
5,hv talk humble person neeraj thank u listening problem patiently
1,shopzilla service bad improve delivery agent
5,nice
1,fake product bed experience product
5,good
5,gud service
1,haras money no come back 2month haras bt money no back complain cribercrime police
5,shopzilla app technical issues bugs tried open orders page shopzilla pay later page not opening loading time taking long time open pages please consider resolve bugs issues soon possible
5,delivery agents contact customers return orders without communication
5,quality check dispatch
5,good
5,thank
5,damaged product please take prompt action replacement refund
5,reduce time given customer executive
5,improve performance app data
5,else good
1,received mail
5,good person
1,dedicated employee requirement
1,poor service
5,good
1,frequently getting delivery delayed
5,overall happy
5,good
4,pl mention accurate date product
5,good
5,
5,nice helpful good service thanks
5,good app shopping thanks
1,bad service
5,make easier coustomers shop
4,choose pickup well delivery date good
1,u return item mentioned return policy service customer support poor return item help jurisdiction
1,not complete terms show site
4,thanks shopzilla
4,good
4,good
1,excellent
5,no thanks
5,awesome
5,poor experience shopzilla worng item delivered
5,mi
4,good
5,awesome
1,nice
5,awsome
5,good
5,everything okay guys make simple reach csa provided enquiry good
5,super conversation
5,customer service good
5,thank
5,delivery partner service poor shopzilla behave disrespect
5,customer care person really appreciable u2026politely solved issue assured ordered product delivered u2026thank u
5,good
1,ani information hub
5,customer care behaviour good
5,no comments good person
5,good
5,kindly necessary steps supplier not supplied proper quality product
5,costumer care tried best resolve issue happy thank u
5,good service
5,good
5,no issue
5,lovely voice
3,executive understand every queries try level best solve issues
5,nice
5,good polarity behaviour
5,ordered four product got refund one product 3 products not getting returned please help give refund priority bases
5,fantastic
5,sole
5,neeraj good executive type executive needed shopzilla happy wednesday neeraj time shine
4,nice comunecatiin thanks
5,no complaints customers executives complaints shopping experience return delayed
1,shopzilla orders advance complain complain 3 4 solve 4 complain solve
5,good talk wit thanks alot
1,received defective damage product request automatic cancelled please take action urgent
4,need modify policies regarding wrong delivery automatically cancelled item without information byer customer
5,hopefully return request passed
5,thank
4,nothing
5,good communication
5,good
5,improve calling quality background noisy
5,verify seller products
1,many days quary nit clear unsatify shopzilla
5,understood concern immediately explained clearly not extremely expected person thought also 9ther executive not ossom executive understood customer issue like facing issue thankyou man
5,nice
5,good
5,bless
5,hii mamh
5,
5,suggestion applicable product delivered solution based upon delivery request call back not simpler
1,baad
5,done good job appreciate
5,bbh
5,thank
1,shopzilla suporting agent parcel agent service not good shopzilla shopping not good
5,nice
5,bless u please solve issue support treatment soon possible
5,thanks
5,good costomers service
1,fake customer executive given details fake products shopzilla dilivered customer
5,5
5,good talking
5,best helping
5,nice
5,fast call fast resolve problems iam happy
4,products showing sometimes available sometime bot
5,payment mode not showing
1,not
4,nice
5,thanx
5,good
3,pitambar pirtam
5,great talk happy
5,helpful answer happy
1,complete worst experience feom shopzilla time
5,good
5,super mario
1,not good
1,issue not getting resolved getting extension dates
1,not solved query bad customer care
5,good person ever talk shopzilla
5,thanks
5,good
5,good person really nice communication skill thank
1,shopzilla totally fraud app
5,nice
1,delivery agents fooling customers name quality check exchange
1,executive provide numbers not reachable poor service
5,good
5,good
5,good
5,improve customer contact service
5,happy
5,good
5,good communication skills
1,
3,optimization options placed app required simplify things able find wallet since many days settings
5,good service
5,good job
5,good
5,good
5,hi happy shop shopzilla past 7 8 year mostly order shopzilla account hacked getting automated call asking type otp shared yesterday hacker placed two orders pay later emi option somehow see cancel orders tried much change password log device not working password change option not available account contacted customer care deactivate pay later way left request give option user stop things immediately
5,good
5,thank
5,thanku help
5,nothing
5,good
5,thanks resolving issues
5,deepak good support
5,thanks
5,good communication excecutive satisfied
5,provide mobile number contact contacting specific order
5,customer service good
5,love
1,bad experience
1,add cart boat charger
5,h
5,good
5,amazing
5,good
1,listen recording talked ur executive u understand situation
5,fast enquiry gave
4,try resolve issues without taking valuable time valued customers 5 days long already dragged another 5 days without providing resolution taking lot time resolution
5,everything good customer support executive relly polite solved issue
5,please solve issue immidietly
5,bahut acchi service
5,
1,koi help nahi jhuta bat bata rahe hai customer care humari delivery abhi tak nahi line pement kar diya hu
5,bahut achha se meri problem solve ho gye aapki team se
5,thanks shopzilla shopzilla teame
5,good
5,nice
5,nice good behaviour service agent satisfied hope keeps mentioned statements tru character
5,gets 100 percent marks service
5,awesome customer service experience shopzilla
5,thanku pleaste return
5,good
5,nice
1,1 week still issue not resolved get new date
1,pathetic sabji shopzilla customer executive anpad gawar hai
5,customer support executive solved problem one timeshe good job
1,excellent suport
5,want replace product
5,nice customer care
5,good suggestion tank customer support executive
5,good
5,verry good
5,customer support executive superbbb man
3,improve helpful support improve tracking features
5,care service
5,no
1,mera pankha time se service koi nahin aaya aur mujhe customer care ka number bhi nahin mil pa raha hai
5,good
5,good response
5,thank much madam
1,auto resolving issue not resolved yet
1,vary bad customer support services shopzilla ghatiya delevary ghatiya app
5,nice
5,good communication skill
5,satisfaction
5,thanks arun ji
5,good
5,good
1,make sure resolve issue rather giving tips customer
5,good
5,thing ok
4,return
5,na
5,happy rakshabandhan
1,not happy
5,behaviour consultant good
5,good
1,not reality show
1,nice
5,
1,second time shopzilla staff not good given order checking deffactive want return telling sir order open box delivery not returning order unhappy shopzilla not giving next time orders shopzilla second time given defective item plzz others customer gave order given bad experience
5,provide otp evry delivery
5,good customer service professional speaking really satisfy thank madam
5,exilent
1,refund money within 24 hour product return time
5,helpful
1,no need solve problem not help support regarding refund said wait sory 2 words
1,zero
5,y7
5,nice
2,please make penalty policy shopzilla delivery person asked wait delivery 30 minutes later 2 hrs message shown delivered tomorrow
2,nice service
5,nice words also good made work easy thank help shopzilla
5,thanks
5,good
5,good
4,atleast provide dilevery person contact no dilevering parcel customer also reach make request consern dilevery person seee nobody contact till yet day calling customer care regarding order got know get parcel today dissapointing
5,no comments
1,kind help provide even give number delivery agent even tell product totally time waste
5,please increase refund process
5,good
4,santusht hu
5,solve issue
5,delivery service not good
1,understand brain
1,worst service ever
5,good
5,delivery boy behaviour worst try querral
5,properly satisfaction results complaint
5,goog
5,nice behaivior
1,not happy want money back plant dried not good
5,thanks
1,problem not resolve
4,good
1,bad services never purchase product shopzilla fraud executive no numbers no numbers executive doinghe said mam plz share offc think one home members no one received product bad services want connect executive delivered product no numbers cx shame shopzilla teams
5,thank
5,girl calm sexy voice basically love voice
5,nice
1,called 5to7 time still not solved problem
5,please refund
5,iam good
5,good
5,ok
5,coustom service good
1,hlo
5,well supporting
5,thanks customer care executive
5,superb customer care n perfect executive solve query seconds 100
1,bed
5,satisfied customer support
1,costomer care poor quality
5,please problem solve soon possible
5,sweet
1,service not buttey
5,good
1,assholes seating
1,sir please meri shopzilla aapne blocked kar di sir please aapse request meri id unblock kar dijiye number se thi
5,good support
1,1 month complete created issue not solved yet
5,good
1,make policies better
5,happy shopping shopzilla family
5,good job
5,impressive
5,please make policies easy plus members
5,good
5,customer care thank u problem solving
1,poor
5,give contact information direct call costumer care
1,mera paisa nahi aaya lekin upi dikh raha h aa gya
5,product sometimes not delivered pin code live main city still face issue
5,helpful
5,good human nature
5,customer support powerless helpless entire ordeal ensure delete app not place another order via shopzilla superbuy better shopzilla laptop exchange offer scam
5,nice
1,product not delivered executive refused forcefully received product otp please check previous order history solve problem
2,
1,rong parodat
1,shopzilla fraud
4,thank
5,good
5,
5,good support
1,u cant deliver promised date u2026why hell u gave date u2026 cant even responsibly deliver promised date u2026such huge company saying reasonsregarding delivery agent
5,thank
1,issue not resolved
5,ok good work team
5,g
5,good
5,
5,good
5,happy
5,address pincode delivery service take address pincode order time
3,delivered order time reduce
5,thanks
1,pagal ho tum sab kiya baat hia
5,nothing happy services
5,
4,please prefer customer mother language not everybody speak understand english call ask customer language comfortable talk
4,give no complaint product delivery boy
1,ek hi products ke liye 1 mahine se paresan kar rahe ap log ghatiya services hai jab mai baar payment kar diya apko refund karne kya dikkat aa rahi hai
1,worst service provided shopzilla really disappointed
5,gud
4,difficult finally reach customer support fight online chat robot hour finally gave call back unacceptable
1,solution pass bus customer krna h aapka motive
5,gud
5,thank much
5,please ask sellers add actual images
5,problem solving skill
5,good service customer care service ver supporting loyal customer thank family
5,good
5,issue solved erliest
1,service not good
5,
1,service poor
2,money must refunded matter duplicate products
5,ok
5,souport coustomer care good staf
5,please make return policy fast
5,good support customer
5,
5,happy
5,customer service executive helpful explain queryshopzilla give post purchase price match helpful buying product
5,good
5,nice
5,thanx
5,good
5,thanks
5,good experience man
5,no thanks
5,no thanks
1,try improve quality customer
1,bad costumer support customer support like dead person unhappy
5,thanks
5,happy shopzilla no return product vendor supply broken item time suffer
5,good
5,good
5,happy happy rakshabandhan
4,like explain
1,issue not resolving trying even harder shopzilla executive not taking action
1,please make ground level changes proper communication various levels company customer service executive saying one thing committing behalf shopzilla per guidelines whereas pickup personal refusing pickup saying another thing complete communication gap
5,coustomer support executive helpful resolve problem
4,well
5,good
1,amount not refunded
5,mention details product description correctly per brand details
4,
5,girl talk polite manner way see really appreciate thank much
5,better
5,great
5,good
5,good talk excutive
5,good
5,thanks resolving problem
5,
5,happy happy rakshabandhan
5,thank much resolve
5,thank much understanding issue support
5,good
3,please resolve issue
5,good happy
5,good
1,bull shit customer support
5,good
5,solve issues quickly
5,keep grow sir thank valuable effort issue
5,thank supporting us
1,costomer sport excative good cooperation realy deserves 5 stars
5,nice
5,seller se product pohochana na hota pahale order confirm na kiya kare waise unhe call karake batana bhi nahi 2 msg dalake bhi bata apka order kyu cancel
4,fix delivery system
5,need resolve issue within 24 hour
5,happy
5,mam nice
5,
5,good
5,thank much
5,good shopzilla service agent nice happy
1,not happy
5,good
5,good customer support
2,try deliver product customer ordered
5,good
5,genuine feedback shopzilla not agent interacted good understanding polite helpful whatever could looks like backend complaint raised promised resolution 30th never happened not first time happened looks like becoming regular problem shopzilla another bad experience like couple months ago ordered cooler think something going wrong guyz needs figure becomes serious problem thank
4,make delivery faster
1,know unable resolve problem
1,one biggest lasy platform world raised issue 11 august today 1 september still not get single resulution sideand vacant team give day try contact date expired not receive single call mail hand disappointed services shopzilla get resulation side date providing last time use platform deactivate shopzilla never use thing not recommended use shopzilla disappointed services shopzilla
5,annoyed installation person came yet not responding phone neither calling
5,impressed
5,best
1,delivery boy excuses verify mandatory screen shot
5,tq
1,badly talking
5,nice
5,executive effective time efficient
5,try help
1,good cervice customer cervice knowledgeable easy issues resolved
1,bad service not happy
5,not possible everyone connect help centre make easy way reach ao everyone find support resolve problems accordingly
5,ok
1,good
5,customer support team se baat karne par bole hai 5septmber tak dik
5,good support
4,reduce resolution time
1,service poor product not delivered time
5,please deliver actual product shown product portfolio
5,good
5,excellent
5,good parson good iam happy
4,thanks
3,taking longer time solve issue
5,good
1,agent send email survey never provided information needed promised send details call ends never came thanks efforts
4,solve problem
1,pay letter porblam
5,communication skill good
1,veery bad
5,5
1,poor service shopzilla
5,nice talking sir
5,tanks supporting
5,nothing
4,pls help customers efficient way customers bored routine excuses
4,amazing experience person easily un
5,nice talk customer service
5,happy consumer responsi team
5,good work
5,please make easier reach delivery person
5,good
5,thanks
1,no knowledge customer care no fine bakwas bakwas
5,happy
5,n
5,good
5,ok
5,good
1,not satisfied services policy
5,good
5,thanku
5,hope not see consumer court
5,good response
5,good
5,good customer service
1,delivery not like
5,thanks
5,happy
5,good support
5,good
5,nothing shopzilla favourite app shopping issue would not resolved would disheartened
1,please help warehouse guys culprits every time one bears brunt guys anything
1,
5,nice
1,
5,delivery boy way talking not good felt little better talking customer service person
4,thank customer service
5,good
1,purchased item shopzilla app policy horrible disappointed policy item purchased not good quality wanted exchange refund nothing like customer service not listing anything also use superbuy policy good flexibility management good shopzilla sir exchange refund money please help no one help think something memy purchase item boult z40
5,best
5,resolved problem thank much
4,good
3,ok
5,thanks
5,executives complains not hearing anything hear well please review hearing aid provided consult executive get fix
5,thank
5,thank team shopzilla
5,alot dear
5,nice
3,ok
5,improve telugu callers
5,thanks
1,executive cut phone resolve query
5,happy shopzilla customer support solve issue
1,really pathetic calling customer care 4 times end still not able get resolution want refund
1,please help warehouse guys culprits every time one bears brunt guys anything
1,31 08 2023dalivali time
5,ok
3,bought pigeon gas stove shopzilla quality not good delivered 10th aug made return request 13th aug seller approved pickup date 24th aug today date 31st aug parcel not yet picked pickup team paylater bill going generated 1st sep pay 5th sep make payment pickup team
5,good
5,ok
5,awesome customer executive
5,thank much solving problem
1,please send product soon possible
2,problem not yet resolved please help solve first
4,time 1 september
5,good
5,happy
5,good job
5,thank shopzilla costomer support
5,thank
5,good support
2,worst shopping app
5,super
5,nice
5,no issue
4,better service delivery partner
4,good communicate resolve thank
1,called 25 28 august ur customer support executive took call hold not respond
5,good pmy problem
5,ihhkl
4,good
5,know customer need please make insure problem solving time
5,tracking number update shopzilla shopzilla address location update shopzilla case urgent delivery shopzilla assist conveniently offcourse changes special orders etc
5,superb customer care support
1,1st complain resolved resolving raisedi raised
5,good
5,good
5,fix issues end customer unable fix
5,ol
4,not bad
1,go hell
1,shopzilla fraud got invoice hardcopy also not getting invoice soft copy
5,no
5,thank
5,no improvement needed
5,thank sir
5,happy issue resolve soon one important thing please active neighbour brothers id please sir id number please active id please
1,product pickup late
1,fraud people sale extended warranty service gone nobody help service thing
5,sooner issue gets resolves better
4,thank
5,nice
4,screenout rude delivery assistants
5,good
5,good
5,happy
5,make sure resolve issue time
1,fed shopzilla
5,slove problem
2,quick order not updated
5,thank
5,happy
5,thank shopzilla
1,4
5,issue resolved timely
5,please make sure order delivered customer cost order placed
4,thank
5,thanks
5,help thanks mam
5,provide delivery agent number reached destination hub
5,
5,nthng
1,not avare
5,good
2,want return product
5,per conversation raised two queries 1 regarding product deliverd reason received returned back due warranty not line specifications given per product shopzilla2 availed credit card no cost emi options avail product intimated amount refunded next 24 glad happens time without follow end
1,please not loot money
4,yes
5,
5,good
5,good thanks
4,support clearing issue shopzilla pay later
4,yes
5,please improve delivery service within time
1,plz give redemcode
1,
1,associates not helpful interms service neither attentive seems like associates sleeping talking cx bad experience
5,no
5,nothing else
4,good
4,chat instead calls
5,clear
5,bahut badhiya veri good
5,good job
5,good
5,happy use device
5,satisfied customer support
5,ok
1,bad
5,good
5,good
5,please want open box delivery clothes order giving facilities customers please survey give option customer whether want policies not extremely unhappy open box delivery clothing
5,order no please
5,need improve quality system
5,good stuff
5,good
5,nice
5,good
5,no feedback
4,ok
5,good
4,nice
5,good shopzilla aap
5,good
4,sir apse muze koi dikkat nhi hai apka custmer care ka muze kuch bhi solution
5,shopzilla service best
1,not resolved issue 12 days given fake promises hope return would approved still nothing customer care constantly lied
5,thank u
5,ok
5,customer support se bat kar ke bahut helpful tha good job jee
5,good service
5,goog
5,keep guys
1,not getting help
5,good
5,iam raising issue since 1 month many trials issue not resolved
5,thanku
5,nyc
1,2 griviece single purchase no proper response shopzilla
5,solved problem thank
5,please pack order carefully
5,please remove return exchange fees plus members atleast shop alot products may need returned exchange due sellers fault size issue please charge valuable customers return exchange no website app shopzilla continues simply lose valuable customers switch websites apps no return exchange fees shop securely without second thought losing hard earn money
5,extremely happy
5,excellent shopzilla customer support
5,thanks shopzilla
5,good job
5,good
3,pls solve issue
4,advise delivery system ensure implementation policy condition delivery
5,thanks
1,came know shopzilla ability send order confirmation email order placed outrageous e commerce gaint unable provide customer reps asking login shopzilla account check orders
5,solve problems
5,thanks solving problem quickly
5,
5,shopzilla customers helpfull thanks shopzilla team
2,bad
1,get appropriate resolutions promised refund
5,good
5,think ok right
5,good information
5,good job
5,good
5,lot difference saying
5,baat karke h
1,delivery partners
5,good service
5,good
1,pickup still pending
5,thank
5,well response
4,good
5,thank
5,good
3,problem not solve please solve
4,great
5,order tu let
1,coustomer executive must empowered solve queries not passing time giving us information already available app not advance answer shopzilla paying coustomer executive free cost not working sitting telling sorry thank
1,received wrong product fraud want right product back money back soon possible
5,good
5,give exactlytiming app order dilivery
1,return experience poor
5,need emi updates purchased bank credit card shopzilla like shopzilla pay later emi need shopzilla credit card emi updates
5,miss surabhi solve issue thanks surabhi solving great person insta link
1,make faster get resolution product damage
5,person politely behaviour
5,strictly action delivery agent misbehavieour
1,hiii
5,good aap se bat kr kr
5,great
5,keep shopzilla services huge help solved shopzilla service like thnku lot good day
4,question fast delivery
2,help
5,overall good
4,product correct product check facility delivery getting wrong product facing problems refund
5,good
5,yes
5,nice
5,nice
5,nice
5,nothing advisable
5,discussed ms regrading flexibility item discuss work thanks good service
4,option add gst order placed take gst applicability products order gst applicable splitting order backend giving suggestion b4 order completion
5,good solve problem
5,nice
1,
1,bahut hi kharab product peace wrong product wrong size
5,thank help
5,good talking customer executive
4,issue not resolved
5,imporve time duration application processed
5,happy
5,thanks
5,improve service talking shopzilla delivery agent canceling product without permission end getting poor service day day
1,poor
5,good
5,okk
5,good
5,must say today interaction best interaction ever feel compare good highly appreciate professional skills shows best ever talk agent till thanks best keep good work
5,behaviour customer executive helpful
5,good
5,customer support ne bahut acche se treat bahut acchi person hai uneke liye 5 star se bhi koi star ho shopzilla please ka kasht kare ghanyawaad
5,ok
5,nil
5,bad
4,make best efforts resolve problem customers earliest
1,no salution
1,need refund money
1,size issue helmet no refund option
5,nice
5,delivered time want
5,happy customer service
5,happy
5,good
5,tq
5,good
5,coustomer care resolve issue thanks shopzilla
5,service related matters excellent far present issue something went wrong executing responsibity pick returned product sorry report product still us unpicked first ever experience reputed hope matter solved immediately support co operation attending problem appreciable thank
5,good
5,thank
5,please resolve problems earlier shopzilla
4,good
5,thanks support provided customer care executive
5,no comments
5,nice
3,see option option download invoice
5,without information product cancelled delivery station
5,good
5,quality design clothes even better line
5,happy
1,har customer se krna hi achha hota h
5,good
5,impressed executive support
5,phle mujhe thori problem thi return hone problem ab solve ho gyi h
5,right
5,customer support awesome prompt response
1,effort done website issue resolved
5,service unbelievable likh raha call kat jaraha h ye number par 18008433030 par
5,tnax
1,invoice problem not solved
5,nicely behaviour
3,querry still not solved
5,everything fine
5,nice
5,excellent customer care
5,good
5,nice
1,bonus supercoins not yet credited still pending
5,no
5,good
1,shopzilla pay later kyc not working
5,good customer service
5,thankyou much mamyou genius not faithable
5,thank much sir
5,good
1,bad support no info givven
5,person job well like way requesting take mybtime help mee
5,im
5,verry good sport
5,wonderful service great communication skills
5,excellent
5,make shopzilla paylater accept kind amount like minimum due instead making customer pay entire amount
4,wow
5,good
5,happy team
1,bad sarvice back cover not return
3,ghatiya
5,aap thik rahein thi aapki
5,costomer help executive humble understand problem
5,happy deepak talks politely
5,improve delivery service delivery boys not taking manner thanks
5,ok
5,nyc
1,received damaged product
5,communication easy connect thank
5,good
5,customer support sister good communication also good fixed problem
5,good customer executive well behaviour
5,please products no returns policy kindly appoint genuine seller not scammer shopzilla
5,good
1,j pa p
1,customer support se baat karke achcha
5,good talk
5,happy
5,good understanding
5,nice person
5,support good
5,
5,support executive behaviour good
1,thank coustomer care problem resolved
5,best
5,thank response
5,plese help
5,v good
5,nice
5,good quality product deliverd suport exicutive verry good
5,overall good
5,please hire dedicated courior person
5,good
5,way executive handled situation nice appreciate patience
5,satisfied
5,satisfactory
5,like product option return restrict returns picture display product different real product
5,good
5,lovely communication
5,good
5,sellers cancel order stating false reasons blacklisted shopzilla
4,thanks sir
5,ok
5,best
3,call disconnected dod not receive call back
5,thanks help hope connected future forever
1,bad delivery service
1,give perfect warranty customer product
1,return order
5,kindly refund payment
5,dedicated customer care helpline kept available plus premium plus customers
1,problem not result
1,happy
1,sound quality bad
5,thanks help sir best luck sir
5,na
5,nice job
5,u2019s good
5,nice
5,thank much help good guy always need customer support help
5,super job
1,shopzilla service much poor
5,nice work
5,best person
5,improve delivery pickup service
5,give not replacement option also refund option
5,hello
5,customer executive polite understand query well
5,good person shopzilla customer service love
1,bad service
5,happy feeling relaxed talking nka maaam helped lot suffering health issues shopzilla product issue helped return product helped various ways
5,good
5,excellent
1,redused timing call tack back history call complete rajester
5,happy customer executive
5,nothing felt good communication nd issue solved ragarding purchase dress thnx
5,excellent performance
5,outstanding good behaviour
4,costmor se baat karna sahi se aata
5,nicev
5,good
3,nice
5,good
2,good work
1,bad customer care service never use app life fraudulent name policy thing
1,customer support responses really worse
5,dont solved
5,thanks shopzilla
5,good
5,muje baat kar ke bahut aap se aap thanks
1,refund not initiated mama earth product
5,issue solved happy happy rakshabandhan shopzilla family members
5,nice
5,kindly advise seller mention product description image showing product
5,happy
4,good
5,ok
1,bad service item not received without otp item devilived status
4,ok
5,people trust shopzilla please not allow spam dealers people not help customer quary people froad
5,no
5,awsm
5,no try improve return policies
4,okay
5,ok
5,good
5,please retain customer otherwise loose customer agent good resolved problem minute
5,thenkyou
3,
5,prevent issues genuinity products listed sold
5,good
5,best
5,thanx
5,good
5,offer
1,nice feedback
5,good service support sir
5,clear problem thanks shopzilla
1,bad service
1,customer care guy supervisors not authority anything customer no point customer reaching aforementioned customer care agent
5,good problem solved
5,trough shopzilla app refunding policy easier stepwise successful customer need not communicate customer care return refund must 100 feasible app
5,supported team customer executive good
5,need improve proper details
